Using launch settings from D:\Univer\Nam_4\VB\Demo-Saga\Onion.CleanArchitecture\Onion.CleanArchitecture.WebApp.Server\Properties\launchSettings.json...
Building...
info: Microsoft.EntityFrameworkCore.Database.Command[20101]
      Executed DbCommand (84ms) [Parameters=[], CommandType='Text', CommandTimeout='30']
      SELECT "MigrationId", "ProductVersion"
      FROM "__EFMigrationsHistory"
      ORDER BY "MigrationId";
info: Microsoft.EntityFrameworkCore.Database.Command[20101]
      Executed DbCommand (18ms) [Parameters=[], CommandType='Text', CommandTimeout='30']
      SELECT 1
info: Microsoft.EntityFrameworkCore.Database.Command[20101]
      Executed DbCommand (22ms) [Parameters=[], CommandType='Text', CommandTimeout='30']
      CREATE TABLE IF NOT EXISTS "__EFMigrationsHistory" (
          "MigrationId" character varying(150) NOT NULL,
          "ProductVersion" character varying(32) NOT NULL,
          CONSTRAINT "PK___EFMigrationsHistory" PRIMARY KEY ("MigrationId")
      );
info: Microsoft.EntityFrameworkCore.Database.Command[20101]
      Executed DbCommand (1ms) [Parameters=[], CommandType='Text', CommandTimeout='30']
      LOCK TABLE "__EFMigrationsHistory" IN ACCESS EXCLUSIVE MODE
info: Microsoft.EntityFrameworkCore.Database.Command[20101]
      Executed DbCommand (5ms) [Parameters=[], CommandType='Text', CommandTimeout='30']
      SELECT "MigrationId", "ProductVersion"
      FROM "__EFMigrationsHistory"
      ORDER BY "MigrationId";
info: Microsoft.EntityFrameworkCore.Migrations[20405]
      No migrations were applied. The database is already up to date.
info: Microsoft.EntityFrameworkCore.Database.Command[20101]
      Executed DbCommand (2ms) [Parameters=[], CommandType='Text', CommandTimeout='30']
      SELECT "MigrationId", "ProductVersion"
      FROM "__EFMigrationsHistory"
      ORDER BY "MigrationId";
info: Microsoft.EntityFrameworkCore.Database.Command[20101]
      Executed DbCommand (1ms) [Parameters=[], CommandType='Text', CommandTimeout='30']
      SELECT 1
info: Microsoft.EntityFrameworkCore.Database.Command[20101]
      Executed DbCommand (1ms) [Parameters=[], CommandType='Text', CommandTimeout='30']
      CREATE TABLE IF NOT EXISTS "__EFMigrationsHistory" (
          "MigrationId" character varying(150) NOT NULL,
          "ProductVersion" character varying(32) NOT NULL,
          CONSTRAINT "PK___EFMigrationsHistory" PRIMARY KEY ("MigrationId")
      );
info: Microsoft.EntityFrameworkCore.Database.Command[20101]
      Executed DbCommand (1ms) [Parameters=[], CommandType='Text', CommandTimeout='30']
      LOCK TABLE "__EFMigrationsHistory" IN ACCESS EXCLUSIVE MODE
info: Microsoft.EntityFrameworkCore.Database.Command[20101]
      Executed DbCommand (1ms) [Parameters=[], CommandType='Text', CommandTimeout='30']
      SELECT "MigrationId", "ProductVersion"
      FROM "__EFMigrationsHistory"
      ORDER BY "MigrationId";
info: Microsoft.EntityFrameworkCore.Migrations[20405]
      No migrations were applied. The database is already up to date.
info: Microsoft.EntityFrameworkCore.Database.Command[20101]
      Executed DbCommand (45ms) [Parameters=[@normalizedName='?'], CommandType='Text', CommandTimeout='30']
      SELECT r."Id", r."ConcurrencyStamp", r."Name", r."NormalizedName"
      FROM "Identity"."Role" AS r
      WHERE r."NormalizedName" = @normalizedName
      LIMIT 1
warn: Microsoft.AspNetCore.Identity.RoleManager[0]
      Role 7d669c6b-47dc-42eb-a0b1-4b28db729d82 validation failed: DuplicateRoleName.
info: Microsoft.EntityFrameworkCore.Database.Command[20101]
      Executed DbCommand (2ms) [Parameters=[@normalizedName='?'], CommandType='Text', CommandTimeout='30']
      SELECT r."Id", r."ConcurrencyStamp", r."Name", r."NormalizedName"
      FROM "Identity"."Role" AS r
      WHERE r."NormalizedName" = @normalizedName
      LIMIT 1
warn: Microsoft.AspNetCore.Identity.RoleManager[0]
      Role 8118cfe2-1391-490c-b620-6b96f8828d57 validation failed: DuplicateRoleName.
info: Microsoft.EntityFrameworkCore.Database.Command[20101]
      Executed DbCommand (6ms) [Parameters=[@normalizedName='?'], CommandType='Text', CommandTimeout='30']
      SELECT r."Id", r."ConcurrencyStamp", r."Name", r."NormalizedName"
      FROM "Identity"."Role" AS r
      WHERE r."NormalizedName" = @normalizedName
      LIMIT 1
warn: Microsoft.AspNetCore.Identity.RoleManager[0]
      Role a2037236-018e-48c4-b5bd-951e81191ad0 validation failed: DuplicateRoleName.
info: Microsoft.EntityFrameworkCore.Database.Command[20101]
      Executed DbCommand (5ms) [Parameters=[@normalizedName='?'], CommandType='Text', CommandTimeout='30']
      SELECT r."Id", r."ConcurrencyStamp", r."Name", r."NormalizedName"
      FROM "Identity"."Role" AS r
      WHERE r."NormalizedName" = @normalizedName
      LIMIT 1
warn: Microsoft.AspNetCore.Identity.RoleManager[0]
      Role ef885942-28f7-4778-a398-5c986fdb1266 validation failed: DuplicateRoleName.
info: Microsoft.EntityFrameworkCore.Database.Command[20101]
      Executed DbCommand (17ms) [Parameters=[@normalizedEmail='?'], CommandType='Text', CommandTimeout='30']
      SELECT u."Id", u."AccessFailedCount", u."ConcurrencyStamp", u."Email", u."EmailConfirmed", u."FirstName", u."LastName", u."LockoutEnabled", u."LockoutEnd", u."NormalizedEmail", u."NormalizedUserName", u."PasswordHash", u."PhoneNumber", u."PhoneNumberConfirmed", u."SecurityStamp", u."TwoFactorEnabled", u."UserName"
      FROM "Identity"."User" AS u
      WHERE u."NormalizedEmail" = @normalizedEmail
      LIMIT 2
info: Microsoft.EntityFrameworkCore.Database.Command[20101]
      Executed DbCommand (7ms) [Parameters=[@normalizedUserName='?'], CommandType='Text', CommandTimeout='30']
      SELECT u."Id", u."AccessFailedCount", u."ConcurrencyStamp", u."Email", u."EmailConfirmed", u."FirstName", u."LastName", u."LockoutEnabled", u."LockoutEnd", u."NormalizedEmail", u."NormalizedUserName", u."PasswordHash", u."PhoneNumber", u."PhoneNumberConfirmed", u."SecurityStamp", u."TwoFactorEnabled", u."UserName"
      FROM "Identity"."User" AS u
      WHERE u."NormalizedUserName" = @normalizedUserName
      LIMIT 1
info: Microsoft.EntityFrameworkCore.Database.Command[20101]
      Executed DbCommand (14ms) [Parameters=[@p16='?', @p0='?' (DbType = Int32), @p1='?', @p17='?', @p2='?', @p3='?' (DbType = Boolean), @p4='?', @p5='?', @p6='?' (DbType = Boolean), @p7='?' (DbType = DateTime), @p8='?', @p9='?', @p10='?', @p11='?', @p12='?' (DbType = Boolean), @p13='?', @p14='?' (DbType = Boolean), @p15='?'], CommandType='Text', CommandTimeout='30']
      UPDATE "Identity"."User" SET "AccessFailedCount" = @p0, "ConcurrencyStamp" = @p1, "Email" = @p2, "EmailConfirmed" = @p3, "FirstName" = @p4, "LastName" = @p5, "LockoutEnabled" = @p6, "LockoutEnd" = @p7, "NormalizedEmail" = @p8, "NormalizedUserName" = @p9, "PasswordHash" = @p10, "PhoneNumber" = @p11, "PhoneNumberConfirmed" = @p12, "SecurityStamp" = @p13, "TwoFactorEnabled" = @p14, "UserName" = @p15
      WHERE "Id" = @p16 AND "ConcurrencyStamp" = @p17;
info: Microsoft.EntityFrameworkCore.Database.Command[20101]
      Executed DbCommand (3ms) [Parameters=[@normalizedRoleName='?'], CommandType='Text', CommandTimeout='30']
      SELECT r."Id", r."ConcurrencyStamp", r."Name", r."NormalizedName"
      FROM "Identity"."Role" AS r
      WHERE r."NormalizedName" = @normalizedRoleName
      LIMIT 2
info: Microsoft.EntityFrameworkCore.Database.Command[20101]
      Executed DbCommand (13ms) [Parameters=[@p='?', @p1='?'], CommandType='Text', CommandTimeout='30']
      SELECT u."UserId", u."RoleId"
      FROM "Identity"."UserRoles" AS u
      WHERE u."UserId" = @p AND u."RoleId" = @p1
      LIMIT 1
info: Microsoft.EntityFrameworkCore.Database.Command[20101]
      Executed DbCommand (6ms) [Parameters=[@normalizedName='?'], CommandType='Text', CommandTimeout='30']
      SELECT r."Id", r."ConcurrencyStamp", r."Name", r."NormalizedName"
      FROM "Identity"."Role" AS r
      WHERE r."NormalizedName" = @normalizedName
      LIMIT 1
info: Microsoft.EntityFrameworkCore.Database.Command[20101]
      Executed DbCommand (9ms) [Parameters=[@role_Id='?'], CommandType='Text', CommandTimeout='30']
      SELECT r."ClaimType", r."ClaimValue"
      FROM "Identity"."RoleClaims" AS r
      WHERE r."RoleId" = @role_Id
info: Microsoft.EntityFrameworkCore.Database.Command[20101]
      Executed DbCommand (3ms) [Parameters=[@defaultUser_Id='?'], CommandType='Text', CommandTimeout='30']
      SELECT NOT EXISTS (
          SELECT 1
          FROM "Identity"."User" AS u
          WHERE u."Id" = @defaultUser_Id)
info: Microsoft.EntityFrameworkCore.Database.Command[20101]
      Executed DbCommand (3ms) [Parameters=[@normalizedEmail='?'], CommandType='Text', CommandTimeout='30']
      SELECT u."Id", u."AccessFailedCount", u."ConcurrencyStamp", u."Email", u."EmailConfirmed", u."FirstName", u."LastName", u."LockoutEnabled", u."LockoutEnd", u."NormalizedEmail", u."NormalizedUserName", u."PasswordHash", u."PhoneNumber", u."PhoneNumberConfirmed", u."SecurityStamp", u."TwoFactorEnabled", u."UserName"
      FROM "Identity"."User" AS u
      WHERE u."NormalizedEmail" = @normalizedEmail
      LIMIT 2
[10:21:42 INF] Hoàn thành khởi tạo dữ liệu mặc định
[10:21:42 INF] BẮT ĐẦU KHỞI TẠO DỮ LIỆU MẪU
info: MassTransit.SqlTransport.SqlTransportMigrationHostedService[0]
      MassTransit SQL Transport creating database LearnSaga
info: MassTransit.SqlTransport.SqlTransportMigrationHostedService[0]
      MassTransit SQL Transport creating schema for database LearnSaga
info: MassTransit.SqlTransport.SqlTransportMigrationHostedService[0]
      MassTransit SQL Transport creating infrastructure for database LearnSaga
info: Onion.CleanArchitecture.WebApp.Server.Services.MicroserviceLauncherHostedService[0]
      [Launcher] Started OrderSubmitService (PID 9984)
info: Onion.CleanArchitecture.WebApp.Server.Services.MicroserviceLauncherHostedService[0]
      [Launcher] Started OrderOrchestration (PID 8172)
info: Onion.CleanArchitecture.WebApp.Server.Services.MicroserviceLauncherHostedService[0]
      [Launcher] Started OrderAcceptService (PID 6912)
info: Onion.CleanArchitecture.WebApp.Server.Services.MicroserviceLauncherHostedService[0]
      [Launcher] Started OrderCompleteService (PID 29060)
info: Onion.CleanArchitecture.WebApp.Server.Services.MicroserviceLauncherHostedService[0]
      [Launcher] Started NotificationService (PID 5248)
info: Microsoft.Hosting.Lifetime[14]
      Now listening on: https://localhost:7058
info: Microsoft.Hosting.Lifetime[14]
      Now listening on: http://localhost:5220
info: Microsoft.Hosting.Lifetime[0]
      Application started. Press Ctrl+C to shut down.
info: Microsoft.Hosting.Lifetime[0]
      Hosting environment: Development
info: Microsoft.Hosting.Lifetime[0]
      Content root path: D:\Univer\Nam_4\VB\Demo-Saga\Onion.CleanArchitecture\Onion.CleanArchitecture.WebApp.Server
info: MassTransit[0]
      Bus started: db://localhost/
info: Onion.CleanArchitecture.WebApp.Server.Services.MicroserviceLauncherHostedService[0]
      [NotificationService] Using launch settings from D:\Univer\Nam_4\VB\Demo-Saga\NotificationService\Properties\launchSettings.json...
info: Onion.CleanArchitecture.WebApp.Server.Services.MicroserviceLauncherHostedService[0]
      [NotificationService] Building...
info: Onion.CleanArchitecture.WebApp.Server.Services.MicroserviceLauncherHostedService[0]
      [NotificationService] info: MassTransit[0]
info: Onion.CleanArchitecture.WebApp.Server.Services.MicroserviceLauncherHostedService[0]
      [NotificationService]       Configured endpoint notification-queue, Consumer: NotificationService.Consumers.OrderSubmitFailedConsumer
info: Onion.CleanArchitecture.WebApp.Server.Services.MicroserviceLauncherHostedService[0]
      [NotificationService] info: MassTransit[0]
info: Onion.CleanArchitecture.WebApp.Server.Services.MicroserviceLauncherHostedService[0]
      [NotificationService]       Configured endpoint notification-queue, Consumer: NotificationService.Consumers.OrderAcceptFailedConsumer
info: Onion.CleanArchitecture.WebApp.Server.Services.MicroserviceLauncherHostedService[0]
      [NotificationService] info: MassTransit[0]
info: Onion.CleanArchitecture.WebApp.Server.Services.MicroserviceLauncherHostedService[0]
      [NotificationService]       Configured endpoint notification-queue, Consumer: NotificationService.Consumers.OrderCompleteSuccessConsumer
info: Onion.CleanArchitecture.WebApp.Server.Services.MicroserviceLauncherHostedService[0]
      [NotificationService] info: MassTransit[0]
info: Onion.CleanArchitecture.WebApp.Server.Services.MicroserviceLauncherHostedService[0]
      [NotificationService]       Configured endpoint notification-queue, Consumer: NotificationService.Consumers.OrderCompleteFailedConsumer
info: Onion.CleanArchitecture.WebApp.Server.Services.MicroserviceLauncherHostedService[0]
      [NotificationService] info: MassTransit.SqlTransport.SqlTransportMigrationHostedService[0]
info: Onion.CleanArchitecture.WebApp.Server.Services.MicroserviceLauncherHostedService[0]
      [NotificationService]       MassTransit SQL Transport creating database LearnSaga
info: Onion.CleanArchitecture.WebApp.Server.Services.MicroserviceLauncherHostedService[0]
      [OrderSubmitService] info: MassTransit[0]
info: Onion.CleanArchitecture.WebApp.Server.Services.MicroserviceLauncherHostedService[0]
      [OrderSubmitService]       Configured endpoint order-validation-queue, Consumer: OrderSubmitService.OrderSubmitConsumer
info: Onion.CleanArchitecture.WebApp.Server.Services.MicroserviceLauncherHostedService[0]
      [OrderOrchestration] warn: Microsoft.EntityFrameworkCore.Model.Validation[10620]
info: Onion.CleanArchitecture.WebApp.Server.Services.MicroserviceLauncherHostedService[0]
      [OrderOrchestration]       The property 'OrderState.Items' is a collection or enumeration type with a value converter but with no value comparer. Set a value comparer to ensure the collection/enumeration elements are compared correctly.
info: Onion.CleanArchitecture.WebApp.Server.Services.MicroserviceLauncherHostedService[0]
      [OrderSubmitService] info: MassTransit.SqlTransport.SqlTransportMigrationHostedService[0]
info: Onion.CleanArchitecture.WebApp.Server.Services.MicroserviceLauncherHostedService[0]
      [OrderSubmitService]       MassTransit SQL Transport creating database LearnSaga
info: Onion.CleanArchitecture.WebApp.Server.Services.MicroserviceLauncherHostedService[0]
      [OrderSubmitService] info: MassTransit.SqlTransport.SqlTransportMigrationHostedService[0]
info: Onion.CleanArchitecture.WebApp.Server.Services.MicroserviceLauncherHostedService[0]
      [OrderSubmitService]       MassTransit SQL Transport creating schema for database LearnSaga
info: Onion.CleanArchitecture.WebApp.Server.Services.MicroserviceLauncherHostedService[0]
      [NotificationService] info: MassTransit.SqlTransport.SqlTransportMigrationHostedService[0]
info: Onion.CleanArchitecture.WebApp.Server.Services.MicroserviceLauncherHostedService[0]
      [NotificationService]       MassTransit SQL Transport creating schema for database LearnSaga
info: Onion.CleanArchitecture.WebApp.Server.Services.MicroserviceLauncherHostedService[0]
      [OrderSubmitService] info: MassTransit.SqlTransport.SqlTransportMigrationHostedService[0]
info: Onion.CleanArchitecture.WebApp.Server.Services.MicroserviceLauncherHostedService[0]
      [OrderSubmitService]       MassTransit SQL Transport creating infrastructure for database LearnSaga
info: Onion.CleanArchitecture.WebApp.Server.Services.MicroserviceLauncherHostedService[0]
      [NotificationService] info: MassTransit.SqlTransport.SqlTransportMigrationHostedService[0]
info: Onion.CleanArchitecture.WebApp.Server.Services.MicroserviceLauncherHostedService[0]
      [NotificationService]       MassTransit SQL Transport creating infrastructure for database LearnSaga
info: Onion.CleanArchitecture.WebApp.Server.Services.MicroserviceLauncherHostedService[0]
      [OrderSubmitService] info: Microsoft.Hosting.Lifetime[0]
info: Onion.CleanArchitecture.WebApp.Server.Services.MicroserviceLauncherHostedService[0]
      [OrderSubmitService]       Application started. Press Ctrl+C to shut down.
info: Onion.CleanArchitecture.WebApp.Server.Services.MicroserviceLauncherHostedService[0]
      [OrderSubmitService] info: Microsoft.Hosting.Lifetime[0]
info: Onion.CleanArchitecture.WebApp.Server.Services.MicroserviceLauncherHostedService[0]
      [OrderSubmitService]       Hosting environment: Production
info: Onion.CleanArchitecture.WebApp.Server.Services.MicroserviceLauncherHostedService[0]
      [OrderSubmitService] info: Microsoft.Hosting.Lifetime[0]
info: Onion.CleanArchitecture.WebApp.Server.Services.MicroserviceLauncherHostedService[0]
      [OrderSubmitService]       Content root path: D:\Univer\Nam_4\VB\Demo-Saga\OrderSubmitService
info: Onion.CleanArchitecture.WebApp.Server.Services.MicroserviceLauncherHostedService[0]
      [NotificationService] fail: Microsoft.Extensions.Hosting.Internal.Host[11]
info: Onion.CleanArchitecture.WebApp.Server.Services.MicroserviceLauncherHostedService[0]
      [NotificationService]       Hosting failed to start
info: Onion.CleanArchitecture.WebApp.Server.Services.MicroserviceLauncherHostedService[0]
      [NotificationService]       Npgsql.PostgresException (0x80004005): XX000: tuple concurrently updated
info: Onion.CleanArchitecture.WebApp.Server.Services.MicroserviceLauncherHostedService[0]
      [NotificationService]          at Npgsql.Internal.NpgsqlConnector.ReadMessageLong(Boolean async, DataRowLoadingMode dataRowLoadingMode, Boolean readingNotifications, Boolean isReadingPrependedMessage)
info: Onion.CleanArchitecture.WebApp.Server.Services.MicroserviceLauncherHostedService[0]
      [NotificationService]          at System.Runtime.CompilerServices.PoolingAsyncValueTaskMethodBuilder`1.StateMachineBox`1.System.Threading.Tasks.Sources.IValueTaskSource<TResult>.GetResult(Int16 token)
info: Onion.CleanArchitecture.WebApp.Server.Services.MicroserviceLauncherHostedService[0]
      [NotificationService]          at Npgsql.NpgsqlDataReader.NextResult(Boolean async, Boolean isConsuming, CancellationToken cancellationToken)
info: Onion.CleanArchitecture.WebApp.Server.Services.MicroserviceLauncherHostedService[0]
      [NotificationService]          at Npgsql.NpgsqlDataReader.NextResult(Boolean async, Boolean isConsuming, CancellationToken cancellationToken)
info: Onion.CleanArchitecture.WebApp.Server.Services.MicroserviceLauncherHostedService[0]
      [NotificationService]          at Npgsql.NpgsqlCommand.ExecuteReader(Boolean async, CommandBehavior behavior, CancellationToken cancellationToken)
info: Onion.CleanArchitecture.WebApp.Server.Services.MicroserviceLauncherHostedService[0]
      [NotificationService]          at Npgsql.NpgsqlCommand.ExecuteReader(Boolean async, CommandBehavior behavior, CancellationToken cancellationToken)
info: Onion.CleanArchitecture.WebApp.Server.Services.MicroserviceLauncherHostedService[0]
      [NotificationService]          at Npgsql.NpgsqlCommand.ExecuteScalar(Boolean async, CancellationToken cancellationToken)
info: Onion.CleanArchitecture.WebApp.Server.Services.MicroserviceLauncherHostedService[0]
      [NotificationService]          at Dapper.SqlMapper.ExecuteScalarImplAsync[T](IDbConnection cnn, CommandDefinition command) in /_/Dapper/SqlMapper.Async.cs:line 1241
info: Onion.CleanArchitecture.WebApp.Server.Services.MicroserviceLauncherHostedService[0]
      [NotificationService]          at MassTransit.SqlTransport.PostgreSql.PostgresDatabaseMigrator.CreateInfrastructure(SqlTransportOptions options, CancellationToken cancellationToken) in /_/src/Transports/MassTransit.SqlTransport.PostgreSql/SqlTransport/PostgreSql/PostgresDatabaseMigrator.cs:line 1480
info: Onion.CleanArchitecture.WebApp.Server.Services.MicroserviceLauncherHostedService[0]
      [NotificationService]          at MassTransit.SqlTransport.PostgreSql.PostgresDatabaseMigrator.CreateInfrastructure(SqlTransportOptions options, CancellationToken cancellationToken) in /_/src/Transports/MassTransit.SqlTransport.PostgreSql/SqlTransport/PostgreSql/PostgresDatabaseMigrator.cs:line 1487
info: Onion.CleanArchitecture.WebApp.Server.Services.MicroserviceLauncherHostedService[0]
      [NotificationService]          at MassTransit.SqlTransport.PostgreSql.PostgresDatabaseMigrator.CreateInfrastructure(SqlTransportOptions options, CancellationToken cancellationToken) in /_/src/Transports/MassTransit.SqlTransport.PostgreSql/SqlTransport/PostgreSql/PostgresDatabaseMigrator.cs:line 1487
info: Onion.CleanArchitecture.WebApp.Server.Services.MicroserviceLauncherHostedService[0]
      [NotificationService]          at MassTransit.SqlTransport.SqlTransportMigrationHostedService.StartAsync(CancellationToken cancellationToken) in /_/src/MassTransit/SqlTransport/SqlTransport/SqlTransportMigrationHostedService.cs:line 47
info: Onion.CleanArchitecture.WebApp.Server.Services.MicroserviceLauncherHostedService[0]
      [NotificationService]          at Microsoft.Extensions.Hosting.Internal.Host.<StartAsync>b__14_1(IHostedService service, CancellationToken token)
info: Onion.CleanArchitecture.WebApp.Server.Services.MicroserviceLauncherHostedService[0]
      [NotificationService]          at Microsoft.Extensions.Hosting.Internal.Host.ForeachService[T](IEnumerable`1 services, CancellationToken token, Boolean concurrent, Boolean abortOnFirstException, List`1 exceptions, Func`3 operation)
info: Onion.CleanArchitecture.WebApp.Server.Services.MicroserviceLauncherHostedService[0]
      [NotificationService]         Exception data:
info: Onion.CleanArchitecture.WebApp.Server.Services.MicroserviceLauncherHostedService[0]
      [NotificationService]           Severity: ERROR
info: Onion.CleanArchitecture.WebApp.Server.Services.MicroserviceLauncherHostedService[0]
      [NotificationService]           SqlState: XX000
info: Onion.CleanArchitecture.WebApp.Server.Services.MicroserviceLauncherHostedService[0]
      [NotificationService]           MessageText: tuple concurrently updated
info: Onion.CleanArchitecture.WebApp.Server.Services.MicroserviceLauncherHostedService[0]
      [NotificationService]           File: heapam.c
info: Onion.CleanArchitecture.WebApp.Server.Services.MicroserviceLauncherHostedService[0]
      [NotificationService]           Line: 4509
info: Onion.CleanArchitecture.WebApp.Server.Services.MicroserviceLauncherHostedService[0]
      [NotificationService]           Routine: simple_heap_update
info: Onion.CleanArchitecture.WebApp.Server.Services.MicroserviceLauncherHostedService[0]
      [OrderAcceptService] info: MassTransit[0]
info: Onion.CleanArchitecture.WebApp.Server.Services.MicroserviceLauncherHostedService[0]
      [OrderAcceptService]       Configured endpoint order-accept-queue, Consumer: OrderAcceptService.OrderAcceptConsumer
info: Onion.CleanArchitecture.WebApp.Server.Services.MicroserviceLauncherHostedService[0]
      [NotificationService] warn: MassTransit[0]
info: Onion.CleanArchitecture.WebApp.Server.Services.MicroserviceLauncherHostedService[0]
      [NotificationService]       Failed to stop bus: db://localhost/WILL_NotificationService_bus_fttyyybbc7fj3n6zbdxxdihhrw?autodelete=300 (Not Started)
info: Onion.CleanArchitecture.WebApp.Server.Services.MicroserviceLauncherHostedService[0]
      [OrderAcceptService] info: MassTransit[0]
info: Onion.CleanArchitecture.WebApp.Server.Services.MicroserviceLauncherHostedService[0]
      [OrderAcceptService]       Configured endpoint order-cancel-queue, Consumer: OrderAcceptService.CancelOrderConsumer
info: Onion.CleanArchitecture.WebApp.Server.Services.MicroserviceLauncherHostedService[0]
      [OrderOrchestration] info: Microsoft.EntityFrameworkCore.Database.Command[20101]
info: Onion.CleanArchitecture.WebApp.Server.Services.MicroserviceLauncherHostedService[0]
      [OrderOrchestration]       Executed DbCommand (283ms) [Parameters=[], CommandType='Text', CommandTimeout='30']
info: Onion.CleanArchitecture.WebApp.Server.Services.MicroserviceLauncherHostedService[0]
      [OrderOrchestration]       SELECT "MigrationId", "ProductVersion"
info: Onion.CleanArchitecture.WebApp.Server.Services.MicroserviceLauncherHostedService[0]
      [OrderOrchestration]       FROM "__EFMigrationsHistory"
info: Onion.CleanArchitecture.WebApp.Server.Services.MicroserviceLauncherHostedService[0]
      [OrderOrchestration]       ORDER BY "MigrationId";
warn: Onion.CleanArchitecture.WebApp.Server.Services.MicroserviceLauncherHostedService[0]
      [NotificationService] Unhandled exception. Npgsql.PostgresException (0x80004005): XX000: tuple concurrently updated
warn: Onion.CleanArchitecture.WebApp.Server.Services.MicroserviceLauncherHostedService[0]
      [NotificationService]    at Npgsql.Internal.NpgsqlConnector.ReadMessageLong(Boolean async, DataRowLoadingMode dataRowLoadingMode, Boolean readingNotifications, Boolean isReadingPrependedMessage)
warn: Onion.CleanArchitecture.WebApp.Server.Services.MicroserviceLauncherHostedService[0]
      [NotificationService]    at System.Runtime.CompilerServices.PoolingAsyncValueTaskMethodBuilder`1.StateMachineBox`1.System.Threading.Tasks.Sources.IValueTaskSource<TResult>.GetResult(Int16 token)
warn: Onion.CleanArchitecture.WebApp.Server.Services.MicroserviceLauncherHostedService[0]
      [NotificationService]    at Npgsql.NpgsqlDataReader.NextResult(Boolean async, Boolean isConsuming, CancellationToken cancellationToken)
warn: Onion.CleanArchitecture.WebApp.Server.Services.MicroserviceLauncherHostedService[0]
      [NotificationService]    at Npgsql.NpgsqlDataReader.NextResult(Boolean async, Boolean isConsuming, CancellationToken cancellationToken)
warn: Onion.CleanArchitecture.WebApp.Server.Services.MicroserviceLauncherHostedService[0]
      [NotificationService]    at Npgsql.NpgsqlCommand.ExecuteReader(Boolean async, CommandBehavior behavior, CancellationToken cancellationToken)
warn: Onion.CleanArchitecture.WebApp.Server.Services.MicroserviceLauncherHostedService[0]
      [NotificationService]    at Npgsql.NpgsqlCommand.ExecuteReader(Boolean async, CommandBehavior behavior, CancellationToken cancellationToken)
warn: Onion.CleanArchitecture.WebApp.Server.Services.MicroserviceLauncherHostedService[0]
      [NotificationService]    at Npgsql.NpgsqlCommand.ExecuteScalar(Boolean async, CancellationToken cancellationToken)
warn: Onion.CleanArchitecture.WebApp.Server.Services.MicroserviceLauncherHostedService[0]
      [NotificationService]    at Dapper.SqlMapper.ExecuteScalarImplAsync[T](IDbConnection cnn, CommandDefinition command) in /_/Dapper/SqlMapper.Async.cs:line 1241
warn: Onion.CleanArchitecture.WebApp.Server.Services.MicroserviceLauncherHostedService[0]
      [NotificationService]    at MassTransit.SqlTransport.PostgreSql.PostgresDatabaseMigrator.CreateInfrastructure(SqlTransportOptions options, CancellationToken cancellationToken) in /_/src/Transports/MassTransit.SqlTransport.PostgreSql/SqlTransport/PostgreSql/PostgresDatabaseMigrator.cs:line 1480
warn: Onion.CleanArchitecture.WebApp.Server.Services.MicroserviceLauncherHostedService[0]
      [NotificationService]    at MassTransit.SqlTransport.PostgreSql.PostgresDatabaseMigrator.CreateInfrastructure(SqlTransportOptions options, CancellationToken cancellationToken) in /_/src/Transports/MassTransit.SqlTransport.PostgreSql/SqlTransport/PostgreSql/PostgresDatabaseMigrator.cs:line 1487
warn: Onion.CleanArchitecture.WebApp.Server.Services.MicroserviceLauncherHostedService[0]
      [NotificationService]    at MassTransit.SqlTransport.PostgreSql.PostgresDatabaseMigrator.CreateInfrastructure(SqlTransportOptions options, CancellationToken cancellationToken) in /_/src/Transports/MassTransit.SqlTransport.PostgreSql/SqlTransport/PostgreSql/PostgresDatabaseMigrator.cs:line 1487
warn: Onion.CleanArchitecture.WebApp.Server.Services.MicroserviceLauncherHostedService[0]
      [NotificationService]    at MassTransit.SqlTransport.SqlTransportMigrationHostedService.StartAsync(CancellationToken cancellationToken) in /_/src/MassTransit/SqlTransport/SqlTransport/SqlTransportMigrationHostedService.cs:line 47
warn: Onion.CleanArchitecture.WebApp.Server.Services.MicroserviceLauncherHostedService[0]
      [NotificationService]    at Microsoft.Extensions.Hosting.Internal.Host.<StartAsync>b__14_1(IHostedService service, CancellationToken token)
warn: Onion.CleanArchitecture.WebApp.Server.Services.MicroserviceLauncherHostedService[0]
      [NotificationService]    at Microsoft.Extensions.Hosting.Internal.Host.ForeachService[T](IEnumerable`1 services, CancellationToken token, Boolean concurrent, Boolean abortOnFirstException, List`1 exceptions, Func`3 operation)
warn: Onion.CleanArchitecture.WebApp.Server.Services.MicroserviceLauncherHostedService[0]
      [NotificationService]    at Microsoft.Extensions.Hosting.Internal.Host.StartAsync(CancellationToken cancellationToken)
warn: Onion.CleanArchitecture.WebApp.Server.Services.MicroserviceLauncherHostedService[0]
      [NotificationService]    at Microsoft.Extensions.Hosting.HostingAbstractionsHostExtensions.RunAsync(IHost host, CancellationToken token)
warn: Onion.CleanArchitecture.WebApp.Server.Services.MicroserviceLauncherHostedService[0]
      [NotificationService]    at Microsoft.Extensions.Hosting.HostingAbstractionsHostExtensions.RunAsync(IHost host, CancellationToken token)
warn: Onion.CleanArchitecture.WebApp.Server.Services.MicroserviceLauncherHostedService[0]
      [NotificationService]    at Microsoft.Extensions.Hosting.HostingAbstractionsHostExtensions.Run(IHost host)
warn: Onion.CleanArchitecture.WebApp.Server.Services.MicroserviceLauncherHostedService[0]
      [NotificationService]    at Program.<Main>$(String[] args) in D:\Univer\Nam_4\VB\Demo-Saga\NotificationService\Program.cs:line 85
warn: Onion.CleanArchitecture.WebApp.Server.Services.MicroserviceLauncherHostedService[0]
      [NotificationService]   Exception data:
warn: Onion.CleanArchitecture.WebApp.Server.Services.MicroserviceLauncherHostedService[0]
      [NotificationService]     Severity: ERROR
warn: Onion.CleanArchitecture.WebApp.Server.Services.MicroserviceLauncherHostedService[0]
      [NotificationService]     SqlState: XX000
warn: Onion.CleanArchitecture.WebApp.Server.Services.MicroserviceLauncherHostedService[0]
      [NotificationService]     MessageText: tuple concurrently updated
warn: Onion.CleanArchitecture.WebApp.Server.Services.MicroserviceLauncherHostedService[0]
      [NotificationService]     File: heapam.c
warn: Onion.CleanArchitecture.WebApp.Server.Services.MicroserviceLauncherHostedService[0]
      [NotificationService]     Line: 4509
warn: Onion.CleanArchitecture.WebApp.Server.Services.MicroserviceLauncherHostedService[0]
      [NotificationService]     Routine: simple_heap_update
info: Onion.CleanArchitecture.WebApp.Server.Services.MicroserviceLauncherHostedService[0]
      [OrderSubmitService] info: MassTransit[0]
info: Onion.CleanArchitecture.WebApp.Server.Services.MicroserviceLauncherHostedService[0]
      [OrderSubmitService]       Bus started: db://localhost/
info: Onion.CleanArchitecture.WebApp.Server.Services.MicroserviceLauncherHostedService[0]
      [OrderAcceptService] info: MassTransit.SqlTransport.SqlTransportMigrationHostedService[0]
info: Onion.CleanArchitecture.WebApp.Server.Services.MicroserviceLauncherHostedService[0]
      [OrderAcceptService]       MassTransit SQL Transport creating database LearnSaga
info: Onion.CleanArchitecture.WebApp.Server.Services.MicroserviceLauncherHostedService[0]
      [OrderOrchestration] info: Microsoft.EntityFrameworkCore.Database.Command[20101]
info: Onion.CleanArchitecture.WebApp.Server.Services.MicroserviceLauncherHostedService[0]
      [OrderOrchestration]       Executed DbCommand (7ms) [Parameters=[], CommandType='Text', CommandTimeout='30']
info: Onion.CleanArchitecture.WebApp.Server.Services.MicroserviceLauncherHostedService[0]
      [OrderOrchestration]       SELECT 1
info: Onion.CleanArchitecture.WebApp.Server.Services.MicroserviceLauncherHostedService[0]
      [OrderCompleteService] info: MassTransit[0]
info: Onion.CleanArchitecture.WebApp.Server.Services.MicroserviceLauncherHostedService[0]
      [OrderCompleteService]       Configured endpoint order-complete-queue, Consumer: OrderCompleteService.OrderCompleteConsumer
info: Onion.CleanArchitecture.WebApp.Server.Services.MicroserviceLauncherHostedService[0]
      [OrderOrchestration] info: Microsoft.EntityFrameworkCore.Database.Command[20101]
info: Onion.CleanArchitecture.WebApp.Server.Services.MicroserviceLauncherHostedService[0]
      [OrderOrchestration]       Executed DbCommand (9ms) [Parameters=[], CommandType='Text', CommandTimeout='30']
info: Onion.CleanArchitecture.WebApp.Server.Services.MicroserviceLauncherHostedService[0]
      [OrderOrchestration]       CREATE TABLE IF NOT EXISTS "__EFMigrationsHistory" (
info: Onion.CleanArchitecture.WebApp.Server.Services.MicroserviceLauncherHostedService[0]
      [OrderOrchestration]           "MigrationId" character varying(150) NOT NULL,
info: Onion.CleanArchitecture.WebApp.Server.Services.MicroserviceLauncherHostedService[0]
      [OrderOrchestration]           "ProductVersion" character varying(32) NOT NULL,
info: Onion.CleanArchitecture.WebApp.Server.Services.MicroserviceLauncherHostedService[0]
      [OrderOrchestration]           CONSTRAINT "PK___EFMigrationsHistory" PRIMARY KEY ("MigrationId")
info: Onion.CleanArchitecture.WebApp.Server.Services.MicroserviceLauncherHostedService[0]
      [OrderOrchestration]       );
info: Onion.CleanArchitecture.WebApp.Server.Services.MicroserviceLauncherHostedService[0]
      [OrderOrchestration] info: Microsoft.EntityFrameworkCore.Migrations[20411]
info: Onion.CleanArchitecture.WebApp.Server.Services.MicroserviceLauncherHostedService[0]
      [OrderOrchestration]       Acquiring an exclusive lock for migration application. See https://aka.ms/efcore-docs-migrations-lock for more information if this takes too long.
info: Onion.CleanArchitecture.WebApp.Server.Services.MicroserviceLauncherHostedService[0]
      [OrderOrchestration] info: Microsoft.EntityFrameworkCore.Database.Command[20101]
info: Onion.CleanArchitecture.WebApp.Server.Services.MicroserviceLauncherHostedService[0]
      [OrderOrchestration]       Executed DbCommand (1ms) [Parameters=[], CommandType='Text', CommandTimeout='30']
info: Onion.CleanArchitecture.WebApp.Server.Services.MicroserviceLauncherHostedService[0]
      [OrderOrchestration]       LOCK TABLE "__EFMigrationsHistory" IN ACCESS EXCLUSIVE MODE
info: Onion.CleanArchitecture.WebApp.Server.Services.MicroserviceLauncherHostedService[0]
      [OrderOrchestration] info: Microsoft.EntityFrameworkCore.Database.Command[20101]
info: Onion.CleanArchitecture.WebApp.Server.Services.MicroserviceLauncherHostedService[0]
      [OrderOrchestration]       Executed DbCommand (2ms) [Parameters=[], CommandType='Text', CommandTimeout='30']
info: Onion.CleanArchitecture.WebApp.Server.Services.MicroserviceLauncherHostedService[0]
      [OrderOrchestration]       SELECT "MigrationId", "ProductVersion"
info: Onion.CleanArchitecture.WebApp.Server.Services.MicroserviceLauncherHostedService[0]
      [OrderOrchestration]       FROM "__EFMigrationsHistory"
info: Onion.CleanArchitecture.WebApp.Server.Services.MicroserviceLauncherHostedService[0]
      [OrderOrchestration]       ORDER BY "MigrationId";
info: Onion.CleanArchitecture.WebApp.Server.Services.MicroserviceLauncherHostedService[0]
      [OrderCompleteService] info: MassTransit[0]
info: Onion.CleanArchitecture.WebApp.Server.Services.MicroserviceLauncherHostedService[0]
      [OrderCompleteService]       Configured endpoint order-release-inventory-queue, Consumer: OrderCompleteService.ReleaseInventoryConsumer
info: Onion.CleanArchitecture.WebApp.Server.Services.MicroserviceLauncherHostedService[0]
      [OrderOrchestration] info: Microsoft.EntityFrameworkCore.Migrations[20405]
info: Onion.CleanArchitecture.WebApp.Server.Services.MicroserviceLauncherHostedService[0]
      [OrderOrchestration]       No migrations were applied. The database is already up to date.
info: Onion.CleanArchitecture.WebApp.Server.Services.MicroserviceLauncherHostedService[0]
      [OrderAcceptService] info: MassTransit.SqlTransport.SqlTransportMigrationHostedService[0]
info: Onion.CleanArchitecture.WebApp.Server.Services.MicroserviceLauncherHostedService[0]
      [OrderAcceptService]       MassTransit SQL Transport creating schema for database LearnSaga
info: Onion.CleanArchitecture.WebApp.Server.Services.MicroserviceLauncherHostedService[0]
      [OrderCompleteService] info: MassTransit.SqlTransport.SqlTransportMigrationHostedService[0]
info: Onion.CleanArchitecture.WebApp.Server.Services.MicroserviceLauncherHostedService[0]
      [OrderCompleteService]       MassTransit SQL Transport creating database LearnSaga
info: Onion.CleanArchitecture.WebApp.Server.Services.MicroserviceLauncherHostedService[0]
      [OrderAcceptService] info: MassTransit.SqlTransport.SqlTransportMigrationHostedService[0]
info: Onion.CleanArchitecture.WebApp.Server.Services.MicroserviceLauncherHostedService[0]
      [OrderAcceptService]       MassTransit SQL Transport creating infrastructure for database LearnSaga
info: Onion.CleanArchitecture.WebApp.Server.Services.MicroserviceLauncherHostedService[0]
      [OrderAcceptService] info: Microsoft.Hosting.Lifetime[0]
info: Onion.CleanArchitecture.WebApp.Server.Services.MicroserviceLauncherHostedService[0]
      [OrderAcceptService]       Application started. Press Ctrl+C to shut down.
info: Onion.CleanArchitecture.WebApp.Server.Services.MicroserviceLauncherHostedService[0]
      [OrderAcceptService] info: Microsoft.Hosting.Lifetime[0]
info: Onion.CleanArchitecture.WebApp.Server.Services.MicroserviceLauncherHostedService[0]
      [OrderAcceptService]       Hosting environment: Production
info: Onion.CleanArchitecture.WebApp.Server.Services.MicroserviceLauncherHostedService[0]
      [OrderAcceptService] info: Microsoft.Hosting.Lifetime[0]
info: Onion.CleanArchitecture.WebApp.Server.Services.MicroserviceLauncherHostedService[0]
      [OrderAcceptService]       Content root path: D:\Univer\Nam_4\VB\Demo-Saga\OrderAcceptService
info: Onion.CleanArchitecture.WebApp.Server.Services.MicroserviceLauncherHostedService[0]
      [OrderCompleteService] info: MassTransit.SqlTransport.SqlTransportMigrationHostedService[0]
info: Onion.CleanArchitecture.WebApp.Server.Services.MicroserviceLauncherHostedService[0]
      [OrderCompleteService]       MassTransit SQL Transport creating schema for database LearnSaga
info: Onion.CleanArchitecture.WebApp.Server.Services.MicroserviceLauncherHostedService[0]
      [OrderAcceptService] info: OrderAcceptService.Services.TimerWatcherBackgroundService[0]
info: Onion.CleanArchitecture.WebApp.Server.Services.MicroserviceLauncherHostedService[0]
      [OrderAcceptService]       TimerWatcherBackgroundService đã khởi động.
info: Onion.CleanArchitecture.WebApp.Server.Services.MicroserviceLauncherHostedService[0]
      [OrderOrchestration] info: MassTransit[0]
info: Onion.CleanArchitecture.WebApp.Server.Services.MicroserviceLauncherHostedService[0]
      [OrderOrchestration]       Configured endpoint order-state, Saga: OrderOrchestration.OrderState, State Machine: OrderOrchestration.OrderSagaStateMachine
info: Onion.CleanArchitecture.WebApp.Server.Services.MicroserviceLauncherHostedService[0]
      [OrderCompleteService] info: MassTransit.SqlTransport.SqlTransportMigrationHostedService[0]
info: Onion.CleanArchitecture.WebApp.Server.Services.MicroserviceLauncherHostedService[0]
      [OrderCompleteService]       MassTransit SQL Transport creating infrastructure for database LearnSaga
info: Onion.CleanArchitecture.WebApp.Server.Services.MicroserviceLauncherHostedService[0]
      [OrderAcceptService] info: MassTransit[0]
info: Onion.CleanArchitecture.WebApp.Server.Services.MicroserviceLauncherHostedService[0]
      [OrderAcceptService]       Bus started: db://localhost/
info: Onion.CleanArchitecture.WebApp.Server.Services.MicroserviceLauncherHostedService[0]
      [OrderCompleteService] info: Microsoft.Hosting.Lifetime[0]
info: Onion.CleanArchitecture.WebApp.Server.Services.MicroserviceLauncherHostedService[0]
      [OrderCompleteService]       Application started. Press Ctrl+C to shut down.
info: Onion.CleanArchitecture.WebApp.Server.Services.MicroserviceLauncherHostedService[0]
      [OrderCompleteService] info: Microsoft.Hosting.Lifetime[0]
info: Onion.CleanArchitecture.WebApp.Server.Services.MicroserviceLauncherHostedService[0]
      [OrderCompleteService]       Hosting environment: Production
info: Onion.CleanArchitecture.WebApp.Server.Services.MicroserviceLauncherHostedService[0]
      [OrderCompleteService] info: Microsoft.Hosting.Lifetime[0]
info: Onion.CleanArchitecture.WebApp.Server.Services.MicroserviceLauncherHostedService[0]
      [OrderCompleteService]       Content root path: D:\Univer\Nam_4\VB\Demo-Saga\OrderCompleteService
info: Onion.CleanArchitecture.WebApp.Server.Services.MicroserviceLauncherHostedService[0]
      [OrderOrchestration] info: MassTransit.SqlTransport.SqlTransportMigrationHostedService[0]
info: Onion.CleanArchitecture.WebApp.Server.Services.MicroserviceLauncherHostedService[0]
      [OrderOrchestration]       MassTransit SQL Transport creating database LearnSaga
info: Onion.CleanArchitecture.WebApp.Server.Services.MicroserviceLauncherHostedService[0]
      [OrderCompleteService] info: MassTransit[0]
info: Onion.CleanArchitecture.WebApp.Server.Services.MicroserviceLauncherHostedService[0]
      [OrderCompleteService]       Bus started: db://localhost/
info: Onion.CleanArchitecture.WebApp.Server.Services.MicroserviceLauncherHostedService[0]
      [OrderOrchestration] info: MassTransit.SqlTransport.SqlTransportMigrationHostedService[0]
info: Onion.CleanArchitecture.WebApp.Server.Services.MicroserviceLauncherHostedService[0]
      [OrderOrchestration]       MassTransit SQL Transport creating schema for database LearnSaga
info: Onion.CleanArchitecture.WebApp.Server.Services.MicroserviceLauncherHostedService[0]
      [OrderOrchestration] info: MassTransit.SqlTransport.SqlTransportMigrationHostedService[0]
info: Onion.CleanArchitecture.WebApp.Server.Services.MicroserviceLauncherHostedService[0]
      [OrderOrchestration]       MassTransit SQL Transport creating infrastructure for database LearnSaga
info: Onion.CleanArchitecture.WebApp.Server.Services.MicroserviceLauncherHostedService[0]
      [OrderOrchestration] info: Microsoft.Hosting.Lifetime[0]
info: Onion.CleanArchitecture.WebApp.Server.Services.MicroserviceLauncherHostedService[0]
      [OrderOrchestration]       Application started. Press Ctrl+C to shut down.
info: Onion.CleanArchitecture.WebApp.Server.Services.MicroserviceLauncherHostedService[0]
      [OrderOrchestration] info: Microsoft.Hosting.Lifetime[0]
info: Onion.CleanArchitecture.WebApp.Server.Services.MicroserviceLauncherHostedService[0]
      [OrderOrchestration]       Hosting environment: Production
info: Onion.CleanArchitecture.WebApp.Server.Services.MicroserviceLauncherHostedService[0]
      [OrderOrchestration] info: Microsoft.Hosting.Lifetime[0]
info: Onion.CleanArchitecture.WebApp.Server.Services.MicroserviceLauncherHostedService[0]
      [OrderOrchestration]       Content root path: D:\Univer\Nam_4\VB\Demo-Saga\OrderOrchestration
info: Onion.CleanArchitecture.WebApp.Server.Services.MicroserviceLauncherHostedService[0]
      [OrderOrchestration] info: MassTransit[0]
info: Onion.CleanArchitecture.WebApp.Server.Services.MicroserviceLauncherHostedService[0]
      [OrderOrchestration]       Bus started: db://localhost/
info: Onion.CleanArchitecture.WebApp.Server.Services.MicroserviceLauncherHostedService[0]
      [OrderAcceptService] info: Microsoft.EntityFrameworkCore.Database.Command[20101]
info: Onion.CleanArchitecture.WebApp.Server.Services.MicroserviceLauncherHostedService[0]
      [OrderAcceptService]       Executed DbCommand (50ms) [Parameters=[@now='?' (DbType = DateTime)], CommandType='Text', CommandTimeout='30']
info: Onion.CleanArchitecture.WebApp.Server.Services.MicroserviceLauncherHostedService[0]
      [OrderAcceptService]       SELECT o."Id", o."CreatedAt", o."CreatedBy", o."LastModifiedAt", o."LastModifiedBy", o."OrderId", o."Status", o."Timeout", o."TimerId", o."TimerStatus"
info: Onion.CleanArchitecture.WebApp.Server.Services.MicroserviceLauncherHostedService[0]
      [OrderAcceptService]       FROM "OrderTimers" AS o
info: Onion.CleanArchitecture.WebApp.Server.Services.MicroserviceLauncherHostedService[0]
      [OrderAcceptService]       WHERE o."TimerStatus" = 1 AND o."Timeout" <= @now
info: Onion.CleanArchitecture.WebApp.Server.Services.MicroserviceLauncherHostedService[0]
      [OrderOrchestration] info: Microsoft.EntityFrameworkCore.Database.Command[20101]
info: Onion.CleanArchitecture.WebApp.Server.Services.MicroserviceLauncherHostedService[0]
      [OrderOrchestration]       Executed DbCommand (18ms) [Parameters=[p0='?' (DbType = Guid)], CommandType='Text', CommandTimeout='30']
info: Onion.CleanArchitecture.WebApp.Server.Services.MicroserviceLauncherHostedService[0]
      [OrderOrchestration]       SELECT o."CorrelationId", o."CreatedAt", o."CurrentState", o."CustomerId", o."ErrorReason", o."IsTimeout", o."Items", o."NeedReleaseInventory", o."TotalAmount"
info: Onion.CleanArchitecture.WebApp.Server.Services.MicroserviceLauncherHostedService[0]
      [OrderOrchestration]       FROM (
info: Onion.CleanArchitecture.WebApp.Server.Services.MicroserviceLauncherHostedService[0]
      [OrderOrchestration]           SELECT *, xmin FROM "OrderState" WHERE "CorrelationId" = @p0 FOR UPDATE
info: Onion.CleanArchitecture.WebApp.Server.Services.MicroserviceLauncherHostedService[0]
      [OrderOrchestration]       ) AS o
info: Onion.CleanArchitecture.WebApp.Server.Services.MicroserviceLauncherHostedService[0]
      [OrderOrchestration]       LIMIT 2
info: Onion.CleanArchitecture.WebApp.Server.Services.MicroserviceLauncherHostedService[0]
      [OrderOrchestration] info: Microsoft.EntityFrameworkCore.Database.Command[20101]
info: Onion.CleanArchitecture.WebApp.Server.Services.MicroserviceLauncherHostedService[0]
      [OrderOrchestration]       Executed DbCommand (3ms) [Parameters=[@p3='?' (DbType = Guid), @p0='?', @p1='?', @p2='?' (DbType = Boolean)], CommandType='Text', CommandTimeout='30']
info: Onion.CleanArchitecture.WebApp.Server.Services.MicroserviceLauncherHostedService[0]
      [OrderOrchestration]       UPDATE "OrderState" SET "CurrentState" = @p0, "ErrorReason" = @p1, "IsTimeout" = @p2
info: Onion.CleanArchitecture.WebApp.Server.Services.MicroserviceLauncherHostedService[0]
      [OrderOrchestration]       WHERE "CorrelationId" = @p3;
info: Onion.CleanArchitecture.WebApp.Server.Services.MicroserviceLauncherHostedService[0]
      [OrderOrchestration] info: Microsoft.EntityFrameworkCore.Database.Command[20101]
info: Onion.CleanArchitecture.WebApp.Server.Services.MicroserviceLauncherHostedService[0]
      [OrderOrchestration]       Executed DbCommand (2ms) [Parameters=[p0='?' (DbType = Guid)], CommandType='Text', CommandTimeout='30']
info: Onion.CleanArchitecture.WebApp.Server.Services.MicroserviceLauncherHostedService[0]
      [OrderOrchestration]       SELECT o."CorrelationId", o."CreatedAt", o."CurrentState", o."CustomerId", o."ErrorReason", o."IsTimeout", o."Items", o."NeedReleaseInventory", o."TotalAmount"
info: Onion.CleanArchitecture.WebApp.Server.Services.MicroserviceLauncherHostedService[0]
      [OrderOrchestration]       FROM (
info: Onion.CleanArchitecture.WebApp.Server.Services.MicroserviceLauncherHostedService[0]
      [OrderOrchestration]           SELECT *, xmin FROM "OrderState" WHERE "CorrelationId" = @p0 FOR UPDATE
info: Onion.CleanArchitecture.WebApp.Server.Services.MicroserviceLauncherHostedService[0]
      [OrderOrchestration]       ) AS o
info: Onion.CleanArchitecture.WebApp.Server.Services.MicroserviceLauncherHostedService[0]
      [OrderOrchestration]       LIMIT 2
info: Onion.CleanArchitecture.WebApp.Server.Services.MicroserviceLauncherHostedService[0]
      [OrderAcceptService] info: OrderAcceptService.CancelOrderConsumer[0]
info: Onion.CleanArchitecture.WebApp.Server.Services.MicroserviceLauncherHostedService[0]
      [OrderAcceptService]       Nhận CancelOrderCommand OrderId=45fb55da-aba9-4ec2-af72-fd479be0bd4e, Reason=Hết thời gian xử lý đơn hàng (auto timeout), bắt đầu bồi hoàn bước Accept.
info: Onion.CleanArchitecture.WebApp.Server.Services.MicroserviceLauncherHostedService[0]
      [OrderAcceptService] info: Microsoft.EntityFrameworkCore.Database.Command[20101]
info: Onion.CleanArchitecture.WebApp.Server.Services.MicroserviceLauncherHostedService[0]
      [OrderAcceptService]       Executed DbCommand (20ms) [Parameters=[@orderId='?' (DbType = Guid)], CommandType='Text', CommandTimeout='30']
info: Onion.CleanArchitecture.WebApp.Server.Services.MicroserviceLauncherHostedService[0]
      [OrderAcceptService]       SELECT o."Id", o."CompletedAt", o."CreatedAt", o."CreatedBy", o."CustomerId", o."IsReserved", o."LastModifiedAt", o."LastModifiedBy", o."Note", o."OrderCode", o."OrderId", o."RejectedAt", o."ShippingAddress", o."Status", o."TotalAmount", o."UpdatedAt"
info: Onion.CleanArchitecture.WebApp.Server.Services.MicroserviceLauncherHostedService[0]
      [OrderAcceptService]       FROM "Orders" AS o
info: Onion.CleanArchitecture.WebApp.Server.Services.MicroserviceLauncherHostedService[0]
      [OrderAcceptService]       WHERE o."OrderId" = @orderId
info: Onion.CleanArchitecture.WebApp.Server.Services.MicroserviceLauncherHostedService[0]
      [OrderAcceptService]       ORDER BY o."Id"
info: Onion.CleanArchitecture.WebApp.Server.Services.MicroserviceLauncherHostedService[0]
      [OrderAcceptService]       LIMIT 1
info: Onion.CleanArchitecture.WebApp.Server.Services.MicroserviceLauncherHostedService[0]
      [OrderAcceptService] info: Microsoft.EntityFrameworkCore.Database.Command[20101]
info: Onion.CleanArchitecture.WebApp.Server.Services.MicroserviceLauncherHostedService[0]
      [OrderAcceptService]       Executed DbCommand (9ms) [Parameters=[@orderId='?' (DbType = Guid)], CommandType='Text', CommandTimeout='30']
info: Onion.CleanArchitecture.WebApp.Server.Services.MicroserviceLauncherHostedService[0]
      [OrderAcceptService]       SELECT o0."Id", o0."CreatedAt", o0."CreatedBy", o0."LastModifiedAt", o0."LastModifiedBy", o0."OrderId", o0."OrderItemId", o0."ProductId", o0."ProductName", o0."Quantity", o0."UnitPrice", o1."Id"
info: Onion.CleanArchitecture.WebApp.Server.Services.MicroserviceLauncherHostedService[0]
      [OrderAcceptService]       FROM (
info: Onion.CleanArchitecture.WebApp.Server.Services.MicroserviceLauncherHostedService[0]
      [OrderAcceptService]           SELECT o."Id", o."OrderId"
info: Onion.CleanArchitecture.WebApp.Server.Services.MicroserviceLauncherHostedService[0]
      [OrderAcceptService]           FROM "Orders" AS o
info: Onion.CleanArchitecture.WebApp.Server.Services.MicroserviceLauncherHostedService[0]
      [OrderAcceptService]           WHERE o."OrderId" = @orderId
info: Onion.CleanArchitecture.WebApp.Server.Services.MicroserviceLauncherHostedService[0]
      [OrderAcceptService]           ORDER BY o."Id"
info: Onion.CleanArchitecture.WebApp.Server.Services.MicroserviceLauncherHostedService[0]
      [OrderAcceptService]           LIMIT 1
info: Onion.CleanArchitecture.WebApp.Server.Services.MicroserviceLauncherHostedService[0]
      [OrderAcceptService]       ) AS o1
info: Onion.CleanArchitecture.WebApp.Server.Services.MicroserviceLauncherHostedService[0]
      [OrderAcceptService]       INNER JOIN "OrderItems" AS o0 ON o1."OrderId" = o0."OrderId"
info: Onion.CleanArchitecture.WebApp.Server.Services.MicroserviceLauncherHostedService[0]
      [OrderAcceptService]       ORDER BY o1."Id"
info: Onion.CleanArchitecture.WebApp.Server.Services.MicroserviceLauncherHostedService[0]
      [OrderAcceptService] info: Microsoft.EntityFrameworkCore.Database.Command[20101]
info: Onion.CleanArchitecture.WebApp.Server.Services.MicroserviceLauncherHostedService[0]
      [OrderAcceptService]       Executed DbCommand (1ms) [Parameters=[@orderId='?' (DbType = Guid)], CommandType='Text', CommandTimeout='30']
info: Onion.CleanArchitecture.WebApp.Server.Services.MicroserviceLauncherHostedService[0]
      [OrderAcceptService]       SELECT o."Id", o."CreatedAt", o."CreatedBy", o."LastModifiedAt", o."LastModifiedBy", o."OrderId", o."Status", o."Timeout", o."TimerId", o."TimerStatus"
info: Onion.CleanArchitecture.WebApp.Server.Services.MicroserviceLauncherHostedService[0]
      [OrderAcceptService]       FROM "OrderTimers" AS o
info: Onion.CleanArchitecture.WebApp.Server.Services.MicroserviceLauncherHostedService[0]
      [OrderAcceptService]       WHERE o."OrderId" = @orderId AND o."TimerStatus" = 1
info: Onion.CleanArchitecture.WebApp.Server.Services.MicroserviceLauncherHostedService[0]
      [OrderAcceptService]       LIMIT 1
info: Onion.CleanArchitecture.WebApp.Server.Services.MicroserviceLauncherHostedService[0]
      [OrderOrchestration] info: Microsoft.EntityFrameworkCore.Database.Command[20101]
info: Onion.CleanArchitecture.WebApp.Server.Services.MicroserviceLauncherHostedService[0]
      [OrderOrchestration]       Executed DbCommand (47ms) [Parameters=[p0='?' (DbType = Guid)], CommandType='Text', CommandTimeout='30']
info: Onion.CleanArchitecture.WebApp.Server.Services.MicroserviceLauncherHostedService[0]
      [OrderOrchestration]       SELECT o."CorrelationId", o."CreatedAt", o."CurrentState", o."CustomerId", o."ErrorReason", o."IsTimeout", o."Items", o."NeedReleaseInventory", o."TotalAmount"
info: Onion.CleanArchitecture.WebApp.Server.Services.MicroserviceLauncherHostedService[0]
      [OrderOrchestration]       FROM (
info: Onion.CleanArchitecture.WebApp.Server.Services.MicroserviceLauncherHostedService[0]
      [OrderOrchestration]           SELECT *, xmin FROM "OrderState" WHERE "CorrelationId" = @p0 FOR UPDATE
info: Onion.CleanArchitecture.WebApp.Server.Services.MicroserviceLauncherHostedService[0]
      [OrderOrchestration]       ) AS o
info: Onion.CleanArchitecture.WebApp.Server.Services.MicroserviceLauncherHostedService[0]
      [OrderOrchestration]       LIMIT 2
info: Onion.CleanArchitecture.WebApp.Server.Services.MicroserviceLauncherHostedService[0]
      [OrderOrchestration] info: Microsoft.EntityFrameworkCore.Database.Command[20101]
info: Onion.CleanArchitecture.WebApp.Server.Services.MicroserviceLauncherHostedService[0]
      [OrderOrchestration]       Executed DbCommand (1ms) [Parameters=[@p1='?' (DbType = Guid), @p0='?'], CommandType='Text', CommandTimeout='30']
info: Onion.CleanArchitecture.WebApp.Server.Services.MicroserviceLauncherHostedService[0]
      [OrderOrchestration]       UPDATE "OrderState" SET "CurrentState" = @p0
info: Onion.CleanArchitecture.WebApp.Server.Services.MicroserviceLauncherHostedService[0]
      [OrderOrchestration]       WHERE "CorrelationId" = @p1;
info: Onion.CleanArchitecture.WebApp.Server.Services.MicroserviceLauncherHostedService[0]
      [OrderAcceptService] info: Microsoft.EntityFrameworkCore.Database.Command[20101]
info: Onion.CleanArchitecture.WebApp.Server.Services.MicroserviceLauncherHostedService[0]
      [OrderAcceptService]       Executed DbCommand (20ms) [Parameters=[@p14='?' (DbType = Int32), @p0='?' (DbType = DateTime), @p1='?' (DbType = DateTime), @p2='?', @p3='?', @p4='?' (DbType = Boolean), @p5='?' (DbType = DateTime), @p6='?', @p7='?', @p8='?', @p9='?' (DbType = DateTime), @p10='?', @p11='?' (DbType = Int32), @p12='?' (DbType = Decimal), @p13='?' (DbType = DateTime)], CommandType='Text', CommandTimeout='30']
info: Onion.CleanArchitecture.WebApp.Server.Services.MicroserviceLauncherHostedService[0]
      [OrderAcceptService]       UPDATE "Orders" SET "CompletedAt" = @p0, "CreatedAt" = @p1, "CreatedBy" = @p2, "CustomerId" = @p3, "IsReserved" = @p4, "LastModifiedAt" = @p5, "LastModifiedBy" = @p6, "Note" = @p7, "OrderCode" = @p8, "RejectedAt" = @p9, "ShippingAddress" = @p10, "Status" = @p11, "TotalAmount" = @p12, "UpdatedAt" = @p13
info: Onion.CleanArchitecture.WebApp.Server.Services.MicroserviceLauncherHostedService[0]
      [OrderAcceptService]       WHERE "Id" = @p14;
info: Onion.CleanArchitecture.WebApp.Server.Services.MicroserviceLauncherHostedService[0]
      [OrderCompleteService] info: Microsoft.EntityFrameworkCore.Database.Command[20101]
info: Onion.CleanArchitecture.WebApp.Server.Services.MicroserviceLauncherHostedService[0]
      [OrderCompleteService]       Executed DbCommand (17ms) [Parameters=[@orderId='?' (DbType = Guid)], CommandType='Text', CommandTimeout='30']
info: Onion.CleanArchitecture.WebApp.Server.Services.MicroserviceLauncherHostedService[0]
      [OrderCompleteService]       SELECT o."Id", o."CompletedAt", o."CreatedAt", o."CreatedBy", o."CustomerId", o."IsReserved", o."LastModifiedAt", o."LastModifiedBy", o."Note", o."OrderCode", o."OrderId", o."RejectedAt", o."ShippingAddress", o."Status", o."TotalAmount", o."UpdatedAt"
info: Onion.CleanArchitecture.WebApp.Server.Services.MicroserviceLauncherHostedService[0]
      [OrderCompleteService]       FROM "Orders" AS o
info: Onion.CleanArchitecture.WebApp.Server.Services.MicroserviceLauncherHostedService[0]
      [OrderCompleteService]       WHERE o."OrderId" = @orderId
info: Onion.CleanArchitecture.WebApp.Server.Services.MicroserviceLauncherHostedService[0]
      [OrderCompleteService]       ORDER BY o."Id"
info: Onion.CleanArchitecture.WebApp.Server.Services.MicroserviceLauncherHostedService[0]
      [OrderCompleteService]       LIMIT 1
info: Onion.CleanArchitecture.WebApp.Server.Services.MicroserviceLauncherHostedService[0]
      [OrderAcceptService] info: Microsoft.EntityFrameworkCore.Database.Command[20101]
info: Onion.CleanArchitecture.WebApp.Server.Services.MicroserviceLauncherHostedService[0]
      [OrderAcceptService]       Executed DbCommand (9ms) [Parameters=[@p0='?', @p1='?' (DbType = DateTime), @p2='?', @p3='?', @p4='?' (DbType = Guid), @p5='?' (DbType = DateTime), @p6='?', @p7='?', @p8='?' (DbType = Guid), @p9='?' (DbType = Int32)], CommandType='Text', CommandTimeout='30']
info: Onion.CleanArchitecture.WebApp.Server.Services.MicroserviceLauncherHostedService[0]
      [OrderAcceptService]       INSERT INTO "OrderHistories" ("ConsumerName", "CreatedAt", "CreatedBy", "EventType", "HistoryId", "LastModifiedAt", "LastModifiedBy", "Message", "OrderId", "Status")
info: Onion.CleanArchitecture.WebApp.Server.Services.MicroserviceLauncherHostedService[0]
      [OrderAcceptService]       VALUES (@p0, @p1, @p2, @p3, @p4, @p5, @p6, @p7, @p8, @p9)
info: Onion.CleanArchitecture.WebApp.Server.Services.MicroserviceLauncherHostedService[0]
      [OrderAcceptService]       RETURNING "Id";
info: Onion.CleanArchitecture.WebApp.Server.Services.MicroserviceLauncherHostedService[0]
      [OrderCompleteService] info: Microsoft.EntityFrameworkCore.Database.Command[20101]
info: Onion.CleanArchitecture.WebApp.Server.Services.MicroserviceLauncherHostedService[0]
      [OrderCompleteService]       Executed DbCommand (8ms) [Parameters=[@orderId='?' (DbType = Guid)], CommandType='Text', CommandTimeout='30']
info: Onion.CleanArchitecture.WebApp.Server.Services.MicroserviceLauncherHostedService[0]
      [OrderCompleteService]       SELECT o0."Id", o0."CreatedAt", o0."CreatedBy", o0."LastModifiedAt", o0."LastModifiedBy", o0."OrderId", o0."OrderItemId", o0."ProductId", o0."ProductName", o0."Quantity", o0."UnitPrice", o1."Id"
info: Onion.CleanArchitecture.WebApp.Server.Services.MicroserviceLauncherHostedService[0]
      [OrderCompleteService]       FROM (
info: Onion.CleanArchitecture.WebApp.Server.Services.MicroserviceLauncherHostedService[0]
      [OrderCompleteService]           SELECT o."Id", o."OrderId"
info: Onion.CleanArchitecture.WebApp.Server.Services.MicroserviceLauncherHostedService[0]
      [OrderCompleteService]           FROM "Orders" AS o
info: Onion.CleanArchitecture.WebApp.Server.Services.MicroserviceLauncherHostedService[0]
      [OrderCompleteService]           WHERE o."OrderId" = @orderId
info: Onion.CleanArchitecture.WebApp.Server.Services.MicroserviceLauncherHostedService[0]
      [OrderCompleteService]           ORDER BY o."Id"
info: Onion.CleanArchitecture.WebApp.Server.Services.MicroserviceLauncherHostedService[0]
      [OrderCompleteService]           LIMIT 1
info: Onion.CleanArchitecture.WebApp.Server.Services.MicroserviceLauncherHostedService[0]
      [OrderCompleteService]       ) AS o1
info: Onion.CleanArchitecture.WebApp.Server.Services.MicroserviceLauncherHostedService[0]
      [OrderCompleteService]       INNER JOIN "OrderItems" AS o0 ON o1."OrderId" = o0."OrderId"
info: Onion.CleanArchitecture.WebApp.Server.Services.MicroserviceLauncherHostedService[0]
      [OrderCompleteService]       ORDER BY o1."Id"
info: Onion.CleanArchitecture.WebApp.Server.Services.MicroserviceLauncherHostedService[0]
      [OrderCompleteService] info: OrderCompleteService.OrderCompleteConsumer[0]
info: Onion.CleanArchitecture.WebApp.Server.Services.MicroserviceLauncherHostedService[0]
      [OrderCompleteService]       Nhận CompleteOrderCommand OrderId=8f0eea9d-4f9b-48b2-8664-c9b6c7f881ce
info: Onion.CleanArchitecture.WebApp.Server.Services.MicroserviceLauncherHostedService[0]
      [OrderCompleteService] fail: OrderCompleteService.OrderCompleteConsumer[0]
info: Onion.CleanArchitecture.WebApp.Server.Services.MicroserviceLauncherHostedService[0]
      [OrderCompleteService]       OrderId=8f0eea9d-4f9b-48b2-8664-c9b6c7f881ce không ở trạng thái Accepted.
info: Onion.CleanArchitecture.WebApp.Server.Services.MicroserviceLauncherHostedService[0]
      [OrderAcceptService] info: OrderAcceptService.CancelOrderConsumer[0]
info: Onion.CleanArchitecture.WebApp.Server.Services.MicroserviceLauncherHostedService[0]
      [OrderAcceptService]       Bồi hoàn thành công OrderId=45fb55da-aba9-4ec2-af72-fd479be0bd4e.
info: Onion.CleanArchitecture.WebApp.Server.Services.MicroserviceLauncherHostedService[0]
      [OrderAcceptService] info: Microsoft.EntityFrameworkCore.Database.Command[20101]
info: Onion.CleanArchitecture.WebApp.Server.Services.MicroserviceLauncherHostedService[0]
      [OrderAcceptService]       Executed DbCommand (1ms) [Parameters=[@now='?' (DbType = DateTime)], CommandType='Text', CommandTimeout='30']
info: Onion.CleanArchitecture.WebApp.Server.Services.MicroserviceLauncherHostedService[0]
      [OrderAcceptService]       SELECT o."Id", o."CreatedAt", o."CreatedBy", o."LastModifiedAt", o."LastModifiedBy", o."OrderId", o."Status", o."Timeout", o."TimerId", o."TimerStatus"
info: Onion.CleanArchitecture.WebApp.Server.Services.MicroserviceLauncherHostedService[0]
      [OrderAcceptService]       FROM "OrderTimers" AS o
info: Onion.CleanArchitecture.WebApp.Server.Services.MicroserviceLauncherHostedService[0]
      [OrderAcceptService]       WHERE o."TimerStatus" = 1 AND o."Timeout" <= @now
info: Microsoft.EntityFrameworkCore.Database.Command[20101]
      Executed DbCommand (49ms) [Parameters=[@normalizedEmail='?'], CommandType='Text', CommandTimeout='30']
      SELECT u."Id", u."AccessFailedCount", u."ConcurrencyStamp", u."Email", u."EmailConfirmed", u."FirstName", u."LastName", u."LockoutEnabled", u."LockoutEnd", u."NormalizedEmail", u."NormalizedUserName", u."PasswordHash", u."PhoneNumber", u."PhoneNumberConfirmed", u."SecurityStamp", u."TwoFactorEnabled", u."UserName"
      FROM "Identity"."User" AS u
      WHERE u."NormalizedEmail" = @normalizedEmail
      LIMIT 2
info: Microsoft.EntityFrameworkCore.Database.Command[20101]
      Executed DbCommand (3ms) [Parameters=[@normalizedUserName='?'], CommandType='Text', CommandTimeout='30']
      SELECT u."Id", u."AccessFailedCount", u."ConcurrencyStamp", u."Email", u."EmailConfirmed", u."FirstName", u."LastName", u."LockoutEnabled", u."LockoutEnd", u."NormalizedEmail", u."NormalizedUserName", u."PasswordHash", u."PhoneNumber", u."PhoneNumberConfirmed", u."SecurityStamp", u."TwoFactorEnabled", u."UserName"
      FROM "Identity"."User" AS u
      WHERE u."NormalizedUserName" = @normalizedUserName
      LIMIT 1
info: Microsoft.EntityFrameworkCore.Database.Command[20101]
      Executed DbCommand (12ms) [Parameters=[@user_Id='?'], CommandType='Text', CommandTimeout='30']
      SELECT u."Id", u."ClaimType", u."ClaimValue", u."UserId"
      FROM "Identity"."UserClaims" AS u
      WHERE u."UserId" = @user_Id
info: Microsoft.EntityFrameworkCore.Database.Command[20101]
      Executed DbCommand (5ms) [Parameters=[@userId='?'], CommandType='Text', CommandTimeout='30']
      SELECT r."Name"
      FROM "Identity"."UserRoles" AS u
      INNER JOIN "Identity"."Role" AS r ON u."RoleId" = r."Id"
      WHERE u."UserId" = @userId
info: Microsoft.EntityFrameworkCore.Database.Command[20101]
      Executed DbCommand (3ms) [Parameters=[@normalizedName='?'], CommandType='Text', CommandTimeout='30']
      SELECT r."Id", r."ConcurrencyStamp", r."Name", r."NormalizedName"
      FROM "Identity"."Role" AS r
      WHERE r."NormalizedName" = @normalizedName
      LIMIT 1
info: Microsoft.EntityFrameworkCore.Database.Command[20101]
      Executed DbCommand (2ms) [Parameters=[@role_Id='?'], CommandType='Text', CommandTimeout='30']
      SELECT r."ClaimType", r."ClaimValue"
      FROM "Identity"."RoleClaims" AS r
      WHERE r."RoleId" = @role_Id
info: Microsoft.EntityFrameworkCore.Database.Command[20101]
      Executed DbCommand (1ms) [Parameters=[@user_Id='?'], CommandType='Text', CommandTimeout='30']
      SELECT u."Id", u."ClaimType", u."ClaimValue", u."UserId"
      FROM "Identity"."UserClaims" AS u
      WHERE u."UserId" = @user_Id
info: Microsoft.EntityFrameworkCore.Database.Command[20101]
      Executed DbCommand (2ms) [Parameters=[@userId='?'], CommandType='Text', CommandTimeout='30']
      SELECT r."Name"
      FROM "Identity"."UserRoles" AS u
      INNER JOIN "Identity"."Role" AS r ON u."RoleId" = r."Id"
      WHERE u."UserId" = @userId
info: Microsoft.EntityFrameworkCore.Database.Command[20101]
      Executed DbCommand (1ms) [Parameters=[@normalizedName='?'], CommandType='Text', CommandTimeout='30']
      SELECT r."Id", r."ConcurrencyStamp", r."Name", r."NormalizedName"
      FROM "Identity"."Role" AS r
      WHERE r."NormalizedName" = @normalizedName
      LIMIT 1
info: Microsoft.EntityFrameworkCore.Database.Command[20101]
      Executed DbCommand (1ms) [Parameters=[@role_Id='?'], CommandType='Text', CommandTimeout='30']
      SELECT r."Id", r."ClaimType", r."ClaimValue", r."RoleId"
      FROM "Identity"."RoleClaims" AS r
      WHERE r."RoleId" = @role_Id
info: Microsoft.EntityFrameworkCore.Database.Command[20101]
      Executed DbCommand (3ms) [Parameters=[@userId='?'], CommandType='Text', CommandTimeout='30']
      SELECT r."Name"
      FROM "Identity"."UserRoles" AS u
      INNER JOIN "Identity"."Role" AS r ON u."RoleId" = r."Id"
      WHERE u."UserId" = @userId
warn: LuckyPennySoftware.AutoMapper.License[0]
      You do not have a valid license key for the Lucky Penny software AutoMapper. This is allowed for development and testing scenarios. If you are running in production you are required to have a licensed version. Please visit https://luckypennysoftware.com to obtain a valid license.
info: Microsoft.EntityFrameworkCore.Database.Command[20101]
      Executed DbCommand (7ms) [Parameters=[], CommandType='Text', CommandTimeout='30']
      SELECT count(*)::int
      FROM "Orders" AS o
info: Microsoft.EntityFrameworkCore.Database.Command[20101]
      Executed DbCommand (2ms) [Parameters=[@p1='?' (DbType = Int32), @p='?' (DbType = Int32)], CommandType='Text', CommandTimeout='30']
      SELECT o."Id", o."CompletedAt", o."CreatedAt", o."CreatedBy", o."CustomerId", o."IsReserved", o."LastModifiedAt", o."LastModifiedBy", o."Note", o."OrderCode", o."OrderId", o."RejectedAt", o."ShippingAddress", o."Status", o."TotalAmount", o."UpdatedAt"
      FROM "Orders" AS o
      ORDER BY o."CreatedAt" DESC
      LIMIT @p1 OFFSET @p
info: Microsoft.EntityFrameworkCore.Database.Command[20101]
      Executed DbCommand (4ms) [Parameters=[], CommandType='Text', CommandTimeout='30']
      SELECT count(*)::int
      FROM "Product" AS p
warn: Microsoft.EntityFrameworkCore.Query[10114]
      The query uses the 'Distinct' operator after applying an ordering. If there are any row limiting operation used before 'Distinct' and after ordering then ordering will be used for it. Ordering(s) will be erased after 'Distinct' and results afterwards would be unordered.
info: Microsoft.EntityFrameworkCore.Database.Command[20101]
      Executed DbCommand (3ms) [Parameters=[@p1='?' (DbType = Int32), @p='?' (DbType = Int32)], CommandType='Text', CommandTimeout='30']
      SELECT p."Id", p."Code", p."CreatedAt", p."CreatedBy", p."Description", p."IsActive", p."LastModifiedAt", p."LastModifiedBy", p."Name", p."Price", p."ProductId", p."Rate", p."SLTKho"
      FROM "Product" AS p
      ORDER BY p."Id" DESC
      LIMIT @p1 OFFSET @p
info: Microsoft.EntityFrameworkCore.Database.Command[20101]
      Executed DbCommand (16ms) [Parameters=[], CommandType='Text', CommandTimeout='30']
      SELECT count(*)::int
      FROM (
          SELECT DISTINCT s."Id", s."UserName", s."Email", s."RoleId", s."FirstName", s."LastName", s."PhoneNumber", s."EmailConfirmed"
          FROM (
              SELECT DISTINCT u."Id", u."UserName", u."Email", u0."RoleId", u."FirstName", u."LastName", u."PhoneNumber", u."EmailConfirmed"
              FROM "Identity"."User" AS u
              INNER JOIN "Identity"."UserRoles" AS u0 ON u."Id" = u0."UserId"
          ) AS s
      ) AS s0
warn: Microsoft.EntityFrameworkCore.Query[10114]
      The query uses the 'Distinct' operator after applying an ordering. If there are any row limiting operation used before 'Distinct' and after ordering then ordering will be used for it. Ordering(s) will be erased after 'Distinct' and results afterwards would be unordered.
warn: Microsoft.EntityFrameworkCore.Query[10102]
      The query uses a row limiting operator ('Skip'/'Take') without an 'OrderBy' operator. This may lead to unpredictable results. If the 'Distinct' operator is used after 'OrderBy', then make sure to use the 'OrderBy' operator after 'Distinct' as the ordering would otherwise get erased.
warn: Microsoft.EntityFrameworkCore.Query[10102]
      The query uses a row limiting operator ('Skip'/'Take') without an 'OrderBy' operator. This may lead to unpredictable results. If the 'Distinct' operator is used after 'OrderBy', then make sure to use the 'OrderBy' operator after 'Distinct' as the ordering would otherwise get erased.
info: Microsoft.EntityFrameworkCore.Database.Command[20101]
      Executed DbCommand (3ms) [Parameters=[@p1='?' (DbType = Int32), @p='?' (DbType = Int32)], CommandType='Text', CommandTimeout='30']
      SELECT s0."Id", s0."UserName", s0."Email", s0."RoleId", s0."FirstName", s0."LastName", s0."PhoneNumber", s0."EmailConfirmed"
      FROM (
          SELECT DISTINCT s."Id", s."UserName", s."Email", s."RoleId", s."FirstName", s."LastName", s."PhoneNumber", s."EmailConfirmed"
          FROM (
              SELECT DISTINCT u."Id", u."UserName", u."Email", u0."RoleId", u."FirstName", u."LastName", u."PhoneNumber", u."EmailConfirmed"
              FROM "Identity"."User" AS u
              INNER JOIN "Identity"."UserRoles" AS u0 ON u."Id" = u0."UserId"
          ) AS s
      ) AS s0
      LIMIT @p1 OFFSET @p
info: Microsoft.EntityFrameworkCore.Database.Command[20101]
      Executed DbCommand (110ms) [Parameters=[@request_id='?' (DbType = Object)], CommandType='Text', CommandTimeout='30']
      SELECT u."Id", u."AccessFailedCount", u."ConcurrencyStamp", u."Email", u."EmailConfirmed", u."FirstName", u."LastName", u."LockoutEnabled", u."LockoutEnd", u."NormalizedEmail", u."NormalizedUserName", u."PasswordHash", u."PhoneNumber", u."PhoneNumberConfirmed", u."SecurityStamp", u."TwoFactorEnabled", u."UserName"
      FROM "Identity"."User" AS u
      WHERE u."Id" = ANY (@request_id)
info: Onion.CleanArchitecture.WebApp.Server.Services.MicroserviceLauncherHostedService[0]
      [OrderAcceptService] info: Microsoft.EntityFrameworkCore.Database.Command[20101]
info: Onion.CleanArchitecture.WebApp.Server.Services.MicroserviceLauncherHostedService[0]
      [OrderAcceptService]       Executed DbCommand (3ms) [Parameters=[@now='?' (DbType = DateTime)], CommandType='Text', CommandTimeout='30']
info: Onion.CleanArchitecture.WebApp.Server.Services.MicroserviceLauncherHostedService[0]
      [OrderAcceptService]       SELECT o."Id", o."CreatedAt", o."CreatedBy", o."LastModifiedAt", o."LastModifiedBy", o."OrderId", o."Status", o."Timeout", o."TimerId", o."TimerStatus"
info: Onion.CleanArchitecture.WebApp.Server.Services.MicroserviceLauncherHostedService[0]
      [OrderAcceptService]       FROM "OrderTimers" AS o
info: Onion.CleanArchitecture.WebApp.Server.Services.MicroserviceLauncherHostedService[0]
      [OrderAcceptService]       WHERE o."TimerStatus" = 1 AND o."Timeout" <= @now
info: Microsoft.EntityFrameworkCore.Database.Command[20101]
      Executed DbCommand (1ms) [Parameters=[@code='?'], CommandType='Text', CommandTimeout='30']
      SELECT NOT EXISTS (
          SELECT 1
          FROM "Product" AS p
          WHERE p."Code" = @code)
info: Microsoft.EntityFrameworkCore.Database.Command[20101]
      Executed DbCommand (1ms) [Parameters=[@code='?'], CommandType='Text', CommandTimeout='30']
      SELECT NOT EXISTS (
          SELECT 1
          FROM "Product" AS p
          WHERE p."Code" = @code)
info: Microsoft.EntityFrameworkCore.Database.Command[20101]
      Executed DbCommand (16ms) [Parameters=[@p0='?', @p1='?' (DbType = DateTime), @p2='?', @p3='?', @p4='?' (DbType = Boolean), @p5='?' (DbType = DateTime), @p6='?', @p7='?', @p8='?' (DbType = Decimal), @p9='?' (DbType = Guid), @p10='?' (DbType = Decimal), @p11='?' (DbType = Int32)], CommandType='Text', CommandTimeout='30']
      INSERT INTO "Product" ("Code", "CreatedAt", "CreatedBy", "Description", "IsActive", "LastModifiedAt", "LastModifiedBy", "Name", "Price", "ProductId", "Rate", "SLTKho")
      VALUES (@p0, @p1, @p2, @p3, @p4, @p5, @p6, @p7, @p8, @p9, @p10, @p11)
      RETURNING "Id";
info: Microsoft.EntityFrameworkCore.Database.Command[20101]
      Executed DbCommand (1ms) [Parameters=[], CommandType='Text', CommandTimeout='30']
      SELECT count(*)::int
      FROM "Product" AS p
info: Microsoft.EntityFrameworkCore.Database.Command[20101]
      Executed DbCommand (2ms) [Parameters=[@p1='?' (DbType = Int32), @p='?' (DbType = Int32)], CommandType='Text', CommandTimeout='30']
      SELECT p."Id", p."Code", p."CreatedAt", p."CreatedBy", p."Description", p."IsActive", p."LastModifiedAt", p."LastModifiedBy", p."Name", p."Price", p."ProductId", p."Rate", p."SLTKho"
      FROM "Product" AS p
      ORDER BY p."Id" DESC
      LIMIT @p1 OFFSET @p
info: Microsoft.EntityFrameworkCore.Database.Command[20101]
      Executed DbCommand (6ms) [Parameters=[@request_id='?' (DbType = Object)], CommandType='Text', CommandTimeout='30']
      SELECT u."Id", u."AccessFailedCount", u."ConcurrencyStamp", u."Email", u."EmailConfirmed", u."FirstName", u."LastName", u."LockoutEnabled", u."LockoutEnd", u."NormalizedEmail", u."NormalizedUserName", u."PasswordHash", u."PhoneNumber", u."PhoneNumberConfirmed", u."SecurityStamp", u."TwoFactorEnabled", u."UserName"
      FROM "Identity"."User" AS u
      WHERE u."Id" = ANY (@request_id)
info: Microsoft.EntityFrameworkCore.Database.Command[20101]
      Executed DbCommand (7ms) [Parameters=[], CommandType='Text', CommandTimeout='30']
      SELECT count(*)::int
      FROM (
          SELECT DISTINCT s."Id", s."UserName", s."Email", s."RoleId", s."FirstName", s."LastName", s."PhoneNumber", s."EmailConfirmed"
          FROM (
              SELECT DISTINCT u."Id", u."UserName", u."Email", u0."RoleId", u."FirstName", u."LastName", u."PhoneNumber", u."EmailConfirmed"
              FROM "Identity"."User" AS u
              INNER JOIN "Identity"."UserRoles" AS u0 ON u."Id" = u0."UserId"
          ) AS s
      ) AS s0
info: Microsoft.EntityFrameworkCore.Database.Command[20101]
      Executed DbCommand (3ms) [Parameters=[@p1='?' (DbType = Int32), @p='?' (DbType = Int32)], CommandType='Text', CommandTimeout='30']
      SELECT s0."Id", s0."UserName", s0."Email", s0."RoleId", s0."FirstName", s0."LastName", s0."PhoneNumber", s0."EmailConfirmed"
      FROM (
          SELECT DISTINCT s."Id", s."UserName", s."Email", s."RoleId", s."FirstName", s."LastName", s."PhoneNumber", s."EmailConfirmed"
          FROM (
              SELECT DISTINCT u."Id", u."UserName", u."Email", u0."RoleId", u."FirstName", u."LastName", u."PhoneNumber", u."EmailConfirmed"
              FROM "Identity"."User" AS u
              INNER JOIN "Identity"."UserRoles" AS u0 ON u."Id" = u0."UserId"
          ) AS s
      ) AS s0
      LIMIT @p1 OFFSET @p
info: Microsoft.EntityFrameworkCore.Database.Command[20101]
      Executed DbCommand (21ms) [Parameters=[], CommandType='Text', CommandTimeout='30']
      SELECT count(*)::int
      FROM (
          SELECT DISTINCT s."Id", s."UserName", s."Email", s."RoleId", s."FirstName", s."LastName", s."PhoneNumber", s."EmailConfirmed"
          FROM (
              SELECT DISTINCT u."Id", u."UserName", u."Email", u0."RoleId", u."FirstName", u."LastName", u."PhoneNumber", u."EmailConfirmed"
              FROM "Identity"."User" AS u
              INNER JOIN "Identity"."UserRoles" AS u0 ON u."Id" = u0."UserId"
          ) AS s
      ) AS s0
info: Microsoft.EntityFrameworkCore.Database.Command[20101]
      Executed DbCommand (1ms) [Parameters=[@p1='?' (DbType = Int32), @p='?' (DbType = Int32)], CommandType='Text', CommandTimeout='30']
      SELECT s0."Id", s0."UserName", s0."Email", s0."RoleId", s0."FirstName", s0."LastName", s0."PhoneNumber", s0."EmailConfirmed"
      FROM (
          SELECT DISTINCT s."Id", s."UserName", s."Email", s."RoleId", s."FirstName", s."LastName", s."PhoneNumber", s."EmailConfirmed"
          FROM (
              SELECT DISTINCT u."Id", u."UserName", u."Email", u0."RoleId", u."FirstName", u."LastName", u."PhoneNumber", u."EmailConfirmed"
              FROM "Identity"."User" AS u
              INNER JOIN "Identity"."UserRoles" AS u0 ON u."Id" = u0."UserId"
          ) AS s
      ) AS s0
      LIMIT @p1 OFFSET @p
info: Microsoft.EntityFrameworkCore.Database.Command[20101]
      Executed DbCommand (1ms) [Parameters=[], CommandType='Text', CommandTimeout='30']
      SELECT count(*)::int
      FROM "Identity"."Role" AS r
info: Microsoft.EntityFrameworkCore.Database.Command[20101]
      Executed DbCommand (22ms) [Parameters=[@p1='?' (DbType = Int32), @p='?' (DbType = Int32)], CommandType='Text', CommandTimeout='30']
      SELECT r."Id", r."ConcurrencyStamp", r."Name", r."NormalizedName"
      FROM "Identity"."Role" AS r
      ORDER BY r."Id"
      LIMIT @p1 OFFSET @p
info: Microsoft.EntityFrameworkCore.Database.Command[20101]
      Executed DbCommand (1ms) [Parameters=[@request_id='?' (DbType = Object)], CommandType='Text', CommandTimeout='30']
      SELECT r."Id", r."ConcurrencyStamp", r."Name", r."NormalizedName"
      FROM "Identity"."Role" AS r
      WHERE r."Id" = ANY (@request_id)
info: Microsoft.EntityFrameworkCore.Database.Command[20101]
      Executed DbCommand (0ms) [Parameters=[], CommandType='Text', CommandTimeout='30']
      SELECT count(*)::int
      FROM "Orders" AS o
info: Microsoft.EntityFrameworkCore.Database.Command[20101]
      Executed DbCommand (1ms) [Parameters=[@p1='?' (DbType = Int32), @p='?' (DbType = Int32)], CommandType='Text', CommandTimeout='30']
      SELECT o."Id", o."CompletedAt", o."CreatedAt", o."CreatedBy", o."CustomerId", o."IsReserved", o."LastModifiedAt", o."LastModifiedBy", o."Note", o."OrderCode", o."OrderId", o."RejectedAt", o."ShippingAddress", o."Status", o."TotalAmount", o."UpdatedAt"
      FROM "Orders" AS o
      ORDER BY o."CreatedAt" DESC
      LIMIT @p1 OFFSET @p
info: Microsoft.EntityFrameworkCore.Database.Command[20101]
      Executed DbCommand (1ms) [Parameters=[], CommandType='Text', CommandTimeout='30']
      SELECT count(*)::int
      FROM "Product" AS p
info: Microsoft.EntityFrameworkCore.Database.Command[20101]
      Executed DbCommand (1ms) [Parameters=[@p1='?' (DbType = Int32), @p='?' (DbType = Int32)], CommandType='Text', CommandTimeout='30']
      SELECT p."Id", p."Code", p."CreatedAt", p."CreatedBy", p."Description", p."IsActive", p."LastModifiedAt", p."LastModifiedBy", p."Name", p."Price", p."ProductId", p."Rate", p."SLTKho"
      FROM "Product" AS p
      ORDER BY p."Id"
      LIMIT @p1 OFFSET @p
info: Onion.CleanArchitecture.WebApp.Server.Services.MicroserviceLauncherHostedService[0]
      [OrderAcceptService] info: Microsoft.EntityFrameworkCore.Database.Command[20101]
info: Onion.CleanArchitecture.WebApp.Server.Services.MicroserviceLauncherHostedService[0]
      [OrderAcceptService]       Executed DbCommand (1ms) [Parameters=[@now='?' (DbType = DateTime)], CommandType='Text', CommandTimeout='30']
info: Onion.CleanArchitecture.WebApp.Server.Services.MicroserviceLauncherHostedService[0]
      [OrderAcceptService]       SELECT o."Id", o."CreatedAt", o."CreatedBy", o."LastModifiedAt", o."LastModifiedBy", o."OrderId", o."Status", o."Timeout", o."TimerId", o."TimerStatus"
info: Onion.CleanArchitecture.WebApp.Server.Services.MicroserviceLauncherHostedService[0]
      [OrderAcceptService]       FROM "OrderTimers" AS o
info: Onion.CleanArchitecture.WebApp.Server.Services.MicroserviceLauncherHostedService[0]
      [OrderAcceptService]       WHERE o."TimerStatus" = 1 AND o."Timeout" <= @now
info: Microsoft.EntityFrameworkCore.Database.Command[20101]
      Executed DbCommand (4ms) [Parameters=[@productId='?' (DbType = Guid)], CommandType='Text', CommandTimeout='30']
      SELECT p."Id", p."Code", p."CreatedAt", p."CreatedBy", p."Description", p."IsActive", p."LastModifiedAt", p."LastModifiedBy", p."Name", p."Price", p."ProductId", p."Rate", p."SLTKho"
      FROM "Product" AS p
      WHERE p."ProductId" = @productId
      LIMIT 1
info: Microsoft.EntityFrameworkCore.Database.Command[20101]
      Executed DbCommand (10ms) [Parameters=[@p0='?' (DbType = DateTime), @p1='?' (DbType = DateTime), @p2='?', @p3='?', @p4='?' (DbType = Boolean), @p5='?' (DbType = DateTime), @p6='?', @p7='?', @p8='?', @p9='?' (DbType = Guid), @p10='?' (DbType = DateTime), @p11='?', @p12='?' (DbType = Int32), @p13='?' (DbType = Decimal), @p14='?' (DbType = DateTime), @p15='?' (DbType = DateTime), @p16='?', @p17='?' (DbType = DateTime), @p18='?', @p19='?' (DbType = Guid), @p20='?' (DbType = Guid), @p21='?' (DbType = Guid), @p22='?', @p23='?' (DbType = Int32), @p24='?' (DbType = Decimal)], CommandType='Text', CommandTimeout='30']
      INSERT INTO "Orders" ("CompletedAt", "CreatedAt", "CreatedBy", "CustomerId", "IsReserved", "LastModifiedAt", "LastModifiedBy", "Note", "OrderCode", "OrderId", "RejectedAt", "ShippingAddress", "Status", "TotalAmount", "UpdatedAt")
      VALUES (@p0, @p1, @p2, @p3, @p4, @p5, @p6, @p7, @p8, @p9, @p10, @p11, @p12, @p13, @p14)
      RETURNING "Id";
      INSERT INTO "OrderItems" ("CreatedAt", "CreatedBy", "LastModifiedAt", "LastModifiedBy", "OrderId", "OrderItemId", "ProductId", "ProductName", "Quantity", "UnitPrice")
      VALUES (@p15, @p16, @p17, @p18, @p19, @p20, @p21, @p22, @p23, @p24)
      RETURNING "Id";
info: Onion.CleanArchitecture.WebApp.Server.Services.MicroserviceLauncherHostedService[0]
      [OrderOrchestration] info: Microsoft.EntityFrameworkCore.Database.Command[20101]
info: Onion.CleanArchitecture.WebApp.Server.Services.MicroserviceLauncherHostedService[0]
      [OrderOrchestration]       Executed DbCommand (10ms) [Parameters=[p0='?' (DbType = Guid)], CommandType='Text', CommandTimeout='30']
info: Onion.CleanArchitecture.WebApp.Server.Services.MicroserviceLauncherHostedService[0]
      [OrderOrchestration]       SELECT o."CorrelationId", o."CreatedAt", o."CurrentState", o."CustomerId", o."ErrorReason", o."IsTimeout", o."Items", o."NeedReleaseInventory", o."TotalAmount"
info: Onion.CleanArchitecture.WebApp.Server.Services.MicroserviceLauncherHostedService[0]
      [OrderOrchestration]       FROM (
info: Onion.CleanArchitecture.WebApp.Server.Services.MicroserviceLauncherHostedService[0]
      [OrderOrchestration]           SELECT *, xmin FROM "OrderState" WHERE "CorrelationId" = @p0 FOR UPDATE
info: Onion.CleanArchitecture.WebApp.Server.Services.MicroserviceLauncherHostedService[0]
      [OrderOrchestration]       ) AS o
info: Onion.CleanArchitecture.WebApp.Server.Services.MicroserviceLauncherHostedService[0]
      [OrderOrchestration]       LIMIT 2
info: Onion.CleanArchitecture.WebApp.Server.Services.MicroserviceLauncherHostedService[0]
      [OrderOrchestration] info: Microsoft.EntityFrameworkCore.Database.Command[20101]
info: Onion.CleanArchitecture.WebApp.Server.Services.MicroserviceLauncherHostedService[0]
      [OrderOrchestration]       Executed DbCommand (17ms) [Parameters=[@p0='?' (DbType = Guid), @p1='?' (DbType = DateTime), @p2='?', @p3='?' (DbType = Guid), @p4='?', @p5='?' (DbType = Boolean), @p6='?' (DbType = Object), @p7='?' (DbType = Boolean), @p8='?' (DbType = Decimal)], CommandType='Text', CommandTimeout='30']
info: Onion.CleanArchitecture.WebApp.Server.Services.MicroserviceLauncherHostedService[0]
      [OrderOrchestration]       INSERT INTO "OrderState" ("CorrelationId", "CreatedAt", "CurrentState", "CustomerId", "ErrorReason", "IsTimeout", "Items", "NeedReleaseInventory", "TotalAmount")
info: Onion.CleanArchitecture.WebApp.Server.Services.MicroserviceLauncherHostedService[0]
      [OrderOrchestration]       VALUES (@p0, @p1, @p2, @p3, @p4, @p5, @p6, @p7, @p8);
info: Microsoft.EntityFrameworkCore.Database.Command[20101]
      Executed DbCommand (2ms) [Parameters=[], CommandType='Text', CommandTimeout='30']
      SELECT count(*)::int
      FROM "Orders" AS o
info: Microsoft.EntityFrameworkCore.Database.Command[20101]
      Executed DbCommand (3ms) [Parameters=[@p1='?' (DbType = Int32), @p='?' (DbType = Int32)], CommandType='Text', CommandTimeout='30']
      SELECT o."Id", o."CompletedAt", o."CreatedAt", o."CreatedBy", o."CustomerId", o."IsReserved", o."LastModifiedAt", o."LastModifiedBy", o."Note", o."OrderCode", o."OrderId", o."RejectedAt", o."ShippingAddress", o."Status", o."TotalAmount", o."UpdatedAt"
      FROM "Orders" AS o
      ORDER BY o."CreatedAt" DESC
      LIMIT @p1 OFFSET @p
info: Onion.CleanArchitecture.WebApp.Server.Services.MicroserviceLauncherHostedService[0]
      [OrderSubmitService] info: OrderSubmitService.OrderSubmitConsumer[0]
info: Onion.CleanArchitecture.WebApp.Server.Services.MicroserviceLauncherHostedService[0]
      [OrderSubmitService]       Nhận ValidateOrderCommand OrderId=a26430e1-3824-464a-ac4d-23be33f04ac3
info: Onion.CleanArchitecture.WebApp.Server.Services.MicroserviceLauncherHostedService[0]
      [OrderSubmitService] info: Microsoft.EntityFrameworkCore.Database.Command[20101]
info: Onion.CleanArchitecture.WebApp.Server.Services.MicroserviceLauncherHostedService[0]
      [OrderSubmitService]       Executed DbCommand (53ms) [Parameters=[@orderId='?' (DbType = Guid)], CommandType='Text', CommandTimeout='30']
info: Onion.CleanArchitecture.WebApp.Server.Services.MicroserviceLauncherHostedService[0]
      [OrderSubmitService]       SELECT o."Id", o."CompletedAt", o."CreatedAt", o."CreatedBy", o."CustomerId", o."IsReserved", o."LastModifiedAt", o."LastModifiedBy", o."Note", o."OrderCode", o."OrderId", o."RejectedAt", o."ShippingAddress", o."Status", o."TotalAmount", o."UpdatedAt"
info: Onion.CleanArchitecture.WebApp.Server.Services.MicroserviceLauncherHostedService[0]
      [OrderSubmitService]       FROM "Orders" AS o
info: Onion.CleanArchitecture.WebApp.Server.Services.MicroserviceLauncherHostedService[0]
      [OrderSubmitService]       WHERE o."OrderId" = @orderId
info: Onion.CleanArchitecture.WebApp.Server.Services.MicroserviceLauncherHostedService[0]
      [OrderSubmitService]       ORDER BY o."Id"
info: Onion.CleanArchitecture.WebApp.Server.Services.MicroserviceLauncherHostedService[0]
      [OrderSubmitService]       LIMIT 1
info: Onion.CleanArchitecture.WebApp.Server.Services.MicroserviceLauncherHostedService[0]
      [OrderSubmitService] info: Microsoft.EntityFrameworkCore.Database.Command[20101]
info: Onion.CleanArchitecture.WebApp.Server.Services.MicroserviceLauncherHostedService[0]
      [OrderSubmitService]       Executed DbCommand (10ms) [Parameters=[@orderId='?' (DbType = Guid)], CommandType='Text', CommandTimeout='30']
info: Onion.CleanArchitecture.WebApp.Server.Services.MicroserviceLauncherHostedService[0]
      [OrderSubmitService]       SELECT o0."Id", o0."CreatedAt", o0."CreatedBy", o0."LastModifiedAt", o0."LastModifiedBy", o0."OrderId", o0."OrderItemId", o0."ProductId", o0."ProductName", o0."Quantity", o0."UnitPrice", o1."Id"
info: Onion.CleanArchitecture.WebApp.Server.Services.MicroserviceLauncherHostedService[0]
      [OrderSubmitService]       FROM (
info: Onion.CleanArchitecture.WebApp.Server.Services.MicroserviceLauncherHostedService[0]
      [OrderSubmitService]           SELECT o."Id", o."OrderId"
info: Onion.CleanArchitecture.WebApp.Server.Services.MicroserviceLauncherHostedService[0]
      [OrderSubmitService]           FROM "Orders" AS o
info: Onion.CleanArchitecture.WebApp.Server.Services.MicroserviceLauncherHostedService[0]
      [OrderSubmitService]           WHERE o."OrderId" = @orderId
info: Onion.CleanArchitecture.WebApp.Server.Services.MicroserviceLauncherHostedService[0]
      [OrderSubmitService]           ORDER BY o."Id"
info: Onion.CleanArchitecture.WebApp.Server.Services.MicroserviceLauncherHostedService[0]
      [OrderSubmitService]           LIMIT 1
info: Onion.CleanArchitecture.WebApp.Server.Services.MicroserviceLauncherHostedService[0]
      [OrderSubmitService]       ) AS o1
info: Onion.CleanArchitecture.WebApp.Server.Services.MicroserviceLauncherHostedService[0]
      [OrderSubmitService]       INNER JOIN "OrderItems" AS o0 ON o1."OrderId" = o0."OrderId"
info: Onion.CleanArchitecture.WebApp.Server.Services.MicroserviceLauncherHostedService[0]
      [OrderSubmitService]       ORDER BY o1."Id"
info: Onion.CleanArchitecture.WebApp.Server.Services.MicroserviceLauncherHostedService[0]
      [OrderSubmitService] info: Microsoft.EntityFrameworkCore.Database.Command[20101]
info: Onion.CleanArchitecture.WebApp.Server.Services.MicroserviceLauncherHostedService[0]
      [OrderSubmitService]       Executed DbCommand (4ms) [Parameters=[@productId='?' (DbType = Guid)], CommandType='Text', CommandTimeout='30']
info: Onion.CleanArchitecture.WebApp.Server.Services.MicroserviceLauncherHostedService[0]
      [OrderSubmitService]       SELECT p."Id", p."Code", p."CreatedAt", p."CreatedBy", p."Description", p."IsActive", p."LastModifiedAt", p."LastModifiedBy", p."Name", p."Price", p."ProductId", p."Rate", p."SLTKho"
info: Onion.CleanArchitecture.WebApp.Server.Services.MicroserviceLauncherHostedService[0]
      [OrderSubmitService]       FROM "Product" AS p
info: Onion.CleanArchitecture.WebApp.Server.Services.MicroserviceLauncherHostedService[0]
      [OrderSubmitService]       WHERE p."ProductId" = @productId
info: Onion.CleanArchitecture.WebApp.Server.Services.MicroserviceLauncherHostedService[0]
      [OrderSubmitService]       LIMIT 1
info: Onion.CleanArchitecture.WebApp.Server.Services.MicroserviceLauncherHostedService[0]
      [OrderSubmitService] info: Microsoft.EntityFrameworkCore.Database.Command[20101]
info: Onion.CleanArchitecture.WebApp.Server.Services.MicroserviceLauncherHostedService[0]
      [OrderSubmitService]       Executed DbCommand (11ms) [Parameters=[@p14='?' (DbType = Int32), @p0='?' (DbType = DateTime), @p1='?' (DbType = DateTime), @p2='?', @p3='?', @p4='?' (DbType = Boolean), @p5='?' (DbType = DateTime), @p6='?', @p7='?', @p8='?', @p9='?' (DbType = DateTime), @p10='?', @p11='?' (DbType = Int32), @p12='?' (DbType = Decimal), @p13='?' (DbType = DateTime), @p27='?' (DbType = Int32), @p15='?', @p16='?' (DbType = DateTime), @p17='?', @p18='?', @p19='?' (DbType = Boolean), @p20='?' (DbType = DateTime), @p21='?', @p22='?', @p23='?' (DbType = Decimal), @p24='?' (DbType = Guid), @p25='?' (DbType = Decimal), @p26='?' (DbType = Int32)], CommandType='Text', CommandTimeout='30']
info: Onion.CleanArchitecture.WebApp.Server.Services.MicroserviceLauncherHostedService[0]
      [OrderSubmitService]       UPDATE "Orders" SET "CompletedAt" = @p0, "CreatedAt" = @p1, "CreatedBy" = @p2, "CustomerId" = @p3, "IsReserved" = @p4, "LastModifiedAt" = @p5, "LastModifiedBy" = @p6, "Note" = @p7, "OrderCode" = @p8, "RejectedAt" = @p9, "ShippingAddress" = @p10, "Status" = @p11, "TotalAmount" = @p12, "UpdatedAt" = @p13
info: Onion.CleanArchitecture.WebApp.Server.Services.MicroserviceLauncherHostedService[0]
      [OrderSubmitService]       WHERE "Id" = @p14;
info: Onion.CleanArchitecture.WebApp.Server.Services.MicroserviceLauncherHostedService[0]
      [OrderSubmitService]       UPDATE "Product" SET "Code" = @p15, "CreatedAt" = @p16, "CreatedBy" = @p17, "Description" = @p18, "IsActive" = @p19, "LastModifiedAt" = @p20, "LastModifiedBy" = @p21, "Name" = @p22, "Price" = @p23, "ProductId" = @p24, "Rate" = @p25, "SLTKho" = @p26
info: Onion.CleanArchitecture.WebApp.Server.Services.MicroserviceLauncherHostedService[0]
      [OrderSubmitService]       WHERE "Id" = @p27;
info: Onion.CleanArchitecture.WebApp.Server.Services.MicroserviceLauncherHostedService[0]
      [OrderSubmitService] info: Microsoft.EntityFrameworkCore.Database.Command[20101]
info: Onion.CleanArchitecture.WebApp.Server.Services.MicroserviceLauncherHostedService[0]
      [OrderSubmitService]       Executed DbCommand (4ms) [Parameters=[@p0='?', @p1='?' (DbType = DateTime), @p2='?', @p3='?', @p4='?' (DbType = Guid), @p5='?' (DbType = DateTime), @p6='?', @p7='?', @p8='?' (DbType = Guid), @p9='?' (DbType = Int32)], CommandType='Text', CommandTimeout='30']
info: Onion.CleanArchitecture.WebApp.Server.Services.MicroserviceLauncherHostedService[0]
      [OrderSubmitService]       INSERT INTO "OrderHistories" ("ConsumerName", "CreatedAt", "CreatedBy", "EventType", "HistoryId", "LastModifiedAt", "LastModifiedBy", "Message", "OrderId", "Status")
info: Onion.CleanArchitecture.WebApp.Server.Services.MicroserviceLauncherHostedService[0]
      [OrderSubmitService]       VALUES (@p0, @p1, @p2, @p3, @p4, @p5, @p6, @p7, @p8, @p9)
info: Onion.CleanArchitecture.WebApp.Server.Services.MicroserviceLauncherHostedService[0]
      [OrderSubmitService]       RETURNING "Id";
info: Onion.CleanArchitecture.WebApp.Server.Services.MicroserviceLauncherHostedService[0]
      [OrderSubmitService] info: OrderSubmitService.OrderSubmitConsumer[0]
info: Onion.CleanArchitecture.WebApp.Server.Services.MicroserviceLauncherHostedService[0]
      [OrderSubmitService]       Validate thành công OrderId=a26430e1-3824-464a-ac4d-23be33f04ac3, đã giữ chỗ 1 sản phẩm. Saga sẽ gửi AcceptOrderCommand
info: Onion.CleanArchitecture.WebApp.Server.Services.MicroserviceLauncherHostedService[0]
      [OrderAcceptService] info: Microsoft.EntityFrameworkCore.Database.Command[20101]
info: Onion.CleanArchitecture.WebApp.Server.Services.MicroserviceLauncherHostedService[0]
      [OrderAcceptService]       Executed DbCommand (2ms) [Parameters=[@orderId='?' (DbType = Guid)], CommandType='Text', CommandTimeout='30']
info: Onion.CleanArchitecture.WebApp.Server.Services.MicroserviceLauncherHostedService[0]
      [OrderAcceptService]       SELECT o."Id", o."CompletedAt", o."CreatedAt", o."CreatedBy", o."CustomerId", o."IsReserved", o."LastModifiedAt", o."LastModifiedBy", o."Note", o."OrderCode", o."OrderId", o."RejectedAt", o."ShippingAddress", o."Status", o."TotalAmount", o."UpdatedAt"
info: Onion.CleanArchitecture.WebApp.Server.Services.MicroserviceLauncherHostedService[0]
      [OrderAcceptService]       FROM "Orders" AS o
info: Onion.CleanArchitecture.WebApp.Server.Services.MicroserviceLauncherHostedService[0]
      [OrderAcceptService]       WHERE o."OrderId" = @orderId
info: Onion.CleanArchitecture.WebApp.Server.Services.MicroserviceLauncherHostedService[0]
      [OrderAcceptService]       ORDER BY o."Id"
info: Onion.CleanArchitecture.WebApp.Server.Services.MicroserviceLauncherHostedService[0]
      [OrderAcceptService]       LIMIT 1
info: Onion.CleanArchitecture.WebApp.Server.Services.MicroserviceLauncherHostedService[0]
      [OrderAcceptService] info: Microsoft.EntityFrameworkCore.Database.Command[20101]
info: Onion.CleanArchitecture.WebApp.Server.Services.MicroserviceLauncherHostedService[0]
      [OrderAcceptService]       Executed DbCommand (4ms) [Parameters=[@orderId='?' (DbType = Guid)], CommandType='Text', CommandTimeout='30']
info: Onion.CleanArchitecture.WebApp.Server.Services.MicroserviceLauncherHostedService[0]
      [OrderAcceptService]       SELECT o0."Id", o0."CreatedAt", o0."CreatedBy", o0."LastModifiedAt", o0."LastModifiedBy", o0."OrderId", o0."OrderItemId", o0."ProductId", o0."ProductName", o0."Quantity", o0."UnitPrice", o1."Id"
info: Onion.CleanArchitecture.WebApp.Server.Services.MicroserviceLauncherHostedService[0]
      [OrderAcceptService]       FROM (
info: Onion.CleanArchitecture.WebApp.Server.Services.MicroserviceLauncherHostedService[0]
      [OrderAcceptService]           SELECT o."Id", o."OrderId"
info: Onion.CleanArchitecture.WebApp.Server.Services.MicroserviceLauncherHostedService[0]
      [OrderAcceptService]           FROM "Orders" AS o
info: Onion.CleanArchitecture.WebApp.Server.Services.MicroserviceLauncherHostedService[0]
      [OrderAcceptService]           WHERE o."OrderId" = @orderId
info: Onion.CleanArchitecture.WebApp.Server.Services.MicroserviceLauncherHostedService[0]
      [OrderAcceptService]           ORDER BY o."Id"
info: Onion.CleanArchitecture.WebApp.Server.Services.MicroserviceLauncherHostedService[0]
      [OrderAcceptService]           LIMIT 1
info: Onion.CleanArchitecture.WebApp.Server.Services.MicroserviceLauncherHostedService[0]
      [OrderAcceptService]       ) AS o1
info: Onion.CleanArchitecture.WebApp.Server.Services.MicroserviceLauncherHostedService[0]
      [OrderAcceptService]       INNER JOIN "OrderItems" AS o0 ON o1."OrderId" = o0."OrderId"
info: Onion.CleanArchitecture.WebApp.Server.Services.MicroserviceLauncherHostedService[0]
      [OrderAcceptService]       ORDER BY o1."Id"
info: Onion.CleanArchitecture.WebApp.Server.Services.MicroserviceLauncherHostedService[0]
      [OrderAcceptService] info: OrderAcceptService.OrderAcceptConsumer[0]
info: Onion.CleanArchitecture.WebApp.Server.Services.MicroserviceLauncherHostedService[0]
      [OrderAcceptService]       Nhận AcceptOrderCommand OrderId=a26430e1-3824-464a-ac4d-23be33f04ac3
info: Onion.CleanArchitecture.WebApp.Server.Services.MicroserviceLauncherHostedService[0]
      [OrderAcceptService] info: Microsoft.EntityFrameworkCore.Database.Command[20101]
info: Onion.CleanArchitecture.WebApp.Server.Services.MicroserviceLauncherHostedService[0]
      [OrderAcceptService]       Executed DbCommand (4ms) [Parameters=[@productId='?' (DbType = Guid)], CommandType='Text', CommandTimeout='30']
info: Onion.CleanArchitecture.WebApp.Server.Services.MicroserviceLauncherHostedService[0]
      [OrderAcceptService]       SELECT p."Id", p."Code", p."CreatedAt", p."CreatedBy", p."Description", p."IsActive", p."LastModifiedAt", p."LastModifiedBy", p."Name", p."Price", p."ProductId", p."Rate", p."SLTKho"
info: Onion.CleanArchitecture.WebApp.Server.Services.MicroserviceLauncherHostedService[0]
      [OrderAcceptService]       FROM "Product" AS p
info: Onion.CleanArchitecture.WebApp.Server.Services.MicroserviceLauncherHostedService[0]
      [OrderAcceptService]       WHERE p."ProductId" = @productId
info: Onion.CleanArchitecture.WebApp.Server.Services.MicroserviceLauncherHostedService[0]
      [OrderAcceptService]       LIMIT 1
info: Onion.CleanArchitecture.WebApp.Server.Services.MicroserviceLauncherHostedService[0]
      [OrderAcceptService] info: Microsoft.EntityFrameworkCore.Database.Command[20101]
info: Onion.CleanArchitecture.WebApp.Server.Services.MicroserviceLauncherHostedService[0]
      [OrderAcceptService]       Executed DbCommand (2ms) [Parameters=[@p14='?' (DbType = Int32), @p0='?' (DbType = DateTime), @p1='?' (DbType = DateTime), @p2='?', @p3='?', @p4='?' (DbType = Boolean), @p5='?' (DbType = DateTime), @p6='?', @p7='?', @p8='?', @p9='?' (DbType = DateTime), @p10='?', @p11='?' (DbType = Int32), @p12='?' (DbType = Decimal), @p13='?' (DbType = DateTime)], CommandType='Text', CommandTimeout='30']
info: Onion.CleanArchitecture.WebApp.Server.Services.MicroserviceLauncherHostedService[0]
      [OrderAcceptService]       UPDATE "Orders" SET "CompletedAt" = @p0, "CreatedAt" = @p1, "CreatedBy" = @p2, "CustomerId" = @p3, "IsReserved" = @p4, "LastModifiedAt" = @p5, "LastModifiedBy" = @p6, "Note" = @p7, "OrderCode" = @p8, "RejectedAt" = @p9, "ShippingAddress" = @p10, "Status" = @p11, "TotalAmount" = @p12, "UpdatedAt" = @p13
info: Onion.CleanArchitecture.WebApp.Server.Services.MicroserviceLauncherHostedService[0]
      [OrderAcceptService]       WHERE "Id" = @p14;
info: Onion.CleanArchitecture.WebApp.Server.Services.MicroserviceLauncherHostedService[0]
      [OrderAcceptService] info: Microsoft.EntityFrameworkCore.Database.Command[20101]
info: Onion.CleanArchitecture.WebApp.Server.Services.MicroserviceLauncherHostedService[0]
      [OrderAcceptService]       Executed DbCommand (3ms) [Parameters=[@p0='?' (DbType = DateTime), @p1='?', @p2='?' (DbType = DateTime), @p3='?', @p4='?' (DbType = Guid), @p5='?' (DbType = Int32), @p6='?' (DbType = DateTime), @p7='?' (DbType = Guid), @p8='?' (DbType = Int32)], CommandType='Text', CommandTimeout='30']
info: Onion.CleanArchitecture.WebApp.Server.Services.MicroserviceLauncherHostedService[0]
      [OrderAcceptService]       INSERT INTO "OrderTimers" ("CreatedAt", "CreatedBy", "LastModifiedAt", "LastModifiedBy", "OrderId", "Status", "Timeout", "TimerId", "TimerStatus")
info: Onion.CleanArchitecture.WebApp.Server.Services.MicroserviceLauncherHostedService[0]
      [OrderAcceptService]       VALUES (@p0, @p1, @p2, @p3, @p4, @p5, @p6, @p7, @p8)
info: Onion.CleanArchitecture.WebApp.Server.Services.MicroserviceLauncherHostedService[0]
      [OrderAcceptService]       RETURNING "Id";
info: Onion.CleanArchitecture.WebApp.Server.Services.MicroserviceLauncherHostedService[0]
      [OrderAcceptService] info: Microsoft.EntityFrameworkCore.Database.Command[20101]
info: Onion.CleanArchitecture.WebApp.Server.Services.MicroserviceLauncherHostedService[0]
      [OrderAcceptService]       Executed DbCommand (2ms) [Parameters=[@p0='?', @p1='?' (DbType = DateTime), @p2='?', @p3='?', @p4='?' (DbType = Guid), @p5='?' (DbType = DateTime), @p6='?', @p7='?', @p8='?' (DbType = Guid), @p9='?' (DbType = Int32)], CommandType='Text', CommandTimeout='30']
info: Onion.CleanArchitecture.WebApp.Server.Services.MicroserviceLauncherHostedService[0]
      [OrderAcceptService]       INSERT INTO "OrderHistories" ("ConsumerName", "CreatedAt", "CreatedBy", "EventType", "HistoryId", "LastModifiedAt", "LastModifiedBy", "Message", "OrderId", "Status")
info: Onion.CleanArchitecture.WebApp.Server.Services.MicroserviceLauncherHostedService[0]
      [OrderAcceptService]       VALUES (@p0, @p1, @p2, @p3, @p4, @p5, @p6, @p7, @p8, @p9)
info: Onion.CleanArchitecture.WebApp.Server.Services.MicroserviceLauncherHostedService[0]
      [OrderAcceptService]       RETURNING "Id";
info: Onion.CleanArchitecture.WebApp.Server.Services.MicroserviceLauncherHostedService[0]
      [OrderAcceptService] info: OrderAcceptService.OrderAcceptConsumer[0]
info: Onion.CleanArchitecture.WebApp.Server.Services.MicroserviceLauncherHostedService[0]
      [OrderAcceptService]       Accept thành công OrderId=a26430e1-3824-464a-ac4d-23be33f04ac3, Saga sẽ gửi CompleteOrderCommand
info: Onion.CleanArchitecture.WebApp.Server.Services.MicroserviceLauncherHostedService[0]
      [OrderOrchestration] info: Microsoft.EntityFrameworkCore.Database.Command[20101]
info: Onion.CleanArchitecture.WebApp.Server.Services.MicroserviceLauncherHostedService[0]
      [OrderOrchestration]       Executed DbCommand (2ms) [Parameters=[p0='?' (DbType = Guid)], CommandType='Text', CommandTimeout='30']
info: Onion.CleanArchitecture.WebApp.Server.Services.MicroserviceLauncherHostedService[0]
      [OrderOrchestration]       SELECT o."CorrelationId", o."CreatedAt", o."CurrentState", o."CustomerId", o."ErrorReason", o."IsTimeout", o."Items", o."NeedReleaseInventory", o."TotalAmount"
info: Onion.CleanArchitecture.WebApp.Server.Services.MicroserviceLauncherHostedService[0]
      [OrderOrchestration]       FROM (
info: Onion.CleanArchitecture.WebApp.Server.Services.MicroserviceLauncherHostedService[0]
      [OrderOrchestration]           SELECT *, xmin FROM "OrderState" WHERE "CorrelationId" = @p0 FOR UPDATE
info: Onion.CleanArchitecture.WebApp.Server.Services.MicroserviceLauncherHostedService[0]
      [OrderOrchestration]       ) AS o
info: Onion.CleanArchitecture.WebApp.Server.Services.MicroserviceLauncherHostedService[0]
      [OrderOrchestration]       LIMIT 2
info: Onion.CleanArchitecture.WebApp.Server.Services.MicroserviceLauncherHostedService[0]
      [OrderOrchestration] info: Microsoft.EntityFrameworkCore.Database.Command[20101]
info: Onion.CleanArchitecture.WebApp.Server.Services.MicroserviceLauncherHostedService[0]
      [OrderOrchestration]       Executed DbCommand (1ms) [Parameters=[@p1='?' (DbType = Guid), @p0='?'], CommandType='Text', CommandTimeout='30']
info: Onion.CleanArchitecture.WebApp.Server.Services.MicroserviceLauncherHostedService[0]
      [OrderOrchestration]       UPDATE "OrderState" SET "CurrentState" = @p0
info: Onion.CleanArchitecture.WebApp.Server.Services.MicroserviceLauncherHostedService[0]
      [OrderOrchestration]       WHERE "CorrelationId" = @p1;
info: Onion.CleanArchitecture.WebApp.Server.Services.MicroserviceLauncherHostedService[0]
      [OrderCompleteService] info: Microsoft.EntityFrameworkCore.Database.Command[20101]
info: Onion.CleanArchitecture.WebApp.Server.Services.MicroserviceLauncherHostedService[0]
      [OrderCompleteService]       Executed DbCommand (4ms) [Parameters=[@orderId='?' (DbType = Guid)], CommandType='Text', CommandTimeout='30']
info: Onion.CleanArchitecture.WebApp.Server.Services.MicroserviceLauncherHostedService[0]
      [OrderCompleteService]       SELECT o."Id", o."CompletedAt", o."CreatedAt", o."CreatedBy", o."CustomerId", o."IsReserved", o."LastModifiedAt", o."LastModifiedBy", o."Note", o."OrderCode", o."OrderId", o."RejectedAt", o."ShippingAddress", o."Status", o."TotalAmount", o."UpdatedAt"
info: Onion.CleanArchitecture.WebApp.Server.Services.MicroserviceLauncherHostedService[0]
      [OrderCompleteService]       FROM "Orders" AS o
info: Onion.CleanArchitecture.WebApp.Server.Services.MicroserviceLauncherHostedService[0]
      [OrderCompleteService]       WHERE o."OrderId" = @orderId
info: Onion.CleanArchitecture.WebApp.Server.Services.MicroserviceLauncherHostedService[0]
      [OrderCompleteService]       ORDER BY o."Id"
info: Onion.CleanArchitecture.WebApp.Server.Services.MicroserviceLauncherHostedService[0]
      [OrderCompleteService]       LIMIT 1
info: Onion.CleanArchitecture.WebApp.Server.Services.MicroserviceLauncherHostedService[0]
      [OrderCompleteService] info: Microsoft.EntityFrameworkCore.Database.Command[20101]
info: Onion.CleanArchitecture.WebApp.Server.Services.MicroserviceLauncherHostedService[0]
      [OrderCompleteService]       Executed DbCommand (1ms) [Parameters=[@orderId='?' (DbType = Guid)], CommandType='Text', CommandTimeout='30']
info: Onion.CleanArchitecture.WebApp.Server.Services.MicroserviceLauncherHostedService[0]
      [OrderCompleteService]       SELECT o0."Id", o0."CreatedAt", o0."CreatedBy", o0."LastModifiedAt", o0."LastModifiedBy", o0."OrderId", o0."OrderItemId", o0."ProductId", o0."ProductName", o0."Quantity", o0."UnitPrice", o1."Id"
info: Onion.CleanArchitecture.WebApp.Server.Services.MicroserviceLauncherHostedService[0]
      [OrderCompleteService]       FROM (
info: Onion.CleanArchitecture.WebApp.Server.Services.MicroserviceLauncherHostedService[0]
      [OrderCompleteService]           SELECT o."Id", o."OrderId"
info: Onion.CleanArchitecture.WebApp.Server.Services.MicroserviceLauncherHostedService[0]
      [OrderCompleteService]           FROM "Orders" AS o
info: Onion.CleanArchitecture.WebApp.Server.Services.MicroserviceLauncherHostedService[0]
      [OrderCompleteService]           WHERE o."OrderId" = @orderId
info: Onion.CleanArchitecture.WebApp.Server.Services.MicroserviceLauncherHostedService[0]
      [OrderCompleteService]           ORDER BY o."Id"
info: Onion.CleanArchitecture.WebApp.Server.Services.MicroserviceLauncherHostedService[0]
      [OrderCompleteService]           LIMIT 1
info: Onion.CleanArchitecture.WebApp.Server.Services.MicroserviceLauncherHostedService[0]
      [OrderCompleteService]       ) AS o1
info: Onion.CleanArchitecture.WebApp.Server.Services.MicroserviceLauncherHostedService[0]
      [OrderCompleteService]       INNER JOIN "OrderItems" AS o0 ON o1."OrderId" = o0."OrderId"
info: Onion.CleanArchitecture.WebApp.Server.Services.MicroserviceLauncherHostedService[0]
      [OrderCompleteService]       ORDER BY o1."Id"
info: Onion.CleanArchitecture.WebApp.Server.Services.MicroserviceLauncherHostedService[0]
      [OrderCompleteService] info: OrderCompleteService.OrderCompleteConsumer[0]
info: Onion.CleanArchitecture.WebApp.Server.Services.MicroserviceLauncherHostedService[0]
      [OrderCompleteService]       Nhận CompleteOrderCommand OrderId=a26430e1-3824-464a-ac4d-23be33f04ac3
info: Onion.CleanArchitecture.WebApp.Server.Services.MicroserviceLauncherHostedService[0]
      [OrderCompleteService] info: Microsoft.EntityFrameworkCore.Database.Command[20101]
info: Onion.CleanArchitecture.WebApp.Server.Services.MicroserviceLauncherHostedService[0]
      [OrderCompleteService]       Executed DbCommand (7ms) [Parameters=[@orderId='?' (DbType = Guid)], CommandType='Text', CommandTimeout='30']
info: Onion.CleanArchitecture.WebApp.Server.Services.MicroserviceLauncherHostedService[0]
      [OrderCompleteService]       SELECT o."Id", o."CreatedAt", o."CreatedBy", o."LastModifiedAt", o."LastModifiedBy", o."OrderId", o."Status", o."Timeout", o."TimerId", o."TimerStatus"
info: Onion.CleanArchitecture.WebApp.Server.Services.MicroserviceLauncherHostedService[0]
      [OrderCompleteService]       FROM "OrderTimers" AS o
info: Onion.CleanArchitecture.WebApp.Server.Services.MicroserviceLauncherHostedService[0]
      [OrderCompleteService]       WHERE o."OrderId" = @orderId AND o."TimerStatus" = 1
info: Onion.CleanArchitecture.WebApp.Server.Services.MicroserviceLauncherHostedService[0]
      [OrderCompleteService]       LIMIT 1
info: Onion.CleanArchitecture.WebApp.Server.Services.MicroserviceLauncherHostedService[0]
      [OrderCompleteService] info: Microsoft.EntityFrameworkCore.Database.Command[20101]
info: Onion.CleanArchitecture.WebApp.Server.Services.MicroserviceLauncherHostedService[0]
      [OrderCompleteService]       Executed DbCommand (18ms) [Parameters=[@p14='?' (DbType = Int32), @p0='?' (DbType = DateTime), @p1='?' (DbType = DateTime), @p2='?', @p3='?', @p4='?' (DbType = Boolean), @p5='?' (DbType = DateTime), @p6='?', @p7='?', @p8='?', @p9='?' (DbType = DateTime), @p10='?', @p11='?' (DbType = Int32), @p12='?' (DbType = Decimal), @p13='?' (DbType = DateTime)], CommandType='Text', CommandTimeout='30']
info: Onion.CleanArchitecture.WebApp.Server.Services.MicroserviceLauncherHostedService[0]
      [OrderCompleteService]       UPDATE "Orders" SET "CompletedAt" = @p0, "CreatedAt" = @p1, "CreatedBy" = @p2, "CustomerId" = @p3, "IsReserved" = @p4, "LastModifiedAt" = @p5, "LastModifiedBy" = @p6, "Note" = @p7, "OrderCode" = @p8, "RejectedAt" = @p9, "ShippingAddress" = @p10, "Status" = @p11, "TotalAmount" = @p12, "UpdatedAt" = @p13
info: Onion.CleanArchitecture.WebApp.Server.Services.MicroserviceLauncherHostedService[0]
      [OrderCompleteService]       WHERE "Id" = @p14;
info: Onion.CleanArchitecture.WebApp.Server.Services.MicroserviceLauncherHostedService[0]
      [OrderCompleteService] info: Microsoft.EntityFrameworkCore.Database.Command[20101]
info: Onion.CleanArchitecture.WebApp.Server.Services.MicroserviceLauncherHostedService[0]
      [OrderCompleteService]       Executed DbCommand (13ms) [Parameters=[@p0='?', @p1='?' (DbType = DateTime), @p2='?', @p3='?', @p4='?' (DbType = Guid), @p5='?' (DbType = DateTime), @p6='?', @p7='?', @p8='?' (DbType = Guid), @p9='?' (DbType = Int32)], CommandType='Text', CommandTimeout='30']
info: Onion.CleanArchitecture.WebApp.Server.Services.MicroserviceLauncherHostedService[0]
      [OrderCompleteService]       INSERT INTO "OrderHistories" ("ConsumerName", "CreatedAt", "CreatedBy", "EventType", "HistoryId", "LastModifiedAt", "LastModifiedBy", "Message", "OrderId", "Status")
info: Onion.CleanArchitecture.WebApp.Server.Services.MicroserviceLauncherHostedService[0]
      [OrderCompleteService]       VALUES (@p0, @p1, @p2, @p3, @p4, @p5, @p6, @p7, @p8, @p9)
info: Onion.CleanArchitecture.WebApp.Server.Services.MicroserviceLauncherHostedService[0]
      [OrderCompleteService]       RETURNING "Id";
info: Microsoft.EntityFrameworkCore.Database.Command[20101]
      Executed DbCommand (2ms) [Parameters=[], CommandType='Text', CommandTimeout='30']
      SELECT count(*)::int
      FROM "Product" AS p
info: Microsoft.EntityFrameworkCore.Database.Command[20101]
      Executed DbCommand (2ms) [Parameters=[@p1='?' (DbType = Int32), @p='?' (DbType = Int32)], CommandType='Text', CommandTimeout='30']
      SELECT p."Id", p."Code", p."CreatedAt", p."CreatedBy", p."Description", p."IsActive", p."LastModifiedAt", p."LastModifiedBy", p."Name", p."Price", p."ProductId", p."Rate", p."SLTKho"
      FROM "Product" AS p
      ORDER BY p."Id"
      LIMIT @p1 OFFSET @p
info: Onion.CleanArchitecture.WebApp.Server.Services.MicroserviceLauncherHostedService[0]
      [OrderCompleteService] info: OrderCompleteService.OrderCompleteConsumer[0]
info: Onion.CleanArchitecture.WebApp.Server.Services.MicroserviceLauncherHostedService[0]
      [OrderCompleteService]       Complete thành công OrderId=a26430e1-3824-464a-ac4d-23be33f04ac3.
info: Onion.CleanArchitecture.WebApp.Server.Services.MicroserviceLauncherHostedService[0]
      [OrderAcceptService] info: Microsoft.EntityFrameworkCore.Database.Command[20101]
info: Onion.CleanArchitecture.WebApp.Server.Services.MicroserviceLauncherHostedService[0]
      [OrderAcceptService]       Executed DbCommand (1ms) [Parameters=[@now='?' (DbType = DateTime)], CommandType='Text', CommandTimeout='30']
info: Onion.CleanArchitecture.WebApp.Server.Services.MicroserviceLauncherHostedService[0]
      [OrderAcceptService]       SELECT o."Id", o."CreatedAt", o."CreatedBy", o."LastModifiedAt", o."LastModifiedBy", o."OrderId", o."Status", o."Timeout", o."TimerId", o."TimerStatus"
info: Onion.CleanArchitecture.WebApp.Server.Services.MicroserviceLauncherHostedService[0]
      [OrderAcceptService]       FROM "OrderTimers" AS o
info: Onion.CleanArchitecture.WebApp.Server.Services.MicroserviceLauncherHostedService[0]
      [OrderAcceptService]       WHERE o."TimerStatus" = 1 AND o."Timeout" <= @now
info: Microsoft.EntityFrameworkCore.Database.Command[20101]
      Executed DbCommand (3ms) [Parameters=[], CommandType='Text', CommandTimeout='30']
      SELECT count(*)::int
      FROM "Product" AS p
info: Microsoft.EntityFrameworkCore.Database.Command[20101]
      Executed DbCommand (4ms) [Parameters=[@p1='?' (DbType = Int32), @p='?' (DbType = Int32)], CommandType='Text', CommandTimeout='30']
      SELECT p."Id", p."Code", p."CreatedAt", p."CreatedBy", p."Description", p."IsActive", p."LastModifiedAt", p."LastModifiedBy", p."Name", p."Price", p."ProductId", p."Rate", p."SLTKho"
      FROM "Product" AS p
      ORDER BY p."Id"
      LIMIT @p1 OFFSET @p
info: Microsoft.EntityFrameworkCore.Database.Command[20101]
      Executed DbCommand (1ms) [Parameters=[@productId='?' (DbType = Guid)], CommandType='Text', CommandTimeout='30']
      SELECT p."Id", p."Code", p."CreatedAt", p."CreatedBy", p."Description", p."IsActive", p."LastModifiedAt", p."LastModifiedBy", p."Name", p."Price", p."ProductId", p."Rate", p."SLTKho"
      FROM "Product" AS p
      WHERE p."ProductId" = @productId
      LIMIT 1
info: Microsoft.EntityFrameworkCore.Database.Command[20101]
      Executed DbCommand (6ms) [Parameters=[@p0='?' (DbType = DateTime), @p1='?' (DbType = DateTime), @p2='?', @p3='?', @p4='?' (DbType = Boolean), @p5='?' (DbType = DateTime), @p6='?', @p7='?', @p8='?', @p9='?' (DbType = Guid), @p10='?' (DbType = DateTime), @p11='?', @p12='?' (DbType = Int32), @p13='?' (DbType = Decimal), @p14='?' (DbType = DateTime), @p15='?' (DbType = DateTime), @p16='?', @p17='?' (DbType = DateTime), @p18='?', @p19='?' (DbType = Guid), @p20='?' (DbType = Guid), @p21='?' (DbType = Guid), @p22='?', @p23='?' (DbType = Int32), @p24='?' (DbType = Decimal)], CommandType='Text', CommandTimeout='30']
      INSERT INTO "Orders" ("CompletedAt", "CreatedAt", "CreatedBy", "CustomerId", "IsReserved", "LastModifiedAt", "LastModifiedBy", "Note", "OrderCode", "OrderId", "RejectedAt", "ShippingAddress", "Status", "TotalAmount", "UpdatedAt")
      VALUES (@p0, @p1, @p2, @p3, @p4, @p5, @p6, @p7, @p8, @p9, @p10, @p11, @p12, @p13, @p14)
      RETURNING "Id";
      INSERT INTO "OrderItems" ("CreatedAt", "CreatedBy", "LastModifiedAt", "LastModifiedBy", "OrderId", "OrderItemId", "ProductId", "ProductName", "Quantity", "UnitPrice")
      VALUES (@p15, @p16, @p17, @p18, @p19, @p20, @p21, @p22, @p23, @p24)
      RETURNING "Id";
info: Onion.CleanArchitecture.WebApp.Server.Services.MicroserviceLauncherHostedService[0]
      [OrderOrchestration] info: Microsoft.EntityFrameworkCore.Database.Command[20101]
info: Onion.CleanArchitecture.WebApp.Server.Services.MicroserviceLauncherHostedService[0]
      [OrderOrchestration]       Executed DbCommand (10ms) [Parameters=[p0='?' (DbType = Guid)], CommandType='Text', CommandTimeout='30']
info: Onion.CleanArchitecture.WebApp.Server.Services.MicroserviceLauncherHostedService[0]
      [OrderOrchestration]       SELECT o."CorrelationId", o."CreatedAt", o."CurrentState", o."CustomerId", o."ErrorReason", o."IsTimeout", o."Items", o."NeedReleaseInventory", o."TotalAmount"
info: Onion.CleanArchitecture.WebApp.Server.Services.MicroserviceLauncherHostedService[0]
      [OrderOrchestration]       FROM (
info: Onion.CleanArchitecture.WebApp.Server.Services.MicroserviceLauncherHostedService[0]
      [OrderOrchestration]           SELECT *, xmin FROM "OrderState" WHERE "CorrelationId" = @p0 FOR UPDATE
info: Onion.CleanArchitecture.WebApp.Server.Services.MicroserviceLauncherHostedService[0]
      [OrderOrchestration]       ) AS o
info: Onion.CleanArchitecture.WebApp.Server.Services.MicroserviceLauncherHostedService[0]
      [OrderOrchestration]       LIMIT 2
info: Onion.CleanArchitecture.WebApp.Server.Services.MicroserviceLauncherHostedService[0]
      [OrderOrchestration] info: Microsoft.EntityFrameworkCore.Database.Command[20101]
info: Onion.CleanArchitecture.WebApp.Server.Services.MicroserviceLauncherHostedService[0]
      [OrderOrchestration]       Executed DbCommand (3ms) [Parameters=[@p0='?' (DbType = Guid), @p1='?' (DbType = DateTime), @p2='?', @p3='?' (DbType = Guid), @p4='?', @p5='?' (DbType = Boolean), @p6='?' (DbType = Object), @p7='?' (DbType = Boolean), @p8='?' (DbType = Decimal)], CommandType='Text', CommandTimeout='30']
info: Onion.CleanArchitecture.WebApp.Server.Services.MicroserviceLauncherHostedService[0]
      [OrderOrchestration]       INSERT INTO "OrderState" ("CorrelationId", "CreatedAt", "CurrentState", "CustomerId", "ErrorReason", "IsTimeout", "Items", "NeedReleaseInventory", "TotalAmount")
info: Onion.CleanArchitecture.WebApp.Server.Services.MicroserviceLauncherHostedService[0]
      [OrderOrchestration]       VALUES (@p0, @p1, @p2, @p3, @p4, @p5, @p6, @p7, @p8);
info: Onion.CleanArchitecture.WebApp.Server.Services.MicroserviceLauncherHostedService[0]
      [OrderAcceptService] info: Microsoft.EntityFrameworkCore.Database.Command[20101]
info: Onion.CleanArchitecture.WebApp.Server.Services.MicroserviceLauncherHostedService[0]
      [OrderAcceptService]       Executed DbCommand (3ms) [Parameters=[@now='?' (DbType = DateTime)], CommandType='Text', CommandTimeout='30']
info: Onion.CleanArchitecture.WebApp.Server.Services.MicroserviceLauncherHostedService[0]
      [OrderAcceptService]       SELECT o."Id", o."CreatedAt", o."CreatedBy", o."LastModifiedAt", o."LastModifiedBy", o."OrderId", o."Status", o."Timeout", o."TimerId", o."TimerStatus"
info: Onion.CleanArchitecture.WebApp.Server.Services.MicroserviceLauncherHostedService[0]
      [OrderAcceptService]       FROM "OrderTimers" AS o
info: Onion.CleanArchitecture.WebApp.Server.Services.MicroserviceLauncherHostedService[0]
      [OrderAcceptService]       WHERE o."TimerStatus" = 1 AND o."Timeout" <= @now
info: Microsoft.EntityFrameworkCore.Database.Command[20101]
      Executed DbCommand (1ms) [Parameters=[], CommandType='Text', CommandTimeout='30']
      SELECT count(*)::int
      FROM "Orders" AS o
info: Microsoft.EntityFrameworkCore.Database.Command[20101]
      Executed DbCommand (2ms) [Parameters=[@p1='?' (DbType = Int32), @p='?' (DbType = Int32)], CommandType='Text', CommandTimeout='30']
      SELECT o."Id", o."CompletedAt", o."CreatedAt", o."CreatedBy", o."CustomerId", o."IsReserved", o."LastModifiedAt", o."LastModifiedBy", o."Note", o."OrderCode", o."OrderId", o."RejectedAt", o."ShippingAddress", o."Status", o."TotalAmount", o."UpdatedAt"
      FROM "Orders" AS o
      ORDER BY o."CreatedAt" DESC
      LIMIT @p1 OFFSET @p
info: Onion.CleanArchitecture.WebApp.Server.Services.MicroserviceLauncherHostedService[0]
      [OrderOrchestration] info: Microsoft.EntityFrameworkCore.Database.Command[20101]
info: Onion.CleanArchitecture.WebApp.Server.Services.MicroserviceLauncherHostedService[0]
      [OrderOrchestration]       Executed DbCommand (3ms) [Parameters=[p0='?' (DbType = Guid)], CommandType='Text', CommandTimeout='30']
info: Onion.CleanArchitecture.WebApp.Server.Services.MicroserviceLauncherHostedService[0]
      [OrderOrchestration]       SELECT o."CorrelationId", o."CreatedAt", o."CurrentState", o."CustomerId", o."ErrorReason", o."IsTimeout", o."Items", o."NeedReleaseInventory", o."TotalAmount"
info: Onion.CleanArchitecture.WebApp.Server.Services.MicroserviceLauncherHostedService[0]
      [OrderOrchestration]       FROM (
info: Onion.CleanArchitecture.WebApp.Server.Services.MicroserviceLauncherHostedService[0]
      [OrderOrchestration]           SELECT *, xmin FROM "OrderState" WHERE "CorrelationId" = @p0 FOR UPDATE
info: Onion.CleanArchitecture.WebApp.Server.Services.MicroserviceLauncherHostedService[0]
      [OrderOrchestration]       ) AS o
info: Onion.CleanArchitecture.WebApp.Server.Services.MicroserviceLauncherHostedService[0]
      [OrderOrchestration]       LIMIT 2
info: Onion.CleanArchitecture.WebApp.Server.Services.MicroserviceLauncherHostedService[0]
      [OrderOrchestration] info: Microsoft.EntityFrameworkCore.Database.Command[20101]
info: Onion.CleanArchitecture.WebApp.Server.Services.MicroserviceLauncherHostedService[0]
      [OrderOrchestration]       Executed DbCommand (1ms) [Parameters=[@p2='?' (DbType = Guid), @p0='?', @p1='?' (DbType = Boolean)], CommandType='Text', CommandTimeout='30']
info: Onion.CleanArchitecture.WebApp.Server.Services.MicroserviceLauncherHostedService[0]
      [OrderOrchestration]       UPDATE "OrderState" SET "CurrentState" = @p0, "NeedReleaseInventory" = @p1
info: Onion.CleanArchitecture.WebApp.Server.Services.MicroserviceLauncherHostedService[0]
      [OrderOrchestration]       WHERE "CorrelationId" = @p2;
info: Onion.CleanArchitecture.WebApp.Server.Services.MicroserviceLauncherHostedService[0]
      [OrderOrchestration] info: Microsoft.EntityFrameworkCore.Database.Command[20101]
info: Onion.CleanArchitecture.WebApp.Server.Services.MicroserviceLauncherHostedService[0]
      [OrderOrchestration]       Executed DbCommand (2ms) [Parameters=[p0='?' (DbType = Guid)], CommandType='Text', CommandTimeout='30']
info: Onion.CleanArchitecture.WebApp.Server.Services.MicroserviceLauncherHostedService[0]
      [OrderOrchestration]       SELECT o."CorrelationId", o."CreatedAt", o."CurrentState", o."CustomerId", o."ErrorReason", o."IsTimeout", o."Items", o."NeedReleaseInventory", o."TotalAmount"
info: Onion.CleanArchitecture.WebApp.Server.Services.MicroserviceLauncherHostedService[0]
      [OrderOrchestration]       FROM (
info: Onion.CleanArchitecture.WebApp.Server.Services.MicroserviceLauncherHostedService[0]
      [OrderOrchestration]           SELECT *, xmin FROM "OrderState" WHERE "CorrelationId" = @p0 FOR UPDATE
info: Onion.CleanArchitecture.WebApp.Server.Services.MicroserviceLauncherHostedService[0]
      [OrderOrchestration]       ) AS o
info: Onion.CleanArchitecture.WebApp.Server.Services.MicroserviceLauncherHostedService[0]
      [OrderOrchestration]       LIMIT 2
info: Onion.CleanArchitecture.WebApp.Server.Services.MicroserviceLauncherHostedService[0]
      [OrderOrchestration] info: Microsoft.EntityFrameworkCore.Database.Command[20101]
info: Onion.CleanArchitecture.WebApp.Server.Services.MicroserviceLauncherHostedService[0]
      [OrderOrchestration]       Executed DbCommand (1ms) [Parameters=[@p1='?' (DbType = Guid), @p0='?'], CommandType='Text', CommandTimeout='30']
info: Onion.CleanArchitecture.WebApp.Server.Services.MicroserviceLauncherHostedService[0]
      [OrderOrchestration]       UPDATE "OrderState" SET "CurrentState" = @p0
info: Onion.CleanArchitecture.WebApp.Server.Services.MicroserviceLauncherHostedService[0]
      [OrderOrchestration]       WHERE "CorrelationId" = @p1;
info: Microsoft.EntityFrameworkCore.Database.Command[20101]
      Executed DbCommand (1ms) [Parameters=[], CommandType='Text', CommandTimeout='30']
      SELECT count(*)::int
      FROM "Orders" AS o
info: Microsoft.EntityFrameworkCore.Database.Command[20101]
      Executed DbCommand (2ms) [Parameters=[@p1='?' (DbType = Int32), @p='?' (DbType = Int32)], CommandType='Text', CommandTimeout='30']
      SELECT o."Id", o."CompletedAt", o."CreatedAt", o."CreatedBy", o."CustomerId", o."IsReserved", o."LastModifiedAt", o."LastModifiedBy", o."Note", o."OrderCode", o."OrderId", o."RejectedAt", o."ShippingAddress", o."Status", o."TotalAmount", o."UpdatedAt"
      FROM "Orders" AS o
      ORDER BY o."CreatedAt" DESC
      LIMIT @p1 OFFSET @p
info: Onion.CleanArchitecture.WebApp.Server.Services.MicroserviceLauncherHostedService[0]
      [OrderAcceptService] info: Microsoft.EntityFrameworkCore.Database.Command[20101]
info: Onion.CleanArchitecture.WebApp.Server.Services.MicroserviceLauncherHostedService[0]
      [OrderAcceptService]       Executed DbCommand (1ms) [Parameters=[@now='?' (DbType = DateTime)], CommandType='Text', CommandTimeout='30']
info: Onion.CleanArchitecture.WebApp.Server.Services.MicroserviceLauncherHostedService[0]
      [OrderAcceptService]       SELECT o."Id", o."CreatedAt", o."CreatedBy", o."LastModifiedAt", o."LastModifiedBy", o."OrderId", o."Status", o."Timeout", o."TimerId", o."TimerStatus"
info: Onion.CleanArchitecture.WebApp.Server.Services.MicroserviceLauncherHostedService[0]
      [OrderAcceptService]       FROM "OrderTimers" AS o
info: Onion.CleanArchitecture.WebApp.Server.Services.MicroserviceLauncherHostedService[0]
      [OrderAcceptService]       WHERE o."TimerStatus" = 1 AND o."Timeout" <= @now
info: Onion.CleanArchitecture.WebApp.Server.Services.MicroserviceLauncherHostedService[0]
      [OrderAcceptService] info: OrderAcceptService.Services.TimerWatcherBackgroundService[0]
info: Onion.CleanArchitecture.WebApp.Server.Services.MicroserviceLauncherHostedService[0]
      [OrderAcceptService]       Tìm thấy 1 OrderTimer hết hạn cần xử lý.
info: Onion.CleanArchitecture.WebApp.Server.Services.MicroserviceLauncherHostedService[0]
      [OrderAcceptService] info: Microsoft.EntityFrameworkCore.Database.Command[20101]
info: Onion.CleanArchitecture.WebApp.Server.Services.MicroserviceLauncherHostedService[0]
      [OrderAcceptService]       Executed DbCommand (1ms) [Parameters=[@p9='?' (DbType = Int32), @p0='?' (DbType = DateTime), @p1='?', @p2='?' (DbType = DateTime), @p3='?', @p4='?' (DbType = Guid), @p5='?' (DbType = Int32), @p6='?' (DbType = DateTime), @p7='?' (DbType = Guid), @p8='?' (DbType = Int32)], CommandType='Text', CommandTimeout='30']
info: Onion.CleanArchitecture.WebApp.Server.Services.MicroserviceLauncherHostedService[0]
      [OrderAcceptService]       UPDATE "OrderTimers" SET "CreatedAt" = @p0, "CreatedBy" = @p1, "LastModifiedAt" = @p2, "LastModifiedBy" = @p3, "OrderId" = @p4, "Status" = @p5, "Timeout" = @p6, "TimerId" = @p7, "TimerStatus" = @p8
info: Onion.CleanArchitecture.WebApp.Server.Services.MicroserviceLauncherHostedService[0]
      [OrderAcceptService]       WHERE "Id" = @p9;
info: Onion.CleanArchitecture.WebApp.Server.Services.MicroserviceLauncherHostedService[0]
      [OrderAcceptService] info: OrderAcceptService.Services.TimerWatcherBackgroundService[0]
info: Onion.CleanArchitecture.WebApp.Server.Services.MicroserviceLauncherHostedService[0]
      [OrderAcceptService]       Đã publish OrderTimeoutExpiredEvent OrderId=a26430e1-3824-464a-ac4d-23be33f04ac3, TargetAction=Complete.
info: Onion.CleanArchitecture.WebApp.Server.Services.MicroserviceLauncherHostedService[0]
      [OrderOrchestration] info: Microsoft.EntityFrameworkCore.Database.Command[20101]
info: Onion.CleanArchitecture.WebApp.Server.Services.MicroserviceLauncherHostedService[0]
      [OrderOrchestration]       Executed DbCommand (3ms) [Parameters=[p0='?' (DbType = Guid)], CommandType='Text', CommandTimeout='30']
info: Onion.CleanArchitecture.WebApp.Server.Services.MicroserviceLauncherHostedService[0]
      [OrderOrchestration]       SELECT o."CorrelationId", o."CreatedAt", o."CurrentState", o."CustomerId", o."ErrorReason", o."IsTimeout", o."Items", o."NeedReleaseInventory", o."TotalAmount"
info: Onion.CleanArchitecture.WebApp.Server.Services.MicroserviceLauncherHostedService[0]
      [OrderOrchestration]       FROM (
info: Onion.CleanArchitecture.WebApp.Server.Services.MicroserviceLauncherHostedService[0]
      [OrderOrchestration]           SELECT *, xmin FROM "OrderState" WHERE "CorrelationId" = @p0 FOR UPDATE
info: Onion.CleanArchitecture.WebApp.Server.Services.MicroserviceLauncherHostedService[0]
      [OrderOrchestration]       ) AS o
info: Onion.CleanArchitecture.WebApp.Server.Services.MicroserviceLauncherHostedService[0]
      [OrderOrchestration]       LIMIT 2
info: Onion.CleanArchitecture.WebApp.Server.Services.MicroserviceLauncherHostedService[0]
      [OrderOrchestration] info: Microsoft.EntityFrameworkCore.Database.Command[20101]
info: Onion.CleanArchitecture.WebApp.Server.Services.MicroserviceLauncherHostedService[0]
      [OrderOrchestration]       Executed DbCommand (0ms) [Parameters=[@p3='?' (DbType = Guid), @p0='?', @p1='?', @p2='?' (DbType = Boolean)], CommandType='Text', CommandTimeout='30']
info: Onion.CleanArchitecture.WebApp.Server.Services.MicroserviceLauncherHostedService[0]
      [OrderOrchestration]       UPDATE "OrderState" SET "CurrentState" = @p0, "ErrorReason" = @p1, "IsTimeout" = @p2
info: Onion.CleanArchitecture.WebApp.Server.Services.MicroserviceLauncherHostedService[0]
      [OrderOrchestration]       WHERE "CorrelationId" = @p3;
info: Microsoft.EntityFrameworkCore.Database.Command[20101]
      Executed DbCommand (1ms) [Parameters=[], CommandType='Text', CommandTimeout='30']
      SELECT count(*)::int
      FROM "Orders" AS o
info: Microsoft.EntityFrameworkCore.Database.Command[20101]
      Executed DbCommand (1ms) [Parameters=[@p1='?' (DbType = Int32), @p='?' (DbType = Int32)], CommandType='Text', CommandTimeout='30']
      SELECT o."Id", o."CompletedAt", o."CreatedAt", o."CreatedBy", o."CustomerId", o."IsReserved", o."LastModifiedAt", o."LastModifiedBy", o."Note", o."OrderCode", o."OrderId", o."RejectedAt", o."ShippingAddress", o."Status", o."TotalAmount", o."UpdatedAt"
      FROM "Orders" AS o
      ORDER BY o."CreatedAt" DESC
      LIMIT @p1 OFFSET @p
info: Microsoft.EntityFrameworkCore.Database.Command[20101]
      Executed DbCommand (2ms) [Parameters=[@orderId='?' (DbType = Guid)], CommandType='Text', CommandTimeout='30']
      SELECT o."Id", o."CompletedAt", o."CreatedAt", o."CreatedBy", o."CustomerId", o."IsReserved", o."LastModifiedAt", o."LastModifiedBy", o."Note", o."OrderCode", o."OrderId", o."RejectedAt", o."ShippingAddress", o."Status", o."TotalAmount", o."UpdatedAt"
      FROM "Orders" AS o
      WHERE o."OrderId" = @orderId
      ORDER BY o."Id"
      LIMIT 1
info: Microsoft.EntityFrameworkCore.Database.Command[20101]
      Executed DbCommand (6ms) [Parameters=[@orderId='?' (DbType = Guid)], CommandType='Text', CommandTimeout='30']
      SELECT o0."Id", o0."CreatedAt", o0."CreatedBy", o0."LastModifiedAt", o0."LastModifiedBy", o0."OrderId", o0."OrderItemId", o0."ProductId", o0."ProductName", o0."Quantity", o0."UnitPrice", o1."Id"
      FROM (
          SELECT o."Id", o."OrderId"
          FROM "Orders" AS o
          WHERE o."OrderId" = @orderId
          ORDER BY o."Id"
          LIMIT 1
      ) AS o1
      INNER JOIN "OrderItems" AS o0 ON o1."OrderId" = o0."OrderId"
      ORDER BY o1."Id"
info: Microsoft.EntityFrameworkCore.Database.Command[20101]
      Executed DbCommand (4ms) [Parameters=[], CommandType='Text', CommandTimeout='30']
      SELECT count(*)::int
      FROM "Orders" AS o
info: Microsoft.EntityFrameworkCore.Database.Command[20101]
      Executed DbCommand (3ms) [Parameters=[@p1='?' (DbType = Int32), @p='?' (DbType = Int32)], CommandType='Text', CommandTimeout='30']
      SELECT o."Id", o."CompletedAt", o."CreatedAt", o."CreatedBy", o."CustomerId", o."IsReserved", o."LastModifiedAt", o."LastModifiedBy", o."Note", o."OrderCode", o."OrderId", o."RejectedAt", o."ShippingAddress", o."Status", o."TotalAmount", o."UpdatedAt"
      FROM "Orders" AS o
      ORDER BY o."CreatedAt" DESC
      LIMIT @p1 OFFSET @p
info: Microsoft.EntityFrameworkCore.Database.Command[20101]
      Executed DbCommand (2ms) [Parameters=[@orderId='?' (DbType = Guid)], CommandType='Text', CommandTimeout='30']
      SELECT o."Id", o."CompletedAt", o."CreatedAt", o."CreatedBy", o."CustomerId", o."IsReserved", o."LastModifiedAt", o."LastModifiedBy", o."Note", o."OrderCode", o."OrderId", o."RejectedAt", o."ShippingAddress", o."Status", o."TotalAmount", o."UpdatedAt"
      FROM "Orders" AS o
      WHERE o."OrderId" = @orderId
      ORDER BY o."Id"
      LIMIT 1
info: Microsoft.EntityFrameworkCore.Database.Command[20101]
      Executed DbCommand (2ms) [Parameters=[@orderId='?' (DbType = Guid)], CommandType='Text', CommandTimeout='30']
      SELECT o0."Id", o0."CreatedAt", o0."CreatedBy", o0."LastModifiedAt", o0."LastModifiedBy", o0."OrderId", o0."OrderItemId", o0."ProductId", o0."ProductName", o0."Quantity", o0."UnitPrice", o1."Id"
      FROM (
          SELECT o."Id", o."OrderId"
          FROM "Orders" AS o
          WHERE o."OrderId" = @orderId
          ORDER BY o."Id"
          LIMIT 1
      ) AS o1
      INNER JOIN "OrderItems" AS o0 ON o1."OrderId" = o0."OrderId"
      ORDER BY o1."Id"
info: Microsoft.EntityFrameworkCore.Database.Command[20101]
      Executed DbCommand (1ms) [Parameters=[], CommandType='Text', CommandTimeout='30']
      SELECT count(*)::int
      FROM "Orders" AS o
info: Microsoft.EntityFrameworkCore.Database.Command[20101]
      Executed DbCommand (1ms) [Parameters=[@p1='?' (DbType = Int32), @p='?' (DbType = Int32)], CommandType='Text', CommandTimeout='30']
      SELECT o."Id", o."CompletedAt", o."CreatedAt", o."CreatedBy", o."CustomerId", o."IsReserved", o."LastModifiedAt", o."LastModifiedBy", o."Note", o."OrderCode", o."OrderId", o."RejectedAt", o."ShippingAddress", o."Status", o."TotalAmount", o."UpdatedAt"
      FROM "Orders" AS o
      ORDER BY o."CreatedAt" DESC
      LIMIT @p1 OFFSET @p
info: Onion.CleanArchitecture.WebApp.Server.Services.MicroserviceLauncherHostedService[0]
      [OrderAcceptService] info: Microsoft.EntityFrameworkCore.Database.Command[20101]
info: Onion.CleanArchitecture.WebApp.Server.Services.MicroserviceLauncherHostedService[0]
      [OrderAcceptService]       Executed DbCommand (2ms) [Parameters=[@now='?' (DbType = DateTime)], CommandType='Text', CommandTimeout='30']
info: Onion.CleanArchitecture.WebApp.Server.Services.MicroserviceLauncherHostedService[0]
      [OrderAcceptService]       SELECT o."Id", o."CreatedAt", o."CreatedBy", o."LastModifiedAt", o."LastModifiedBy", o."OrderId", o."Status", o."Timeout", o."TimerId", o."TimerStatus"
info: Onion.CleanArchitecture.WebApp.Server.Services.MicroserviceLauncherHostedService[0]
      [OrderAcceptService]       FROM "OrderTimers" AS o
info: Onion.CleanArchitecture.WebApp.Server.Services.MicroserviceLauncherHostedService[0]
      [OrderAcceptService]       WHERE o."TimerStatus" = 1 AND o."Timeout" <= @now
