Using launch settings from D:\Univer\Nam_4\VB\Demo-Saga\Onion.CleanArchitecture\Onion.CleanArchitecture.WebApp.Server\Properties\launchSettings.json...
Building...
info: Microsoft.EntityFrameworkCore.Database.Command[20101]
      Executed DbCommand (41ms) [Parameters=[], CommandType='Text', CommandTimeout='30']
      SELECT "MigrationId", "ProductVersion"
      FROM "__EFMigrationsHistory"
      ORDER BY "MigrationId";
info: Microsoft.EntityFrameworkCore.Database.Command[20101]
      Executed DbCommand (21ms) [Parameters=[], CommandType='Text', CommandTimeout='30']
      SELECT 1
info: Microsoft.EntityFrameworkCore.Database.Command[20101]
      Executed DbCommand (12ms) [Parameters=[], CommandType='Text', CommandTimeout='30']
      CREATE TABLE IF NOT EXISTS "__EFMigrationsHistory" (
          "MigrationId" character varying(150) NOT NULL,
          "ProductVersion" character varying(32) NOT NULL,
          CONSTRAINT "PK___EFMigrationsHistory" PRIMARY KEY ("MigrationId")
      );
info: Microsoft.EntityFrameworkCore.Database.Command[20101]
      Executed DbCommand (3ms) [Parameters=[], CommandType='Text', CommandTimeout='30']
      LOCK TABLE "__EFMigrationsHistory" IN ACCESS EXCLUSIVE MODE
info: Microsoft.EntityFrameworkCore.Database.Command[20101]
      Executed DbCommand (3ms) [Parameters=[], CommandType='Text', CommandTimeout='30']
      SELECT "MigrationId", "ProductVersion"
      FROM "__EFMigrationsHistory"
      ORDER BY "MigrationId";
info: Microsoft.EntityFrameworkCore.Migrations[20405]
      No migrations were applied. The database is already up to date.
info: Microsoft.EntityFrameworkCore.Database.Command[20101]
      Executed DbCommand (2ms) [Parameters=[], CommandType='Text', CommandTimeout='30']
      SELECT "MigrationId", "ProductVersion"
      FROM "__EFMigrationsHistory"
      ORDER BY "MigrationId";
info: Microsoft.EntityFrameworkCore.Database.Command[20101]
      Executed DbCommand (1ms) [Parameters=[], CommandType='Text', CommandTimeout='30']
      SELECT 1
info: Microsoft.EntityFrameworkCore.Database.Command[20101]
      Executed DbCommand (1ms) [Parameters=[], CommandType='Text', CommandTimeout='30']
      CREATE TABLE IF NOT EXISTS "__EFMigrationsHistory" (
          "MigrationId" character varying(150) NOT NULL,
          "ProductVersion" character varying(32) NOT NULL,
          CONSTRAINT "PK___EFMigrationsHistory" PRIMARY KEY ("MigrationId")
      );
info: Microsoft.EntityFrameworkCore.Database.Command[20101]
      Executed DbCommand (1ms) [Parameters=[], CommandType='Text', CommandTimeout='30']
      LOCK TABLE "__EFMigrationsHistory" IN ACCESS EXCLUSIVE MODE
info: Microsoft.EntityFrameworkCore.Database.Command[20101]
      Executed DbCommand (1ms) [Parameters=[], CommandType='Text', CommandTimeout='30']
      SELECT "MigrationId", "ProductVersion"
      FROM "__EFMigrationsHistory"
      ORDER BY "MigrationId";
info: Microsoft.EntityFrameworkCore.Migrations[20405]
      No migrations were applied. The database is already up to date.
info: Microsoft.EntityFrameworkCore.Database.Command[20101]
      Executed DbCommand (30ms) [Parameters=[@normalizedName='?'], CommandType='Text', CommandTimeout='30']
      SELECT r."Id", r."ConcurrencyStamp", r."Name", r."NormalizedName"
      FROM "Identity"."Role" AS r
      WHERE r."NormalizedName" = @normalizedName
      LIMIT 1
warn: Microsoft.AspNetCore.Identity.RoleManager[0]
      Role ebea3a28-21bb-46a6-91ee-5afc593b89f7 validation failed: DuplicateRoleName.
info: Microsoft.EntityFrameworkCore.Database.Command[20101]
      Executed DbCommand (1ms) [Parameters=[@normalizedName='?'], CommandType='Text', CommandTimeout='30']
      SELECT r."Id", r."ConcurrencyStamp", r."Name", r."NormalizedName"
      FROM "Identity"."Role" AS r
      WHERE r."NormalizedName" = @normalizedName
      LIMIT 1
warn: Microsoft.AspNetCore.Identity.RoleManager[0]
      Role b00723a3-c96d-4edb-af3f-fce0983080a4 validation failed: DuplicateRoleName.
info: Microsoft.EntityFrameworkCore.Database.Command[20101]
      Executed DbCommand (1ms) [Parameters=[@normalizedName='?'], CommandType='Text', CommandTimeout='30']
      SELECT r."Id", r."ConcurrencyStamp", r."Name", r."NormalizedName"
      FROM "Identity"."Role" AS r
      WHERE r."NormalizedName" = @normalizedName
      LIMIT 1
warn: Microsoft.AspNetCore.Identity.RoleManager[0]
      Role b97dc9a4-5822-4592-a9e6-0b69993156fe validation failed: DuplicateRoleName.
info: Microsoft.EntityFrameworkCore.Database.Command[20101]
      Executed DbCommand (1ms) [Parameters=[@normalizedName='?'], CommandType='Text', CommandTimeout='30']
      SELECT r."Id", r."ConcurrencyStamp", r."Name", r."NormalizedName"
      FROM "Identity"."Role" AS r
      WHERE r."NormalizedName" = @normalizedName
      LIMIT 1
warn: Microsoft.AspNetCore.Identity.RoleManager[0]
      Role 63d942b5-e58d-455c-8591-733a00cd3a03 validation failed: DuplicateRoleName.
info: Microsoft.EntityFrameworkCore.Database.Command[20101]
      Executed DbCommand (5ms) [Parameters=[@normalizedEmail='?'], CommandType='Text', CommandTimeout='30']
      SELECT u."Id", u."AccessFailedCount", u."ConcurrencyStamp", u."Email", u."EmailConfirmed", u."FirstName", u."LastName", u."LockoutEnabled", u."LockoutEnd", u."NormalizedEmail", u."NormalizedUserName", u."PasswordHash", u."PhoneNumber", u."PhoneNumberConfirmed", u."SecurityStamp", u."TwoFactorEnabled", u."UserName"
      FROM "Identity"."User" AS u
      WHERE u."NormalizedEmail" = @normalizedEmail
      LIMIT 2
info: Microsoft.EntityFrameworkCore.Database.Command[20101]
      Executed DbCommand (1ms) [Parameters=[@normalizedUserName='?'], CommandType='Text', CommandTimeout='30']
      SELECT u."Id", u."AccessFailedCount", u."ConcurrencyStamp", u."Email", u."EmailConfirmed", u."FirstName", u."LastName", u."LockoutEnabled", u."LockoutEnd", u."NormalizedEmail", u."NormalizedUserName", u."PasswordHash", u."PhoneNumber", u."PhoneNumberConfirmed", u."SecurityStamp", u."TwoFactorEnabled", u."UserName"
      FROM "Identity"."User" AS u
      WHERE u."NormalizedUserName" = @normalizedUserName
      LIMIT 1
info: Microsoft.EntityFrameworkCore.Database.Command[20101]
      Executed DbCommand (8ms) [Parameters=[@p16='?', @p0='?' (DbType = Int32), @p1='?', @p17='?', @p2='?', @p3='?' (DbType = Boolean), @p4='?', @p5='?', @p6='?' (DbType = Boolean), @p7='?' (DbType = DateTime), @p8='?', @p9='?', @p10='?', @p11='?', @p12='?' (DbType = Boolean), @p13='?', @p14='?' (DbType = Boolean), @p15='?'], CommandType='Text', CommandTimeout='30']
      UPDATE "Identity"."User" SET "AccessFailedCount" = @p0, "ConcurrencyStamp" = @p1, "Email" = @p2, "EmailConfirmed" = @p3, "FirstName" = @p4, "LastName" = @p5, "LockoutEnabled" = @p6, "LockoutEnd" = @p7, "NormalizedEmail" = @p8, "NormalizedUserName" = @p9, "PasswordHash" = @p10, "PhoneNumber" = @p11, "PhoneNumberConfirmed" = @p12, "SecurityStamp" = @p13, "TwoFactorEnabled" = @p14, "UserName" = @p15
      WHERE "Id" = @p16 AND "ConcurrencyStamp" = @p17;
info: Microsoft.EntityFrameworkCore.Database.Command[20101]
      Executed DbCommand (1ms) [Parameters=[@normalizedRoleName='?'], CommandType='Text', CommandTimeout='30']
      SELECT r."Id", r."ConcurrencyStamp", r."Name", r."NormalizedName"
      FROM "Identity"."Role" AS r
      WHERE r."NormalizedName" = @normalizedRoleName
      LIMIT 2
info: Microsoft.EntityFrameworkCore.Database.Command[20101]
      Executed DbCommand (4ms) [Parameters=[@p='?', @p1='?'], CommandType='Text', CommandTimeout='30']
      SELECT u."UserId", u."RoleId"
      FROM "Identity"."UserRoles" AS u
      WHERE u."UserId" = @p AND u."RoleId" = @p1
      LIMIT 1
info: Microsoft.EntityFrameworkCore.Database.Command[20101]
      Executed DbCommand (1ms) [Parameters=[@normalizedName='?'], CommandType='Text', CommandTimeout='30']
      SELECT r."Id", r."ConcurrencyStamp", r."Name", r."NormalizedName"
      FROM "Identity"."Role" AS r
      WHERE r."NormalizedName" = @normalizedName
      LIMIT 1
info: Microsoft.EntityFrameworkCore.Database.Command[20101]
      Executed DbCommand (6ms) [Parameters=[@role_Id='?'], CommandType='Text', CommandTimeout='30']
      SELECT r."ClaimType", r."ClaimValue"
      FROM "Identity"."RoleClaims" AS r
      WHERE r."RoleId" = @role_Id
info: Microsoft.EntityFrameworkCore.Database.Command[20101]
      Executed DbCommand (3ms) [Parameters=[@defaultUser_Id='?'], CommandType='Text', CommandTimeout='30']
      SELECT NOT EXISTS (
          SELECT 1
          FROM "Identity"."User" AS u
          WHERE u."Id" = @defaultUser_Id)
info: Microsoft.EntityFrameworkCore.Database.Command[20101]
      Executed DbCommand (1ms) [Parameters=[@normalizedEmail='?'], CommandType='Text', CommandTimeout='30']
      SELECT u."Id", u."AccessFailedCount", u."ConcurrencyStamp", u."Email", u."EmailConfirmed", u."FirstName", u."LastName", u."LockoutEnabled", u."LockoutEnd", u."NormalizedEmail", u."NormalizedUserName", u."PasswordHash", u."PhoneNumber", u."PhoneNumberConfirmed", u."SecurityStamp", u."TwoFactorEnabled", u."UserName"
      FROM "Identity"."User" AS u
      WHERE u."NormalizedEmail" = @normalizedEmail
      LIMIT 2
[10:26:52 INF] Hoàn thành khởi tạo dữ liệu mặc định
[10:26:52 INF] BẮT ĐẦU KHỞI TẠO DỮ LIỆU MẪU
info: MassTransit.SqlTransport.SqlTransportMigrationHostedService[0]
      MassTransit SQL Transport creating database LearnSaga
info: MassTransit.SqlTransport.SqlTransportMigrationHostedService[0]
      MassTransit SQL Transport creating schema for database LearnSaga
info: MassTransit.SqlTransport.SqlTransportMigrationHostedService[0]
      MassTransit SQL Transport creating infrastructure for database LearnSaga
info: Onion.CleanArchitecture.WebApp.Server.Services.MicroserviceLauncherHostedService[0]
      [Launcher] Started OrderSubmitService (PID 16324)
info: Onion.CleanArchitecture.WebApp.Server.Services.MicroserviceLauncherHostedService[0]
      [Launcher] Started OrderOrchestration (PID 3760)
info: Onion.CleanArchitecture.WebApp.Server.Services.MicroserviceLauncherHostedService[0]
      [Launcher] Started OrderAcceptService (PID 12480)
info: Onion.CleanArchitecture.WebApp.Server.Services.MicroserviceLauncherHostedService[0]
      [Launcher] Started OrderCompleteService (PID 8880)
info: Onion.CleanArchitecture.WebApp.Server.Services.MicroserviceLauncherHostedService[0]
      [Launcher] Started NotificationService (PID 28424)
info: MassTransit[0]
      Bus started: db://localhost/
info: Microsoft.Hosting.Lifetime[14]
      Now listening on: https://localhost:7058
info: Microsoft.Hosting.Lifetime[14]
      Now listening on: http://localhost:5220
info: Microsoft.Hosting.Lifetime[0]
      Application started. Press Ctrl+C to shut down.
info: Microsoft.Hosting.Lifetime[0]
      Hosting environment: Development
info: Microsoft.Hosting.Lifetime[0]
      Content root path: D:\Univer\Nam_4\VB\Demo-Saga\Onion.CleanArchitecture\Onion.CleanArchitecture.WebApp.Server
info: Onion.CleanArchitecture.WebApp.Server.Services.MicroserviceLauncherHostedService[0]
      [NotificationService] Using launch settings from D:\Univer\Nam_4\VB\Demo-Saga\NotificationService\Properties\launchSettings.json...
info: Onion.CleanArchitecture.WebApp.Server.Services.MicroserviceLauncherHostedService[0]
      [NotificationService] Building...
info: Onion.CleanArchitecture.WebApp.Server.Services.MicroserviceLauncherHostedService[0]
      [OrderAcceptService] info: MassTransit[0]
info: Onion.CleanArchitecture.WebApp.Server.Services.MicroserviceLauncherHostedService[0]
      [OrderAcceptService]       Configured endpoint order-accept-queue, Consumer: OrderAcceptService.OrderAcceptConsumer
info: Onion.CleanArchitecture.WebApp.Server.Services.MicroserviceLauncherHostedService[0]
      [OrderAcceptService] info: MassTransit[0]
info: Onion.CleanArchitecture.WebApp.Server.Services.MicroserviceLauncherHostedService[0]
      [OrderAcceptService]       Configured endpoint order-cancel-queue, Consumer: OrderAcceptService.CancelOrderConsumer
info: Onion.CleanArchitecture.WebApp.Server.Services.MicroserviceLauncherHostedService[0]
      [OrderAcceptService] info: MassTransit.SqlTransport.SqlTransportMigrationHostedService[0]
info: Onion.CleanArchitecture.WebApp.Server.Services.MicroserviceLauncherHostedService[0]
      [OrderAcceptService]       MassTransit SQL Transport creating database LearnSaga
info: Onion.CleanArchitecture.WebApp.Server.Services.MicroserviceLauncherHostedService[0]
      [OrderOrchestration] warn: Microsoft.EntityFrameworkCore.Model.Validation[10620]
info: Onion.CleanArchitecture.WebApp.Server.Services.MicroserviceLauncherHostedService[0]
      [OrderOrchestration]       The property 'OrderState.Items' is a collection or enumeration type with a value converter but with no value comparer. Set a value comparer to ensure the collection/enumeration elements are compared correctly.
info: Onion.CleanArchitecture.WebApp.Server.Services.MicroserviceLauncherHostedService[0]
      [OrderAcceptService] info: MassTransit.SqlTransport.SqlTransportMigrationHostedService[0]
info: Onion.CleanArchitecture.WebApp.Server.Services.MicroserviceLauncherHostedService[0]
      [OrderAcceptService]       MassTransit SQL Transport creating schema for database LearnSaga
info: Onion.CleanArchitecture.WebApp.Server.Services.MicroserviceLauncherHostedService[0]
      [OrderAcceptService] info: MassTransit.SqlTransport.SqlTransportMigrationHostedService[0]
info: Onion.CleanArchitecture.WebApp.Server.Services.MicroserviceLauncherHostedService[0]
      [OrderAcceptService]       MassTransit SQL Transport creating infrastructure for database LearnSaga
info: Onion.CleanArchitecture.WebApp.Server.Services.MicroserviceLauncherHostedService[0]
      [OrderAcceptService] info: Microsoft.Hosting.Lifetime[0]
info: Onion.CleanArchitecture.WebApp.Server.Services.MicroserviceLauncherHostedService[0]
      [OrderAcceptService]       Application started. Press Ctrl+C to shut down.
info: Onion.CleanArchitecture.WebApp.Server.Services.MicroserviceLauncherHostedService[0]
      [OrderAcceptService] info: Microsoft.Hosting.Lifetime[0]
info: Onion.CleanArchitecture.WebApp.Server.Services.MicroserviceLauncherHostedService[0]
      [OrderAcceptService]       Hosting environment: Production
info: Onion.CleanArchitecture.WebApp.Server.Services.MicroserviceLauncherHostedService[0]
      [OrderAcceptService] info: Microsoft.Hosting.Lifetime[0]
info: Onion.CleanArchitecture.WebApp.Server.Services.MicroserviceLauncherHostedService[0]
      [OrderAcceptService]       Content root path: D:\Univer\Nam_4\VB\Demo-Saga\OrderAcceptService
info: Onion.CleanArchitecture.WebApp.Server.Services.MicroserviceLauncherHostedService[0]
      [OrderAcceptService] info: OrderAcceptService.Services.TimerWatcherBackgroundService[0]
info: Onion.CleanArchitecture.WebApp.Server.Services.MicroserviceLauncherHostedService[0]
      [OrderAcceptService]       TimerWatcherBackgroundService đã khởi động.
info: Onion.CleanArchitecture.WebApp.Server.Services.MicroserviceLauncherHostedService[0]
      [OrderAcceptService] info: MassTransit[0]
info: Onion.CleanArchitecture.WebApp.Server.Services.MicroserviceLauncherHostedService[0]
      [OrderAcceptService]       Bus started: db://localhost/
info: Onion.CleanArchitecture.WebApp.Server.Services.MicroserviceLauncherHostedService[0]
      [OrderOrchestration] info: Microsoft.EntityFrameworkCore.Database.Command[20101]
info: Onion.CleanArchitecture.WebApp.Server.Services.MicroserviceLauncherHostedService[0]
      [OrderOrchestration]       Executed DbCommand (125ms) [Parameters=[], CommandType='Text', CommandTimeout='30']
info: Onion.CleanArchitecture.WebApp.Server.Services.MicroserviceLauncherHostedService[0]
      [OrderOrchestration]       SELECT "MigrationId", "ProductVersion"
info: Onion.CleanArchitecture.WebApp.Server.Services.MicroserviceLauncherHostedService[0]
      [OrderOrchestration]       FROM "__EFMigrationsHistory"
info: Onion.CleanArchitecture.WebApp.Server.Services.MicroserviceLauncherHostedService[0]
      [OrderOrchestration]       ORDER BY "MigrationId";
info: Onion.CleanArchitecture.WebApp.Server.Services.MicroserviceLauncherHostedService[0]
      [OrderOrchestration] info: Microsoft.EntityFrameworkCore.Database.Command[20101]
info: Onion.CleanArchitecture.WebApp.Server.Services.MicroserviceLauncherHostedService[0]
      [OrderOrchestration]       Executed DbCommand (18ms) [Parameters=[], CommandType='Text', CommandTimeout='30']
info: Onion.CleanArchitecture.WebApp.Server.Services.MicroserviceLauncherHostedService[0]
      [OrderOrchestration]       SELECT 1
info: Onion.CleanArchitecture.WebApp.Server.Services.MicroserviceLauncherHostedService[0]
      [OrderOrchestration] info: Microsoft.EntityFrameworkCore.Database.Command[20101]
info: Onion.CleanArchitecture.WebApp.Server.Services.MicroserviceLauncherHostedService[0]
      [OrderOrchestration]       Executed DbCommand (12ms) [Parameters=[], CommandType='Text', CommandTimeout='30']
info: Onion.CleanArchitecture.WebApp.Server.Services.MicroserviceLauncherHostedService[0]
      [OrderOrchestration]       CREATE TABLE IF NOT EXISTS "__EFMigrationsHistory" (
info: Onion.CleanArchitecture.WebApp.Server.Services.MicroserviceLauncherHostedService[0]
      [OrderOrchestration]           "MigrationId" character varying(150) NOT NULL,
info: Onion.CleanArchitecture.WebApp.Server.Services.MicroserviceLauncherHostedService[0]
      [OrderOrchestration]           "ProductVersion" character varying(32) NOT NULL,
info: Onion.CleanArchitecture.WebApp.Server.Services.MicroserviceLauncherHostedService[0]
      [OrderOrchestration]           CONSTRAINT "PK___EFMigrationsHistory" PRIMARY KEY ("MigrationId")
info: Onion.CleanArchitecture.WebApp.Server.Services.MicroserviceLauncherHostedService[0]
      [OrderOrchestration]       );
info: Onion.CleanArchitecture.WebApp.Server.Services.MicroserviceLauncherHostedService[0]
      [OrderOrchestration] info: Microsoft.EntityFrameworkCore.Migrations[20411]
info: Onion.CleanArchitecture.WebApp.Server.Services.MicroserviceLauncherHostedService[0]
      [OrderOrchestration]       Acquiring an exclusive lock for migration application. See https://aka.ms/efcore-docs-migrations-lock for more information if this takes too long.
info: Onion.CleanArchitecture.WebApp.Server.Services.MicroserviceLauncherHostedService[0]
      [OrderOrchestration] info: Microsoft.EntityFrameworkCore.Database.Command[20101]
info: Onion.CleanArchitecture.WebApp.Server.Services.MicroserviceLauncherHostedService[0]
      [OrderOrchestration]       Executed DbCommand (1ms) [Parameters=[], CommandType='Text', CommandTimeout='30']
info: Onion.CleanArchitecture.WebApp.Server.Services.MicroserviceLauncherHostedService[0]
      [OrderOrchestration]       LOCK TABLE "__EFMigrationsHistory" IN ACCESS EXCLUSIVE MODE
info: Onion.CleanArchitecture.WebApp.Server.Services.MicroserviceLauncherHostedService[0]
      [OrderOrchestration] info: Microsoft.EntityFrameworkCore.Database.Command[20101]
info: Onion.CleanArchitecture.WebApp.Server.Services.MicroserviceLauncherHostedService[0]
      [OrderOrchestration]       Executed DbCommand (1ms) [Parameters=[], CommandType='Text', CommandTimeout='30']
info: Onion.CleanArchitecture.WebApp.Server.Services.MicroserviceLauncherHostedService[0]
      [OrderOrchestration]       SELECT "MigrationId", "ProductVersion"
info: Onion.CleanArchitecture.WebApp.Server.Services.MicroserviceLauncherHostedService[0]
      [OrderOrchestration]       FROM "__EFMigrationsHistory"
info: Onion.CleanArchitecture.WebApp.Server.Services.MicroserviceLauncherHostedService[0]
      [OrderOrchestration]       ORDER BY "MigrationId";
info: Onion.CleanArchitecture.WebApp.Server.Services.MicroserviceLauncherHostedService[0]
      [OrderOrchestration] info: Microsoft.EntityFrameworkCore.Migrations[20405]
info: Onion.CleanArchitecture.WebApp.Server.Services.MicroserviceLauncherHostedService[0]
      [OrderOrchestration]       No migrations were applied. The database is already up to date.
info: Onion.CleanArchitecture.WebApp.Server.Services.MicroserviceLauncherHostedService[0]
      [NotificationService] info: MassTransit[0]
info: Onion.CleanArchitecture.WebApp.Server.Services.MicroserviceLauncherHostedService[0]
      [NotificationService]       Configured endpoint notification-queue, Consumer: NotificationService.Consumers.OrderSubmitFailedConsumer
info: Onion.CleanArchitecture.WebApp.Server.Services.MicroserviceLauncherHostedService[0]
      [NotificationService] info: MassTransit[0]
info: Onion.CleanArchitecture.WebApp.Server.Services.MicroserviceLauncherHostedService[0]
      [NotificationService]       Configured endpoint notification-queue, Consumer: NotificationService.Consumers.OrderAcceptFailedConsumer
info: Onion.CleanArchitecture.WebApp.Server.Services.MicroserviceLauncherHostedService[0]
      [NotificationService] info: MassTransit[0]
info: Onion.CleanArchitecture.WebApp.Server.Services.MicroserviceLauncherHostedService[0]
      [NotificationService]       Configured endpoint notification-queue, Consumer: NotificationService.Consumers.OrderCompleteSuccessConsumer
info: Onion.CleanArchitecture.WebApp.Server.Services.MicroserviceLauncherHostedService[0]
      [NotificationService] info: MassTransit[0]
info: Onion.CleanArchitecture.WebApp.Server.Services.MicroserviceLauncherHostedService[0]
      [NotificationService]       Configured endpoint notification-queue, Consumer: NotificationService.Consumers.OrderCompleteFailedConsumer
info: Onion.CleanArchitecture.WebApp.Server.Services.MicroserviceLauncherHostedService[0]
      [NotificationService] info: MassTransit.SqlTransport.SqlTransportMigrationHostedService[0]
info: Onion.CleanArchitecture.WebApp.Server.Services.MicroserviceLauncherHostedService[0]
      [NotificationService]       MassTransit SQL Transport creating database LearnSaga
info: Onion.CleanArchitecture.WebApp.Server.Services.MicroserviceLauncherHostedService[0]
      [OrderOrchestration] info: MassTransit[0]
info: Onion.CleanArchitecture.WebApp.Server.Services.MicroserviceLauncherHostedService[0]
      [OrderOrchestration]       Configured endpoint order-state, Saga: OrderOrchestration.OrderState, State Machine: OrderOrchestration.OrderSagaStateMachine
info: Onion.CleanArchitecture.WebApp.Server.Services.MicroserviceLauncherHostedService[0]
      [NotificationService] info: MassTransit.SqlTransport.SqlTransportMigrationHostedService[0]
info: Onion.CleanArchitecture.WebApp.Server.Services.MicroserviceLauncherHostedService[0]
      [NotificationService]       MassTransit SQL Transport creating schema for database LearnSaga
info: Onion.CleanArchitecture.WebApp.Server.Services.MicroserviceLauncherHostedService[0]
      [OrderCompleteService] info: MassTransit[0]
info: Onion.CleanArchitecture.WebApp.Server.Services.MicroserviceLauncherHostedService[0]
      [OrderCompleteService]       Configured endpoint order-complete-queue, Consumer: OrderCompleteService.OrderCompleteConsumer
info: Onion.CleanArchitecture.WebApp.Server.Services.MicroserviceLauncherHostedService[0]
      [OrderCompleteService] info: MassTransit[0]
info: Onion.CleanArchitecture.WebApp.Server.Services.MicroserviceLauncherHostedService[0]
      [OrderCompleteService]       Configured endpoint order-release-inventory-queue, Consumer: OrderCompleteService.ReleaseInventoryConsumer
info: Onion.CleanArchitecture.WebApp.Server.Services.MicroserviceLauncherHostedService[0]
      [NotificationService] info: MassTransit.SqlTransport.SqlTransportMigrationHostedService[0]
info: Onion.CleanArchitecture.WebApp.Server.Services.MicroserviceLauncherHostedService[0]
      [NotificationService]       MassTransit SQL Transport creating infrastructure for database LearnSaga
info: Onion.CleanArchitecture.WebApp.Server.Services.MicroserviceLauncherHostedService[0]
      [OrderOrchestration] info: MassTransit.SqlTransport.SqlTransportMigrationHostedService[0]
info: Onion.CleanArchitecture.WebApp.Server.Services.MicroserviceLauncherHostedService[0]
      [OrderOrchestration]       MassTransit SQL Transport creating database LearnSaga
info: Onion.CleanArchitecture.WebApp.Server.Services.MicroserviceLauncherHostedService[0]
      [OrderCompleteService] info: MassTransit.SqlTransport.SqlTransportMigrationHostedService[0]
info: Onion.CleanArchitecture.WebApp.Server.Services.MicroserviceLauncherHostedService[0]
      [OrderCompleteService]       MassTransit SQL Transport creating database LearnSaga
info: Onion.CleanArchitecture.WebApp.Server.Services.MicroserviceLauncherHostedService[0]
      [OrderOrchestration] info: MassTransit.SqlTransport.SqlTransportMigrationHostedService[0]
info: Onion.CleanArchitecture.WebApp.Server.Services.MicroserviceLauncherHostedService[0]
      [OrderOrchestration]       MassTransit SQL Transport creating schema for database LearnSaga
info: Onion.CleanArchitecture.WebApp.Server.Services.MicroserviceLauncherHostedService[0]
      [OrderOrchestration] info: MassTransit.SqlTransport.SqlTransportMigrationHostedService[0]
info: Onion.CleanArchitecture.WebApp.Server.Services.MicroserviceLauncherHostedService[0]
      [OrderOrchestration]       MassTransit SQL Transport creating infrastructure for database LearnSaga
info: Onion.CleanArchitecture.WebApp.Server.Services.MicroserviceLauncherHostedService[0]
      [OrderAcceptService] info: Microsoft.EntityFrameworkCore.Database.Command[20101]
info: Onion.CleanArchitecture.WebApp.Server.Services.MicroserviceLauncherHostedService[0]
      [OrderAcceptService]       Executed DbCommand (29ms) [Parameters=[@now='?' (DbType = DateTime)], CommandType='Text', CommandTimeout='30']
info: Onion.CleanArchitecture.WebApp.Server.Services.MicroserviceLauncherHostedService[0]
      [OrderAcceptService]       SELECT o."Id", o."CreatedAt", o."CreatedBy", o."LastModifiedAt", o."LastModifiedBy", o."OrderId", o."Status", o."Timeout", o."TimerId", o."TimerStatus"
info: Onion.CleanArchitecture.WebApp.Server.Services.MicroserviceLauncherHostedService[0]
      [OrderAcceptService]       FROM "OrderTimers" AS o
info: Onion.CleanArchitecture.WebApp.Server.Services.MicroserviceLauncherHostedService[0]
      [OrderAcceptService]       WHERE o."TimerStatus" = 1 AND o."Timeout" <= @now
info: Onion.CleanArchitecture.WebApp.Server.Services.MicroserviceLauncherHostedService[0]
      [OrderAcceptService] info: OrderAcceptService.Services.TimerWatcherBackgroundService[0]
info: Onion.CleanArchitecture.WebApp.Server.Services.MicroserviceLauncherHostedService[0]
      [OrderAcceptService]       Tìm thấy 1 OrderTimer hết hạn cần xử lý.
info: Onion.CleanArchitecture.WebApp.Server.Services.MicroserviceLauncherHostedService[0]
      [NotificationService] info: MassTransit[0]
info: Onion.CleanArchitecture.WebApp.Server.Services.MicroserviceLauncherHostedService[0]
      [NotificationService]       Bus started: db://localhost/
info: Onion.CleanArchitecture.WebApp.Server.Services.MicroserviceLauncherHostedService[0]
      [OrderOrchestration] info: Microsoft.Hosting.Lifetime[0]
info: Onion.CleanArchitecture.WebApp.Server.Services.MicroserviceLauncherHostedService[0]
      [OrderOrchestration]       Application started. Press Ctrl+C to shut down.
info: Onion.CleanArchitecture.WebApp.Server.Services.MicroserviceLauncherHostedService[0]
      [OrderOrchestration] info: Microsoft.Hosting.Lifetime[0]
info: Onion.CleanArchitecture.WebApp.Server.Services.MicroserviceLauncherHostedService[0]
      [OrderOrchestration]       Hosting environment: Production
info: Onion.CleanArchitecture.WebApp.Server.Services.MicroserviceLauncherHostedService[0]
      [OrderOrchestration] info: Microsoft.Hosting.Lifetime[0]
info: Onion.CleanArchitecture.WebApp.Server.Services.MicroserviceLauncherHostedService[0]
      [OrderOrchestration]       Content root path: D:\Univer\Nam_4\VB\Demo-Saga\OrderOrchestration
info: Onion.CleanArchitecture.WebApp.Server.Services.MicroserviceLauncherHostedService[0]
      [OrderCompleteService] info: MassTransit.SqlTransport.SqlTransportMigrationHostedService[0]
info: Onion.CleanArchitecture.WebApp.Server.Services.MicroserviceLauncherHostedService[0]
      [OrderCompleteService]       MassTransit SQL Transport creating schema for database LearnSaga
info: Onion.CleanArchitecture.WebApp.Server.Services.MicroserviceLauncherHostedService[0]
      [NotificationService] info: Microsoft.Hosting.Lifetime[14]
info: Onion.CleanArchitecture.WebApp.Server.Services.MicroserviceLauncherHostedService[0]
      [NotificationService]       Now listening on: https://localhost:7201
info: Onion.CleanArchitecture.WebApp.Server.Services.MicroserviceLauncherHostedService[0]
      [NotificationService] info: Microsoft.Hosting.Lifetime[14]
info: Onion.CleanArchitecture.WebApp.Server.Services.MicroserviceLauncherHostedService[0]
      [NotificationService]       Now listening on: http://localhost:5213
info: Onion.CleanArchitecture.WebApp.Server.Services.MicroserviceLauncherHostedService[0]
      [NotificationService] crit: Microsoft.AspNetCore.Hosting.Diagnostics[11]
info: Onion.CleanArchitecture.WebApp.Server.Services.MicroserviceLauncherHostedService[0]
      [NotificationService]       Hosting startup assembly exception
info: Onion.CleanArchitecture.WebApp.Server.Services.MicroserviceLauncherHostedService[0]
      [NotificationService]       System.InvalidOperationException: Startup assembly Microsoft.AspNetCore.SpaProxy failed to execute. See the inner exception for more details.
info: Onion.CleanArchitecture.WebApp.Server.Services.MicroserviceLauncherHostedService[0]
      [NotificationService]        ---> System.IO.FileNotFoundException: Could not load file or assembly 'Microsoft.AspNetCore.SpaProxy, Culture=neutral, PublicKeyToken=null'. The system cannot find the file specified.
info: Onion.CleanArchitecture.WebApp.Server.Services.MicroserviceLauncherHostedService[0]
      [NotificationService]       File name: 'Microsoft.AspNetCore.SpaProxy, Culture=neutral, PublicKeyToken=null'
info: Onion.CleanArchitecture.WebApp.Server.Services.MicroserviceLauncherHostedService[0]
      [NotificationService]          at System.Reflection.RuntimeAssembly.InternalLoad(AssemblyName assemblyName, StackCrawlMark& stackMark, AssemblyLoadContext assemblyLoadContext, RuntimeAssembly requestingAssembly, Boolean throwOnFileNotFound)
info: Onion.CleanArchitecture.WebApp.Server.Services.MicroserviceLauncherHostedService[0]
      [NotificationService]          at System.Reflection.Assembly.Load(AssemblyName assemblyRef)
info: Onion.CleanArchitecture.WebApp.Server.Services.MicroserviceLauncherHostedService[0]
      [NotificationService]          at Microsoft.AspNetCore.Hosting.GenericWebHostBuilder.ExecuteHostingStartups()
info: Onion.CleanArchitecture.WebApp.Server.Services.MicroserviceLauncherHostedService[0]
      [NotificationService]          --- End of inner exception stack trace ---
info: Onion.CleanArchitecture.WebApp.Server.Services.MicroserviceLauncherHostedService[0]
      [NotificationService] info: Microsoft.Hosting.Lifetime[0]
info: Onion.CleanArchitecture.WebApp.Server.Services.MicroserviceLauncherHostedService[0]
      [NotificationService]       Application started. Press Ctrl+C to shut down.
info: Onion.CleanArchitecture.WebApp.Server.Services.MicroserviceLauncherHostedService[0]
      [NotificationService] info: Microsoft.Hosting.Lifetime[0]
info: Onion.CleanArchitecture.WebApp.Server.Services.MicroserviceLauncherHostedService[0]
      [NotificationService]       Hosting environment: Development
info: Onion.CleanArchitecture.WebApp.Server.Services.MicroserviceLauncherHostedService[0]
      [NotificationService] info: Microsoft.Hosting.Lifetime[0]
info: Onion.CleanArchitecture.WebApp.Server.Services.MicroserviceLauncherHostedService[0]
      [NotificationService]       Content root path: D:\Univer\Nam_4\VB\Demo-Saga\NotificationService
info: Onion.CleanArchitecture.WebApp.Server.Services.MicroserviceLauncherHostedService[0]
      [OrderSubmitService] info: MassTransit[0]
info: Onion.CleanArchitecture.WebApp.Server.Services.MicroserviceLauncherHostedService[0]
      [OrderSubmitService]       Configured endpoint order-validation-queue, Consumer: OrderSubmitService.OrderSubmitConsumer
info: Onion.CleanArchitecture.WebApp.Server.Services.MicroserviceLauncherHostedService[0]
      [OrderCompleteService] info: MassTransit.SqlTransport.SqlTransportMigrationHostedService[0]
info: Onion.CleanArchitecture.WebApp.Server.Services.MicroserviceLauncherHostedService[0]
      [OrderCompleteService]       MassTransit SQL Transport creating infrastructure for database LearnSaga
info: Onion.CleanArchitecture.WebApp.Server.Services.MicroserviceLauncherHostedService[0]
      [OrderSubmitService] info: MassTransit.SqlTransport.SqlTransportMigrationHostedService[0]
info: Onion.CleanArchitecture.WebApp.Server.Services.MicroserviceLauncherHostedService[0]
      [OrderSubmitService]       MassTransit SQL Transport creating database LearnSaga
info: Onion.CleanArchitecture.WebApp.Server.Services.MicroserviceLauncherHostedService[0]
      [OrderOrchestration] info: MassTransit[0]
info: Onion.CleanArchitecture.WebApp.Server.Services.MicroserviceLauncherHostedService[0]
      [OrderOrchestration]       Bus started: db://localhost/
info: Onion.CleanArchitecture.WebApp.Server.Services.MicroserviceLauncherHostedService[0]
      [OrderCompleteService] info: Microsoft.Hosting.Lifetime[0]
info: Onion.CleanArchitecture.WebApp.Server.Services.MicroserviceLauncherHostedService[0]
      [OrderCompleteService]       Application started. Press Ctrl+C to shut down.
info: Onion.CleanArchitecture.WebApp.Server.Services.MicroserviceLauncherHostedService[0]
      [OrderCompleteService] info: Microsoft.Hosting.Lifetime[0]
info: Onion.CleanArchitecture.WebApp.Server.Services.MicroserviceLauncherHostedService[0]
      [OrderCompleteService]       Hosting environment: Production
info: Onion.CleanArchitecture.WebApp.Server.Services.MicroserviceLauncherHostedService[0]
      [OrderCompleteService] info: Microsoft.Hosting.Lifetime[0]
info: Onion.CleanArchitecture.WebApp.Server.Services.MicroserviceLauncherHostedService[0]
      [OrderCompleteService]       Content root path: D:\Univer\Nam_4\VB\Demo-Saga\OrderCompleteService
info: Onion.CleanArchitecture.WebApp.Server.Services.MicroserviceLauncherHostedService[0]
      [OrderAcceptService] info: Microsoft.EntityFrameworkCore.Database.Command[20101]
info: Onion.CleanArchitecture.WebApp.Server.Services.MicroserviceLauncherHostedService[0]
      [OrderAcceptService]       Executed DbCommand (4ms) [Parameters=[@p9='?' (DbType = Int32), @p0='?' (DbType = DateTime), @p1='?', @p2='?' (DbType = DateTime), @p3='?', @p4='?' (DbType = Guid), @p5='?' (DbType = Int32), @p6='?' (DbType = DateTime), @p7='?' (DbType = Guid), @p8='?' (DbType = Int32)], CommandType='Text', CommandTimeout='30']
info: Onion.CleanArchitecture.WebApp.Server.Services.MicroserviceLauncherHostedService[0]
      [OrderAcceptService]       UPDATE "OrderTimers" SET "CreatedAt" = @p0, "CreatedBy" = @p1, "LastModifiedAt" = @p2, "LastModifiedBy" = @p3, "OrderId" = @p4, "Status" = @p5, "Timeout" = @p6, "TimerId" = @p7, "TimerStatus" = @p8
info: Onion.CleanArchitecture.WebApp.Server.Services.MicroserviceLauncherHostedService[0]
      [OrderAcceptService]       WHERE "Id" = @p9;
info: Onion.CleanArchitecture.WebApp.Server.Services.MicroserviceLauncherHostedService[0]
      [OrderAcceptService] info: OrderAcceptService.Services.TimerWatcherBackgroundService[0]
info: Onion.CleanArchitecture.WebApp.Server.Services.MicroserviceLauncherHostedService[0]
      [OrderAcceptService]       Đã publish OrderTimeoutExpiredEvent OrderId=f305fa6f-63d1-47a0-b378-ebf648f2b590, TargetAction=Complete.
info: Onion.CleanArchitecture.WebApp.Server.Services.MicroserviceLauncherHostedService[0]
      [OrderCompleteService] info: MassTransit[0]
info: Onion.CleanArchitecture.WebApp.Server.Services.MicroserviceLauncherHostedService[0]
      [OrderCompleteService]       Bus started: db://localhost/
info: Onion.CleanArchitecture.WebApp.Server.Services.MicroserviceLauncherHostedService[0]
      [OrderSubmitService] info: MassTransit.SqlTransport.SqlTransportMigrationHostedService[0]
info: Onion.CleanArchitecture.WebApp.Server.Services.MicroserviceLauncherHostedService[0]
      [OrderSubmitService]       MassTransit SQL Transport creating schema for database LearnSaga
info: Onion.CleanArchitecture.WebApp.Server.Services.MicroserviceLauncherHostedService[0]
      [OrderSubmitService] info: MassTransit.SqlTransport.SqlTransportMigrationHostedService[0]
info: Onion.CleanArchitecture.WebApp.Server.Services.MicroserviceLauncherHostedService[0]
      [OrderSubmitService]       MassTransit SQL Transport creating infrastructure for database LearnSaga
info: Onion.CleanArchitecture.WebApp.Server.Services.MicroserviceLauncherHostedService[0]
      [OrderSubmitService] info: Microsoft.Hosting.Lifetime[0]
info: Onion.CleanArchitecture.WebApp.Server.Services.MicroserviceLauncherHostedService[0]
      [OrderSubmitService]       Application started. Press Ctrl+C to shut down.
info: Onion.CleanArchitecture.WebApp.Server.Services.MicroserviceLauncherHostedService[0]
      [OrderSubmitService] info: Microsoft.Hosting.Lifetime[0]
info: Onion.CleanArchitecture.WebApp.Server.Services.MicroserviceLauncherHostedService[0]
      [OrderSubmitService]       Hosting environment: Production
info: Onion.CleanArchitecture.WebApp.Server.Services.MicroserviceLauncherHostedService[0]
      [OrderSubmitService] info: Microsoft.Hosting.Lifetime[0]
info: Onion.CleanArchitecture.WebApp.Server.Services.MicroserviceLauncherHostedService[0]
      [OrderSubmitService]       Content root path: D:\Univer\Nam_4\VB\Demo-Saga\OrderSubmitService
info: Onion.CleanArchitecture.WebApp.Server.Services.MicroserviceLauncherHostedService[0]
      [OrderSubmitService] info: MassTransit[0]
info: Onion.CleanArchitecture.WebApp.Server.Services.MicroserviceLauncherHostedService[0]
      [OrderSubmitService]       Bus started: db://localhost/
info: Onion.CleanArchitecture.WebApp.Server.Services.MicroserviceLauncherHostedService[0]
      [OrderOrchestration] info: Microsoft.EntityFrameworkCore.Database.Command[20101]
info: Onion.CleanArchitecture.WebApp.Server.Services.MicroserviceLauncherHostedService[0]
      [OrderOrchestration]       Executed DbCommand (17ms) [Parameters=[p0='?' (DbType = Guid)], CommandType='Text', CommandTimeout='30']
info: Onion.CleanArchitecture.WebApp.Server.Services.MicroserviceLauncherHostedService[0]
      [OrderOrchestration]       SELECT o."CorrelationId", o."CreatedAt", o."CurrentState", o."CustomerId", o."ErrorReason", o."IsTimeout", o."Items", o."NeedReleaseInventory", o."TotalAmount"
info: Onion.CleanArchitecture.WebApp.Server.Services.MicroserviceLauncherHostedService[0]
      [OrderOrchestration]       FROM (
info: Onion.CleanArchitecture.WebApp.Server.Services.MicroserviceLauncherHostedService[0]
      [OrderOrchestration]           SELECT *, xmin FROM "OrderState" WHERE "CorrelationId" = @p0 FOR UPDATE
info: Onion.CleanArchitecture.WebApp.Server.Services.MicroserviceLauncherHostedService[0]
      [OrderOrchestration]       ) AS o
info: Onion.CleanArchitecture.WebApp.Server.Services.MicroserviceLauncherHostedService[0]
      [OrderOrchestration]       LIMIT 2
info: Onion.CleanArchitecture.WebApp.Server.Services.MicroserviceLauncherHostedService[0]
      [OrderOrchestration] info: Microsoft.EntityFrameworkCore.Database.Command[20101]
info: Onion.CleanArchitecture.WebApp.Server.Services.MicroserviceLauncherHostedService[0]
      [OrderOrchestration]       Executed DbCommand (4ms) [Parameters=[@p3='?' (DbType = Guid), @p0='?', @p1='?', @p2='?' (DbType = Boolean)], CommandType='Text', CommandTimeout='30']
info: Onion.CleanArchitecture.WebApp.Server.Services.MicroserviceLauncherHostedService[0]
      [OrderOrchestration]       UPDATE "OrderState" SET "CurrentState" = @p0, "ErrorReason" = @p1, "IsTimeout" = @p2
info: Onion.CleanArchitecture.WebApp.Server.Services.MicroserviceLauncherHostedService[0]
      [OrderOrchestration]       WHERE "CorrelationId" = @p3;
info: Onion.CleanArchitecture.WebApp.Server.Services.MicroserviceLauncherHostedService[0]
      [OrderCompleteService] info: OrderCompleteService.ReleaseInventoryConsumer[0]
info: Onion.CleanArchitecture.WebApp.Server.Services.MicroserviceLauncherHostedService[0]
      [OrderCompleteService]       Nhận ReleaseInventoryCommand OrderId=f305fa6f-63d1-47a0-b378-ebf648f2b590, bắt đầu bồi hoàn tồn kho.
info: Onion.CleanArchitecture.WebApp.Server.Services.MicroserviceLauncherHostedService[0]
      [OrderCompleteService] info: Microsoft.EntityFrameworkCore.Database.Command[20101]
info: Onion.CleanArchitecture.WebApp.Server.Services.MicroserviceLauncherHostedService[0]
      [OrderCompleteService]       Executed DbCommand (16ms) [Parameters=[@orderId='?' (DbType = Guid)], CommandType='Text', CommandTimeout='30']
info: Onion.CleanArchitecture.WebApp.Server.Services.MicroserviceLauncherHostedService[0]
      [OrderCompleteService]       SELECT o."Id", o."CompletedAt", o."CreatedAt", o."CreatedBy", o."CustomerId", o."IsReserved", o."LastModifiedAt", o."LastModifiedBy", o."Note", o."OrderCode", o."OrderId", o."RejectedAt", o."ShippingAddress", o."Status", o."TotalAmount", o."UpdatedAt"
info: Onion.CleanArchitecture.WebApp.Server.Services.MicroserviceLauncherHostedService[0]
      [OrderCompleteService]       FROM "Orders" AS o
info: Onion.CleanArchitecture.WebApp.Server.Services.MicroserviceLauncherHostedService[0]
      [OrderCompleteService]       WHERE o."OrderId" = @orderId
info: Onion.CleanArchitecture.WebApp.Server.Services.MicroserviceLauncherHostedService[0]
      [OrderCompleteService]       ORDER BY o."Id"
info: Onion.CleanArchitecture.WebApp.Server.Services.MicroserviceLauncherHostedService[0]
      [OrderCompleteService]       LIMIT 1
info: Onion.CleanArchitecture.WebApp.Server.Services.MicroserviceLauncherHostedService[0]
      [OrderCompleteService] info: Microsoft.EntityFrameworkCore.Database.Command[20101]
info: Onion.CleanArchitecture.WebApp.Server.Services.MicroserviceLauncherHostedService[0]
      [OrderCompleteService]       Executed DbCommand (6ms) [Parameters=[@orderId='?' (DbType = Guid)], CommandType='Text', CommandTimeout='30']
info: Onion.CleanArchitecture.WebApp.Server.Services.MicroserviceLauncherHostedService[0]
      [OrderCompleteService]       SELECT o."Id", o."CompletedAt", o."CreatedAt", o."CreatedBy", o."CustomerId", o."IsReserved", o."LastModifiedAt", o."LastModifiedBy", o."Note", o."OrderCode", o."OrderId", o."RejectedAt", o."ShippingAddress", o."Status", o."TotalAmount", o."UpdatedAt"
info: Onion.CleanArchitecture.WebApp.Server.Services.MicroserviceLauncherHostedService[0]
      [OrderCompleteService]       FROM "Orders" AS o
info: Onion.CleanArchitecture.WebApp.Server.Services.MicroserviceLauncherHostedService[0]
      [OrderCompleteService]       WHERE o."OrderId" = @orderId
info: Onion.CleanArchitecture.WebApp.Server.Services.MicroserviceLauncherHostedService[0]
      [OrderCompleteService]       ORDER BY o."Id"
info: Onion.CleanArchitecture.WebApp.Server.Services.MicroserviceLauncherHostedService[0]
      [OrderCompleteService]       LIMIT 1
info: Onion.CleanArchitecture.WebApp.Server.Services.MicroserviceLauncherHostedService[0]
      [OrderCompleteService] info: Microsoft.EntityFrameworkCore.Database.Command[20101]
info: Onion.CleanArchitecture.WebApp.Server.Services.MicroserviceLauncherHostedService[0]
      [OrderCompleteService]       Executed DbCommand (5ms) [Parameters=[@orderId='?' (DbType = Guid)], CommandType='Text', CommandTimeout='30']
info: Onion.CleanArchitecture.WebApp.Server.Services.MicroserviceLauncherHostedService[0]
      [OrderCompleteService]       SELECT o0."Id", o0."CreatedAt", o0."CreatedBy", o0."LastModifiedAt", o0."LastModifiedBy", o0."OrderId", o0."OrderItemId", o0."ProductId", o0."ProductName", o0."Quantity", o0."UnitPrice", o1."Id"
info: Onion.CleanArchitecture.WebApp.Server.Services.MicroserviceLauncherHostedService[0]
      [OrderCompleteService]       FROM (
info: Onion.CleanArchitecture.WebApp.Server.Services.MicroserviceLauncherHostedService[0]
      [OrderCompleteService]           SELECT o."Id", o."OrderId"
info: Onion.CleanArchitecture.WebApp.Server.Services.MicroserviceLauncherHostedService[0]
      [OrderCompleteService]           FROM "Orders" AS o
info: Onion.CleanArchitecture.WebApp.Server.Services.MicroserviceLauncherHostedService[0]
      [OrderCompleteService]           WHERE o."OrderId" = @orderId
info: Onion.CleanArchitecture.WebApp.Server.Services.MicroserviceLauncherHostedService[0]
      [OrderCompleteService]           ORDER BY o."Id"
info: Onion.CleanArchitecture.WebApp.Server.Services.MicroserviceLauncherHostedService[0]
      [OrderCompleteService]           LIMIT 1
info: Onion.CleanArchitecture.WebApp.Server.Services.MicroserviceLauncherHostedService[0]
      [OrderCompleteService]       ) AS o1
info: Onion.CleanArchitecture.WebApp.Server.Services.MicroserviceLauncherHostedService[0]
      [OrderCompleteService]       INNER JOIN "OrderItems" AS o0 ON o1."OrderId" = o0."OrderId"
info: Onion.CleanArchitecture.WebApp.Server.Services.MicroserviceLauncherHostedService[0]
      [OrderCompleteService]       ORDER BY o1."Id"
info: Onion.CleanArchitecture.WebApp.Server.Services.MicroserviceLauncherHostedService[0]
      [OrderCompleteService] info: Microsoft.EntityFrameworkCore.Database.Command[20101]
info: Onion.CleanArchitecture.WebApp.Server.Services.MicroserviceLauncherHostedService[0]
      [OrderCompleteService]       Executed DbCommand (5ms) [Parameters=[@orderId='?' (DbType = Guid)], CommandType='Text', CommandTimeout='30']
info: Onion.CleanArchitecture.WebApp.Server.Services.MicroserviceLauncherHostedService[0]
      [OrderCompleteService]       SELECT o0."Id", o0."CreatedAt", o0."CreatedBy", o0."LastModifiedAt", o0."LastModifiedBy", o0."OrderId", o0."OrderItemId", o0."ProductId", o0."ProductName", o0."Quantity", o0."UnitPrice", o1."Id"
info: Onion.CleanArchitecture.WebApp.Server.Services.MicroserviceLauncherHostedService[0]
      [OrderCompleteService]       FROM (
info: Onion.CleanArchitecture.WebApp.Server.Services.MicroserviceLauncherHostedService[0]
      [OrderCompleteService]           SELECT o."Id", o."OrderId"
info: Onion.CleanArchitecture.WebApp.Server.Services.MicroserviceLauncherHostedService[0]
      [OrderCompleteService]           FROM "Orders" AS o
info: Onion.CleanArchitecture.WebApp.Server.Services.MicroserviceLauncherHostedService[0]
      [OrderCompleteService]           WHERE o."OrderId" = @orderId
info: Onion.CleanArchitecture.WebApp.Server.Services.MicroserviceLauncherHostedService[0]
      [OrderCompleteService]           ORDER BY o."Id"
info: Onion.CleanArchitecture.WebApp.Server.Services.MicroserviceLauncherHostedService[0]
      [OrderCompleteService]           LIMIT 1
info: Onion.CleanArchitecture.WebApp.Server.Services.MicroserviceLauncherHostedService[0]
      [OrderCompleteService]       ) AS o1
info: Onion.CleanArchitecture.WebApp.Server.Services.MicroserviceLauncherHostedService[0]
      [OrderCompleteService]       INNER JOIN "OrderItems" AS o0 ON o1."OrderId" = o0."OrderId"
info: Onion.CleanArchitecture.WebApp.Server.Services.MicroserviceLauncherHostedService[0]
      [OrderCompleteService]       ORDER BY o1."Id"
info: Onion.CleanArchitecture.WebApp.Server.Services.MicroserviceLauncherHostedService[0]
      [OrderCompleteService] info: OrderCompleteService.OrderCompleteConsumer[0]
info: Onion.CleanArchitecture.WebApp.Server.Services.MicroserviceLauncherHostedService[0]
      [OrderCompleteService]       Nhận CompleteOrderCommand OrderId=f305fa6f-63d1-47a0-b378-ebf648f2b590
info: Onion.CleanArchitecture.WebApp.Server.Services.MicroserviceLauncherHostedService[0]
      [OrderCompleteService] fail: OrderCompleteService.OrderCompleteConsumer[0]
info: Onion.CleanArchitecture.WebApp.Server.Services.MicroserviceLauncherHostedService[0]
      [OrderCompleteService]       OrderId=f305fa6f-63d1-47a0-b378-ebf648f2b590 không ở trạng thái Accepted.
info: Onion.CleanArchitecture.WebApp.Server.Services.MicroserviceLauncherHostedService[0]
      [OrderCompleteService] info: Microsoft.EntityFrameworkCore.Database.Command[20101]
info: Onion.CleanArchitecture.WebApp.Server.Services.MicroserviceLauncherHostedService[0]
      [OrderCompleteService]       Executed DbCommand (5ms) [Parameters=[@productId='?' (DbType = Guid)], CommandType='Text', CommandTimeout='30']
info: Onion.CleanArchitecture.WebApp.Server.Services.MicroserviceLauncherHostedService[0]
      [OrderCompleteService]       SELECT p."Id", p."Code", p."CreatedAt", p."CreatedBy", p."Description", p."IsActive", p."LastModifiedAt", p."LastModifiedBy", p."Name", p."Price", p."ProductId", p."Rate", p."SLTKho"
info: Onion.CleanArchitecture.WebApp.Server.Services.MicroserviceLauncherHostedService[0]
      [OrderCompleteService]       FROM "Product" AS p
info: Onion.CleanArchitecture.WebApp.Server.Services.MicroserviceLauncherHostedService[0]
      [OrderCompleteService]       WHERE p."ProductId" = @productId
info: Onion.CleanArchitecture.WebApp.Server.Services.MicroserviceLauncherHostedService[0]
      [OrderCompleteService]       LIMIT 1
info: Onion.CleanArchitecture.WebApp.Server.Services.MicroserviceLauncherHostedService[0]
      [OrderCompleteService] info: Microsoft.EntityFrameworkCore.Database.Command[20101]
info: Onion.CleanArchitecture.WebApp.Server.Services.MicroserviceLauncherHostedService[0]
      [OrderCompleteService]       Executed DbCommand (15ms) [Parameters=[@p14='?' (DbType = Int32), @p0='?' (DbType = DateTime), @p1='?' (DbType = DateTime), @p2='?', @p3='?', @p4='?' (DbType = Boolean), @p5='?' (DbType = DateTime), @p6='?', @p7='?', @p8='?', @p9='?' (DbType = DateTime), @p10='?', @p11='?' (DbType = Int32), @p12='?' (DbType = Decimal), @p13='?' (DbType = DateTime), @p27='?' (DbType = Int32), @p15='?', @p16='?' (DbType = DateTime), @p17='?', @p18='?', @p19='?' (DbType = Boolean), @p20='?' (DbType = DateTime), @p21='?', @p22='?', @p23='?' (DbType = Decimal), @p24='?' (DbType = Guid), @p25='?' (DbType = Decimal), @p26='?' (DbType = Int32)], CommandType='Text', CommandTimeout='30']
info: Onion.CleanArchitecture.WebApp.Server.Services.MicroserviceLauncherHostedService[0]
      [OrderCompleteService]       UPDATE "Orders" SET "CompletedAt" = @p0, "CreatedAt" = @p1, "CreatedBy" = @p2, "CustomerId" = @p3, "IsReserved" = @p4, "LastModifiedAt" = @p5, "LastModifiedBy" = @p6, "Note" = @p7, "OrderCode" = @p8, "RejectedAt" = @p9, "ShippingAddress" = @p10, "Status" = @p11, "TotalAmount" = @p12, "UpdatedAt" = @p13
info: Onion.CleanArchitecture.WebApp.Server.Services.MicroserviceLauncherHostedService[0]
      [OrderCompleteService]       WHERE "Id" = @p14;
info: Onion.CleanArchitecture.WebApp.Server.Services.MicroserviceLauncherHostedService[0]
      [OrderCompleteService]       UPDATE "Product" SET "Code" = @p15, "CreatedAt" = @p16, "CreatedBy" = @p17, "Description" = @p18, "IsActive" = @p19, "LastModifiedAt" = @p20, "LastModifiedBy" = @p21, "Name" = @p22, "Price" = @p23, "ProductId" = @p24, "Rate" = @p25, "SLTKho" = @p26
info: Onion.CleanArchitecture.WebApp.Server.Services.MicroserviceLauncherHostedService[0]
      [OrderCompleteService]       WHERE "Id" = @p27;
info: Onion.CleanArchitecture.WebApp.Server.Services.MicroserviceLauncherHostedService[0]
      [OrderCompleteService] info: Microsoft.EntityFrameworkCore.Database.Command[20101]
info: Onion.CleanArchitecture.WebApp.Server.Services.MicroserviceLauncherHostedService[0]
      [OrderCompleteService]       Executed DbCommand (4ms) [Parameters=[@p0='?', @p1='?' (DbType = DateTime), @p2='?', @p3='?', @p4='?' (DbType = Guid), @p5='?' (DbType = DateTime), @p6='?', @p7='?', @p8='?' (DbType = Guid), @p9='?' (DbType = Int32)], CommandType='Text', CommandTimeout='30']
info: Onion.CleanArchitecture.WebApp.Server.Services.MicroserviceLauncherHostedService[0]
      [OrderCompleteService]       INSERT INTO "OrderHistories" ("ConsumerName", "CreatedAt", "CreatedBy", "EventType", "HistoryId", "LastModifiedAt", "LastModifiedBy", "Message", "OrderId", "Status")
info: Onion.CleanArchitecture.WebApp.Server.Services.MicroserviceLauncherHostedService[0]
      [OrderCompleteService]       VALUES (@p0, @p1, @p2, @p3, @p4, @p5, @p6, @p7, @p8, @p9)
info: Onion.CleanArchitecture.WebApp.Server.Services.MicroserviceLauncherHostedService[0]
      [OrderCompleteService]       RETURNING "Id";
info: Onion.CleanArchitecture.WebApp.Server.Services.MicroserviceLauncherHostedService[0]
      [OrderCompleteService] info: OrderCompleteService.ReleaseInventoryConsumer[0]
info: Onion.CleanArchitecture.WebApp.Server.Services.MicroserviceLauncherHostedService[0]
      [OrderCompleteService]       Bồi hoàn tồn kho thành công OrderId=f305fa6f-63d1-47a0-b378-ebf648f2b590.
info: Onion.CleanArchitecture.WebApp.Server.Services.MicroserviceLauncherHostedService[0]
      [OrderOrchestration] info: Microsoft.EntityFrameworkCore.Database.Command[20101]
info: Onion.CleanArchitecture.WebApp.Server.Services.MicroserviceLauncherHostedService[0]
      [OrderOrchestration]       Executed DbCommand (3ms) [Parameters=[p0='?' (DbType = Guid)], CommandType='Text', CommandTimeout='30']
info: Onion.CleanArchitecture.WebApp.Server.Services.MicroserviceLauncherHostedService[0]
      [OrderOrchestration]       SELECT o."CorrelationId", o."CreatedAt", o."CurrentState", o."CustomerId", o."ErrorReason", o."IsTimeout", o."Items", o."NeedReleaseInventory", o."TotalAmount"
info: Onion.CleanArchitecture.WebApp.Server.Services.MicroserviceLauncherHostedService[0]
      [OrderOrchestration]       FROM (
info: Onion.CleanArchitecture.WebApp.Server.Services.MicroserviceLauncherHostedService[0]
      [OrderOrchestration]           SELECT *, xmin FROM "OrderState" WHERE "CorrelationId" = @p0 FOR UPDATE
info: Onion.CleanArchitecture.WebApp.Server.Services.MicroserviceLauncherHostedService[0]
      [OrderOrchestration]       ) AS o
info: Onion.CleanArchitecture.WebApp.Server.Services.MicroserviceLauncherHostedService[0]
      [OrderOrchestration]       LIMIT 2
info: Onion.CleanArchitecture.WebApp.Server.Services.MicroserviceLauncherHostedService[0]
      [OrderAcceptService] info: OrderAcceptService.CancelOrderConsumer[0]
info: Onion.CleanArchitecture.WebApp.Server.Services.MicroserviceLauncherHostedService[0]
      [OrderAcceptService]       Nhận CancelOrderCommand OrderId=f305fa6f-63d1-47a0-b378-ebf648f2b590, Reason=Hết thời gian xử lý đơn hàng (auto timeout), bắt đầu bồi hoàn bước Accept.
info: Onion.CleanArchitecture.WebApp.Server.Services.MicroserviceLauncherHostedService[0]
      [OrderAcceptService] info: Microsoft.EntityFrameworkCore.Database.Command[20101]
info: Onion.CleanArchitecture.WebApp.Server.Services.MicroserviceLauncherHostedService[0]
      [OrderAcceptService]       Executed DbCommand (6ms) [Parameters=[@orderId='?' (DbType = Guid)], CommandType='Text', CommandTimeout='30']
info: Onion.CleanArchitecture.WebApp.Server.Services.MicroserviceLauncherHostedService[0]
      [OrderAcceptService]       SELECT o."Id", o."CompletedAt", o."CreatedAt", o."CreatedBy", o."CustomerId", o."IsReserved", o."LastModifiedAt", o."LastModifiedBy", o."Note", o."OrderCode", o."OrderId", o."RejectedAt", o."ShippingAddress", o."Status", o."TotalAmount", o."UpdatedAt"
info: Onion.CleanArchitecture.WebApp.Server.Services.MicroserviceLauncherHostedService[0]
      [OrderAcceptService]       FROM "Orders" AS o
info: Onion.CleanArchitecture.WebApp.Server.Services.MicroserviceLauncherHostedService[0]
      [OrderAcceptService]       WHERE o."OrderId" = @orderId
info: Onion.CleanArchitecture.WebApp.Server.Services.MicroserviceLauncherHostedService[0]
      [OrderAcceptService]       ORDER BY o."Id"
info: Onion.CleanArchitecture.WebApp.Server.Services.MicroserviceLauncherHostedService[0]
      [OrderAcceptService]       LIMIT 1
info: Onion.CleanArchitecture.WebApp.Server.Services.MicroserviceLauncherHostedService[0]
      [OrderAcceptService] info: Microsoft.EntityFrameworkCore.Database.Command[20101]
info: Onion.CleanArchitecture.WebApp.Server.Services.MicroserviceLauncherHostedService[0]
      [OrderAcceptService]       Executed DbCommand (6ms) [Parameters=[@orderId='?' (DbType = Guid)], CommandType='Text', CommandTimeout='30']
info: Onion.CleanArchitecture.WebApp.Server.Services.MicroserviceLauncherHostedService[0]
      [OrderAcceptService]       SELECT o0."Id", o0."CreatedAt", o0."CreatedBy", o0."LastModifiedAt", o0."LastModifiedBy", o0."OrderId", o0."OrderItemId", o0."ProductId", o0."ProductName", o0."Quantity", o0."UnitPrice", o1."Id"
info: Onion.CleanArchitecture.WebApp.Server.Services.MicroserviceLauncherHostedService[0]
      [OrderAcceptService]       FROM (
info: Onion.CleanArchitecture.WebApp.Server.Services.MicroserviceLauncherHostedService[0]
      [OrderAcceptService]           SELECT o."Id", o."OrderId"
info: Onion.CleanArchitecture.WebApp.Server.Services.MicroserviceLauncherHostedService[0]
      [OrderAcceptService]           FROM "Orders" AS o
info: Onion.CleanArchitecture.WebApp.Server.Services.MicroserviceLauncherHostedService[0]
      [OrderAcceptService]           WHERE o."OrderId" = @orderId
info: Onion.CleanArchitecture.WebApp.Server.Services.MicroserviceLauncherHostedService[0]
      [OrderAcceptService]           ORDER BY o."Id"
info: Onion.CleanArchitecture.WebApp.Server.Services.MicroserviceLauncherHostedService[0]
      [OrderAcceptService]           LIMIT 1
info: Onion.CleanArchitecture.WebApp.Server.Services.MicroserviceLauncherHostedService[0]
      [OrderAcceptService]       ) AS o1
info: Onion.CleanArchitecture.WebApp.Server.Services.MicroserviceLauncherHostedService[0]
      [OrderAcceptService]       INNER JOIN "OrderItems" AS o0 ON o1."OrderId" = o0."OrderId"
info: Onion.CleanArchitecture.WebApp.Server.Services.MicroserviceLauncherHostedService[0]
      [OrderAcceptService]       ORDER BY o1."Id"
info: Onion.CleanArchitecture.WebApp.Server.Services.MicroserviceLauncherHostedService[0]
      [OrderAcceptService] info: Microsoft.EntityFrameworkCore.Database.Command[20101]
info: Onion.CleanArchitecture.WebApp.Server.Services.MicroserviceLauncherHostedService[0]
      [OrderAcceptService]       Executed DbCommand (2ms) [Parameters=[@orderId='?' (DbType = Guid)], CommandType='Text', CommandTimeout='30']
info: Onion.CleanArchitecture.WebApp.Server.Services.MicroserviceLauncherHostedService[0]
      [OrderAcceptService]       SELECT o."Id", o."CreatedAt", o."CreatedBy", o."LastModifiedAt", o."LastModifiedBy", o."OrderId", o."Status", o."Timeout", o."TimerId", o."TimerStatus"
info: Onion.CleanArchitecture.WebApp.Server.Services.MicroserviceLauncherHostedService[0]
      [OrderAcceptService]       FROM "OrderTimers" AS o
info: Onion.CleanArchitecture.WebApp.Server.Services.MicroserviceLauncherHostedService[0]
      [OrderAcceptService]       WHERE o."OrderId" = @orderId AND o."TimerStatus" = 1
info: Onion.CleanArchitecture.WebApp.Server.Services.MicroserviceLauncherHostedService[0]
      [OrderAcceptService]       LIMIT 1
info: Onion.CleanArchitecture.WebApp.Server.Services.MicroserviceLauncherHostedService[0]
      [OrderAcceptService] info: Microsoft.EntityFrameworkCore.Database.Command[20101]
info: Onion.CleanArchitecture.WebApp.Server.Services.MicroserviceLauncherHostedService[0]
      [OrderAcceptService]       Executed DbCommand (13ms) [Parameters=[@p14='?' (DbType = Int32), @p0='?' (DbType = DateTime), @p1='?' (DbType = DateTime), @p2='?', @p3='?', @p4='?' (DbType = Boolean), @p5='?' (DbType = DateTime), @p6='?', @p7='?', @p8='?', @p9='?' (DbType = DateTime), @p10='?', @p11='?' (DbType = Int32), @p12='?' (DbType = Decimal), @p13='?' (DbType = DateTime)], CommandType='Text', CommandTimeout='30']
info: Onion.CleanArchitecture.WebApp.Server.Services.MicroserviceLauncherHostedService[0]
      [OrderAcceptService]       UPDATE "Orders" SET "CompletedAt" = @p0, "CreatedAt" = @p1, "CreatedBy" = @p2, "CustomerId" = @p3, "IsReserved" = @p4, "LastModifiedAt" = @p5, "LastModifiedBy" = @p6, "Note" = @p7, "OrderCode" = @p8, "RejectedAt" = @p9, "ShippingAddress" = @p10, "Status" = @p11, "TotalAmount" = @p12, "UpdatedAt" = @p13
info: Onion.CleanArchitecture.WebApp.Server.Services.MicroserviceLauncherHostedService[0]
      [OrderAcceptService]       WHERE "Id" = @p14;
info: Onion.CleanArchitecture.WebApp.Server.Services.MicroserviceLauncherHostedService[0]
      [OrderAcceptService] info: Microsoft.EntityFrameworkCore.Database.Command[20101]
info: Onion.CleanArchitecture.WebApp.Server.Services.MicroserviceLauncherHostedService[0]
      [OrderAcceptService]       Executed DbCommand (13ms) [Parameters=[@p0='?', @p1='?' (DbType = DateTime), @p2='?', @p3='?', @p4='?' (DbType = Guid), @p5='?' (DbType = DateTime), @p6='?', @p7='?', @p8='?' (DbType = Guid), @p9='?' (DbType = Int32)], CommandType='Text', CommandTimeout='30']
info: Onion.CleanArchitecture.WebApp.Server.Services.MicroserviceLauncherHostedService[0]
      [OrderAcceptService]       INSERT INTO "OrderHistories" ("ConsumerName", "CreatedAt", "CreatedBy", "EventType", "HistoryId", "LastModifiedAt", "LastModifiedBy", "Message", "OrderId", "Status")
info: Onion.CleanArchitecture.WebApp.Server.Services.MicroserviceLauncherHostedService[0]
      [OrderAcceptService]       VALUES (@p0, @p1, @p2, @p3, @p4, @p5, @p6, @p7, @p8, @p9)
info: Onion.CleanArchitecture.WebApp.Server.Services.MicroserviceLauncherHostedService[0]
      [OrderAcceptService]       RETURNING "Id";
info: Onion.CleanArchitecture.WebApp.Server.Services.MicroserviceLauncherHostedService[0]
      [OrderAcceptService] info: OrderAcceptService.CancelOrderConsumer[0]
info: Onion.CleanArchitecture.WebApp.Server.Services.MicroserviceLauncherHostedService[0]
      [OrderAcceptService]       Bồi hoàn thành công OrderId=f305fa6f-63d1-47a0-b378-ebf648f2b590.
info: Onion.CleanArchitecture.WebApp.Server.Services.MicroserviceLauncherHostedService[0]
      [OrderOrchestration] info: Microsoft.EntityFrameworkCore.Database.Command[20101]
info: Onion.CleanArchitecture.WebApp.Server.Services.MicroserviceLauncherHostedService[0]
      [OrderOrchestration]       Executed DbCommand (2ms) [Parameters=[p0='?' (DbType = Guid)], CommandType='Text', CommandTimeout='30']
info: Onion.CleanArchitecture.WebApp.Server.Services.MicroserviceLauncherHostedService[0]
      [OrderOrchestration]       SELECT o."CorrelationId", o."CreatedAt", o."CurrentState", o."CustomerId", o."ErrorReason", o."IsTimeout", o."Items", o."NeedReleaseInventory", o."TotalAmount"
info: Onion.CleanArchitecture.WebApp.Server.Services.MicroserviceLauncherHostedService[0]
      [OrderOrchestration]       FROM (
info: Onion.CleanArchitecture.WebApp.Server.Services.MicroserviceLauncherHostedService[0]
      [OrderOrchestration]           SELECT *, xmin FROM "OrderState" WHERE "CorrelationId" = @p0 FOR UPDATE
info: Onion.CleanArchitecture.WebApp.Server.Services.MicroserviceLauncherHostedService[0]
      [OrderOrchestration]       ) AS o
info: Onion.CleanArchitecture.WebApp.Server.Services.MicroserviceLauncherHostedService[0]
      [OrderOrchestration]       LIMIT 2
info: Onion.CleanArchitecture.WebApp.Server.Services.MicroserviceLauncherHostedService[0]
      [OrderOrchestration] info: Microsoft.EntityFrameworkCore.Database.Command[20101]
info: Onion.CleanArchitecture.WebApp.Server.Services.MicroserviceLauncherHostedService[0]
      [OrderOrchestration]       Executed DbCommand (3ms) [Parameters=[@p1='?' (DbType = Guid), @p0='?'], CommandType='Text', CommandTimeout='30']
info: Onion.CleanArchitecture.WebApp.Server.Services.MicroserviceLauncherHostedService[0]
      [OrderOrchestration]       UPDATE "OrderState" SET "CurrentState" = @p0
info: Onion.CleanArchitecture.WebApp.Server.Services.MicroserviceLauncherHostedService[0]
      [OrderOrchestration]       WHERE "CorrelationId" = @p1;
info: Onion.CleanArchitecture.WebApp.Server.Services.MicroserviceLauncherHostedService[0]
      [NotificationService] warn: NotificationService.Consumers.OrderAcceptFailedConsumer[0]
info: Onion.CleanArchitecture.WebApp.Server.Services.MicroserviceLauncherHostedService[0]
      [NotificationService]       Nhận OrderAcceptFailedResponse OrderId=f305fa6f-63d1-47a0-b378-ebf648f2b590: Timeout
info: Onion.CleanArchitecture.WebApp.Server.Services.MicroserviceLauncherHostedService[0]
      [NotificationService] info: Microsoft.EntityFrameworkCore.Database.Command[20101]
info: Onion.CleanArchitecture.WebApp.Server.Services.MicroserviceLauncherHostedService[0]
      [NotificationService]       Executed DbCommand (24ms) [Parameters=[@p0='?' (DbType = DateTime), @p1='?', @p2='?' (DbType = Boolean), @p3='?' (DbType = DateTime), @p4='?', @p5='?', @p6='?' (DbType = Guid), @p7='?' (DbType = Guid), @p8='?' (DbType = DateTime), @p9='?' (DbType = Guid), @p10='?', @p11='?'], CommandType='Text', CommandTimeout='30']
info: Onion.CleanArchitecture.WebApp.Server.Services.MicroserviceLauncherHostedService[0]
      [NotificationService]       INSERT INTO "Notifications" ("CreatedAt", "CreatedBy", "IsRead", "LastModifiedAt", "LastModifiedBy", "Message", "NotifyId", "OrderId", "SendAt", "TargetUserId", "Title", "Type")
info: Onion.CleanArchitecture.WebApp.Server.Services.MicroserviceLauncherHostedService[0]
      [NotificationService]       VALUES (@p0, @p1, @p2, @p3, @p4, @p5, @p6, @p7, @p8, @p9, @p10, @p11)
info: Onion.CleanArchitecture.WebApp.Server.Services.MicroserviceLauncherHostedService[0]
      [NotificationService]       RETURNING "Id";
info: Onion.CleanArchitecture.WebApp.Server.Services.MicroserviceLauncherHostedService[0]
      [OrderAcceptService] info: Microsoft.EntityFrameworkCore.Database.Command[20101]
info: Onion.CleanArchitecture.WebApp.Server.Services.MicroserviceLauncherHostedService[0]
      [OrderAcceptService]       Executed DbCommand (1ms) [Parameters=[@now='?' (DbType = DateTime)], CommandType='Text', CommandTimeout='30']
info: Onion.CleanArchitecture.WebApp.Server.Services.MicroserviceLauncherHostedService[0]
      [OrderAcceptService]       SELECT o."Id", o."CreatedAt", o."CreatedBy", o."LastModifiedAt", o."LastModifiedBy", o."OrderId", o."Status", o."Timeout", o."TimerId", o."TimerStatus"
info: Onion.CleanArchitecture.WebApp.Server.Services.MicroserviceLauncherHostedService[0]
      [OrderAcceptService]       FROM "OrderTimers" AS o
info: Onion.CleanArchitecture.WebApp.Server.Services.MicroserviceLauncherHostedService[0]
      [OrderAcceptService]       WHERE o."TimerStatus" = 1 AND o."Timeout" <= @now
info: Onion.CleanArchitecture.WebApp.Server.Services.MicroserviceLauncherHostedService[0]
      [OrderAcceptService] info: Microsoft.EntityFrameworkCore.Database.Command[20101]
info: Onion.CleanArchitecture.WebApp.Server.Services.MicroserviceLauncherHostedService[0]
      [OrderAcceptService]       Executed DbCommand (2ms) [Parameters=[@now='?' (DbType = DateTime)], CommandType='Text', CommandTimeout='30']
info: Onion.CleanArchitecture.WebApp.Server.Services.MicroserviceLauncherHostedService[0]
      [OrderAcceptService]       SELECT o."Id", o."CreatedAt", o."CreatedBy", o."LastModifiedAt", o."LastModifiedBy", o."OrderId", o."Status", o."Timeout", o."TimerId", o."TimerStatus"
info: Onion.CleanArchitecture.WebApp.Server.Services.MicroserviceLauncherHostedService[0]
      [OrderAcceptService]       FROM "OrderTimers" AS o
info: Onion.CleanArchitecture.WebApp.Server.Services.MicroserviceLauncherHostedService[0]
      [OrderAcceptService]       WHERE o."TimerStatus" = 1 AND o."Timeout" <= @now
info: Onion.CleanArchitecture.WebApp.Server.Services.MicroserviceLauncherHostedService[0]
      [OrderAcceptService] info: Microsoft.EntityFrameworkCore.Database.Command[20101]
info: Onion.CleanArchitecture.WebApp.Server.Services.MicroserviceLauncherHostedService[0]
      [OrderAcceptService]       Executed DbCommand (2ms) [Parameters=[@now='?' (DbType = DateTime)], CommandType='Text', CommandTimeout='30']
info: Onion.CleanArchitecture.WebApp.Server.Services.MicroserviceLauncherHostedService[0]
      [OrderAcceptService]       SELECT o."Id", o."CreatedAt", o."CreatedBy", o."LastModifiedAt", o."LastModifiedBy", o."OrderId", o."Status", o."Timeout", o."TimerId", o."TimerStatus"
info: Onion.CleanArchitecture.WebApp.Server.Services.MicroserviceLauncherHostedService[0]
      [OrderAcceptService]       FROM "OrderTimers" AS o
info: Onion.CleanArchitecture.WebApp.Server.Services.MicroserviceLauncherHostedService[0]
      [OrderAcceptService]       WHERE o."TimerStatus" = 1 AND o."Timeout" <= @now
info: Onion.CleanArchitecture.WebApp.Server.Services.MicroserviceLauncherHostedService[0]
      [OrderAcceptService] info: Microsoft.EntityFrameworkCore.Database.Command[20101]
info: Onion.CleanArchitecture.WebApp.Server.Services.MicroserviceLauncherHostedService[0]
      [OrderAcceptService]       Executed DbCommand (1ms) [Parameters=[@now='?' (DbType = DateTime)], CommandType='Text', CommandTimeout='30']
info: Onion.CleanArchitecture.WebApp.Server.Services.MicroserviceLauncherHostedService[0]
      [OrderAcceptService]       SELECT o."Id", o."CreatedAt", o."CreatedBy", o."LastModifiedAt", o."LastModifiedBy", o."OrderId", o."Status", o."Timeout", o."TimerId", o."TimerStatus"
info: Onion.CleanArchitecture.WebApp.Server.Services.MicroserviceLauncherHostedService[0]
      [OrderAcceptService]       FROM "OrderTimers" AS o
info: Onion.CleanArchitecture.WebApp.Server.Services.MicroserviceLauncherHostedService[0]
      [OrderAcceptService]       WHERE o."TimerStatus" = 1 AND o."Timeout" <= @now
info: Onion.CleanArchitecture.WebApp.Server.Services.MicroserviceLauncherHostedService[0]
      [OrderAcceptService] info: Microsoft.EntityFrameworkCore.Database.Command[20101]
info: Onion.CleanArchitecture.WebApp.Server.Services.MicroserviceLauncherHostedService[0]
      [OrderAcceptService]       Executed DbCommand (1ms) [Parameters=[@now='?' (DbType = DateTime)], CommandType='Text', CommandTimeout='30']
info: Onion.CleanArchitecture.WebApp.Server.Services.MicroserviceLauncherHostedService[0]
      [OrderAcceptService]       SELECT o."Id", o."CreatedAt", o."CreatedBy", o."LastModifiedAt", o."LastModifiedBy", o."OrderId", o."Status", o."Timeout", o."TimerId", o."TimerStatus"
info: Onion.CleanArchitecture.WebApp.Server.Services.MicroserviceLauncherHostedService[0]
      [OrderAcceptService]       FROM "OrderTimers" AS o
info: Onion.CleanArchitecture.WebApp.Server.Services.MicroserviceLauncherHostedService[0]
      [OrderAcceptService]       WHERE o."TimerStatus" = 1 AND o."Timeout" <= @now
info: Onion.CleanArchitecture.WebApp.Server.Services.MicroserviceLauncherHostedService[0]
      [OrderAcceptService] info: Microsoft.EntityFrameworkCore.Database.Command[20101]
info: Onion.CleanArchitecture.WebApp.Server.Services.MicroserviceLauncherHostedService[0]
      [OrderAcceptService]       Executed DbCommand (1ms) [Parameters=[@now='?' (DbType = DateTime)], CommandType='Text', CommandTimeout='30']
info: Onion.CleanArchitecture.WebApp.Server.Services.MicroserviceLauncherHostedService[0]
      [OrderAcceptService]       SELECT o."Id", o."CreatedAt", o."CreatedBy", o."LastModifiedAt", o."LastModifiedBy", o."OrderId", o."Status", o."Timeout", o."TimerId", o."TimerStatus"
info: Onion.CleanArchitecture.WebApp.Server.Services.MicroserviceLauncherHostedService[0]
      [OrderAcceptService]       FROM "OrderTimers" AS o
info: Onion.CleanArchitecture.WebApp.Server.Services.MicroserviceLauncherHostedService[0]
      [OrderAcceptService]       WHERE o."TimerStatus" = 1 AND o."Timeout" <= @now
info: Onion.CleanArchitecture.WebApp.Server.Services.MicroserviceLauncherHostedService[0]
      [OrderAcceptService] info: Microsoft.EntityFrameworkCore.Database.Command[20101]
info: Onion.CleanArchitecture.WebApp.Server.Services.MicroserviceLauncherHostedService[0]
      [OrderAcceptService]       Executed DbCommand (1ms) [Parameters=[@now='?' (DbType = DateTime)], CommandType='Text', CommandTimeout='30']
info: Onion.CleanArchitecture.WebApp.Server.Services.MicroserviceLauncherHostedService[0]
      [OrderAcceptService]       SELECT o."Id", o."CreatedAt", o."CreatedBy", o."LastModifiedAt", o."LastModifiedBy", o."OrderId", o."Status", o."Timeout", o."TimerId", o."TimerStatus"
info: Onion.CleanArchitecture.WebApp.Server.Services.MicroserviceLauncherHostedService[0]
      [OrderAcceptService]       FROM "OrderTimers" AS o
info: Onion.CleanArchitecture.WebApp.Server.Services.MicroserviceLauncherHostedService[0]
      [OrderAcceptService]       WHERE o."TimerStatus" = 1 AND o."Timeout" <= @now
info: Onion.CleanArchitecture.WebApp.Server.Services.MicroserviceLauncherHostedService[0]
      [OrderAcceptService] info: Microsoft.EntityFrameworkCore.Database.Command[20101]
info: Onion.CleanArchitecture.WebApp.Server.Services.MicroserviceLauncherHostedService[0]
      [OrderAcceptService]       Executed DbCommand (2ms) [Parameters=[@now='?' (DbType = DateTime)], CommandType='Text', CommandTimeout='30']
info: Onion.CleanArchitecture.WebApp.Server.Services.MicroserviceLauncherHostedService[0]
      [OrderAcceptService]       SELECT o."Id", o."CreatedAt", o."CreatedBy", o."LastModifiedAt", o."LastModifiedBy", o."OrderId", o."Status", o."Timeout", o."TimerId", o."TimerStatus"
info: Onion.CleanArchitecture.WebApp.Server.Services.MicroserviceLauncherHostedService[0]
      [OrderAcceptService]       FROM "OrderTimers" AS o
info: Onion.CleanArchitecture.WebApp.Server.Services.MicroserviceLauncherHostedService[0]
      [OrderAcceptService]       WHERE o."TimerStatus" = 1 AND o."Timeout" <= @now
info: MassTransit[0]
      Usage Telemetry: {"id":"6c0e0000-2167-4a9c-434d-08def1d83a75","created":"2026-08-04T10:26:52.9185551\u002B07:00","host":{"framework_version":"10.0.9","mass_transit_version":"8.5.7.0","operating_system_version":"Microsoft Windows NT 10.0.26200.0","time_zone_info":"(UTC\u002B07:00) Bangkok, Hanoi, Jakarta","commit_hash":"855cf1752c94ca9498e0c45ce8d09fdc9e957dd6"},"bus":[{"created":"2026-08-04T10:26:52.9226241\u002B07:00","configured":"2026-08-04T10:26:53.0727864\u002B07:00","started":"2026-08-04T10:26:54.9284807\u002B07:00","name":"IBus","endpoints":[{"name":"_bus_","type":"SQL","prefetch_count":24}]}]}
info: Onion.CleanArchitecture.WebApp.Server.Services.MicroserviceLauncherHostedService[0]
      [OrderAcceptService] info: Microsoft.EntityFrameworkCore.Database.Command[20101]
info: Onion.CleanArchitecture.WebApp.Server.Services.MicroserviceLauncherHostedService[0]
      [OrderAcceptService]       Executed DbCommand (1ms) [Parameters=[@now='?' (DbType = DateTime)], CommandType='Text', CommandTimeout='30']
info: Onion.CleanArchitecture.WebApp.Server.Services.MicroserviceLauncherHostedService[0]
      [OrderAcceptService]       SELECT o."Id", o."CreatedAt", o."CreatedBy", o."LastModifiedAt", o."LastModifiedBy", o."OrderId", o."Status", o."Timeout", o."TimerId", o."TimerStatus"
info: Onion.CleanArchitecture.WebApp.Server.Services.MicroserviceLauncherHostedService[0]
      [OrderAcceptService]       FROM "OrderTimers" AS o
info: Onion.CleanArchitecture.WebApp.Server.Services.MicroserviceLauncherHostedService[0]
      [OrderAcceptService]       WHERE o."TimerStatus" = 1 AND o."Timeout" <= @now
info: Onion.CleanArchitecture.WebApp.Server.Services.MicroserviceLauncherHostedService[0]
      [OrderAcceptService] info: MassTransit[0]
info: Onion.CleanArchitecture.WebApp.Server.Services.MicroserviceLauncherHostedService[0]
      [OrderAcceptService]       Usage Telemetry: {"id":"c0190000-2167-4a9c-6727-08def1d84c0d","created":"2026-08-04T10:27:22.4368153\u002B07:00","host":{"framework_version":"10.0.9","mass_transit_version":"8.5.7.0","operating_system_version":"Microsoft Windows NT 10.0.26200.0","time_zone_info":"(UTC\u002B07:00) Bangkok, Hanoi, Jakarta","commit_hash":"855cf1752c94ca9498e0c45ce8d09fdc9e957dd6"},"bus":[{"created":"2026-08-04T10:27:22.4582322\u002B07:00","configured":"2026-08-04T10:27:22.9116346\u002B07:00","started":"2026-08-04T10:27:24.8262821\u002B07:00","name":"IBus","endpoints":[{"name":"order-accept-queue","type":"SQL","prefetch_count":24,"consumer_count":1,"message_count":1},{"name":"order-cancel-queue","type":"SQL","prefetch_count":24,"consumer_count":1,"message_count":1},{"name":"_bus_","type":"SQL","prefetch_count":24}]}]}
info: Onion.CleanArchitecture.WebApp.Server.Services.MicroserviceLauncherHostedService[0]
      [NotificationService] info: MassTransit[0]
info: Onion.CleanArchitecture.WebApp.Server.Services.MicroserviceLauncherHostedService[0]
      [NotificationService]       Usage Telemetry: {"id":"a0710000-2167-4a9c-660f-08def1d84e95","created":"2026-08-04T10:27:26.6837218\u002B07:00","host":{"framework_version":"10.0.9","mass_transit_version":"8.5.7.0","operating_system_version":"Microsoft Windows NT 10.0.26200.0","time_zone_info":"(UTC\u002B07:00) Bangkok, Hanoi, Jakarta","commit_hash":"855cf1752c94ca9498e0c45ce8d09fdc9e957dd6"},"bus":[{"created":"2026-08-04T10:27:26.6983371\u002B07:00","configured":"2026-08-04T10:27:27.2837452\u002B07:00","started":"2026-08-04T10:27:29.3150800\u002B07:00","name":"IBus","endpoints":[{"name":"notification-queue","type":"SQL","prefetch_count":24,"consumer_count":4,"message_count":4},{"name":"_bus_","type":"SQL","prefetch_count":24}]}]}
info: Onion.CleanArchitecture.WebApp.Server.Services.MicroserviceLauncherHostedService[0]
      [OrderOrchestration] info: MassTransit[0]
info: Onion.CleanArchitecture.WebApp.Server.Services.MicroserviceLauncherHostedService[0]
      [OrderOrchestration]       Usage Telemetry: {"id":"446a0000-2167-4a9c-d8fa-08def1d84ec3","created":"2026-08-04T10:27:26.9881682\u002B07:00","host":{"framework_version":"10.0.9","mass_transit_version":"8.5.7.0","operating_system_version":"Microsoft Windows NT 10.0.26200.0","time_zone_info":"(UTC\u002B07:00) Bangkok, Hanoi, Jakarta","commit_hash":"855cf1752c94ca9498e0c45ce8d09fdc9e957dd6"},"bus":[{"created":"2026-08-04T10:27:27.0121493\u002B07:00","configured":"2026-08-04T10:27:28.3968346\u002B07:00","started":"2026-08-04T10:27:30.2081150\u002B07:00","name":"IBus","endpoints":[{"name":"order-state","type":"SQL","prefetch_count":1,"saga_state_machine_count":1,"message_count":12},{"name":"_bus_","type":"SQL","prefetch_count":24}]}]}
info: Onion.CleanArchitecture.WebApp.Server.Services.MicroserviceLauncherHostedService[0]
      [OrderCompleteService] info: MassTransit[0]
info: Onion.CleanArchitecture.WebApp.Server.Services.MicroserviceLauncherHostedService[0]
      [OrderCompleteService]       Usage Telemetry: {"id":"20550000-2167-4a9c-ed06-08def1d84f6a","created":"2026-08-04T10:27:28.0830734\u002B07:00","host":{"framework_version":"10.0.9","mass_transit_version":"8.5.7.0","operating_system_version":"Microsoft Windows NT 10.0.26200.0","time_zone_info":"(UTC\u002B07:00) Bangkok, Hanoi, Jakarta","commit_hash":"855cf1752c94ca9498e0c45ce8d09fdc9e957dd6"},"bus":[{"created":"2026-08-04T10:27:28.0984112\u002B07:00","configured":"2026-08-04T10:27:28.5350437\u002B07:00","started":"2026-08-04T10:27:30.8632096\u002B07:00","name":"IBus","endpoints":[{"name":"order-complete-queue","type":"SQL","prefetch_count":24,"consumer_count":1,"message_count":1},{"name":"order-release-inventory-queue","type":"SQL","prefetch_count":24,"consumer_count":1,"message_count":1},{"name":"_bus_","type":"SQL","prefetch_count":24}]}]}
info: Onion.CleanArchitecture.WebApp.Server.Services.MicroserviceLauncherHostedService[0]
      [OrderAcceptService] info: Microsoft.EntityFrameworkCore.Database.Command[20101]
info: Onion.CleanArchitecture.WebApp.Server.Services.MicroserviceLauncherHostedService[0]
      [OrderAcceptService]       Executed DbCommand (3ms) [Parameters=[@now='?' (DbType = DateTime)], CommandType='Text', CommandTimeout='30']
info: Onion.CleanArchitecture.WebApp.Server.Services.MicroserviceLauncherHostedService[0]
      [OrderAcceptService]       SELECT o."Id", o."CreatedAt", o."CreatedBy", o."LastModifiedAt", o."LastModifiedBy", o."OrderId", o."Status", o."Timeout", o."TimerId", o."TimerStatus"
info: Onion.CleanArchitecture.WebApp.Server.Services.MicroserviceLauncherHostedService[0]
      [OrderAcceptService]       FROM "OrderTimers" AS o
info: Onion.CleanArchitecture.WebApp.Server.Services.MicroserviceLauncherHostedService[0]
      [OrderAcceptService]       WHERE o."TimerStatus" = 1 AND o."Timeout" <= @now
info: Onion.CleanArchitecture.WebApp.Server.Services.MicroserviceLauncherHostedService[0]
      [OrderSubmitService] info: MassTransit[0]
info: Onion.CleanArchitecture.WebApp.Server.Services.MicroserviceLauncherHostedService[0]
      [OrderSubmitService]       Usage Telemetry: {"id":"1c510000-2167-4a9c-76f9-08def1d85044","created":"2026-08-04T10:27:29.5087034\u002B07:00","host":{"framework_version":"10.0.9","mass_transit_version":"8.5.7.0","operating_system_version":"Microsoft Windows NT 10.0.26200.0","time_zone_info":"(UTC\u002B07:00) Bangkok, Hanoi, Jakarta","commit_hash":"855cf1752c94ca9498e0c45ce8d09fdc9e957dd6"},"bus":[{"created":"2026-08-04T10:27:29.5293495\u002B07:00","configured":"2026-08-04T10:27:30.0867359\u002B07:00","started":"2026-08-04T10:27:32.0807499\u002B07:00","name":"IBus","endpoints":[{"name":"order-validation-queue","type":"SQL","prefetch_count":24,"consumer_count":1,"message_count":1},{"name":"_bus_","type":"SQL","prefetch_count":24}]}]}
info: Onion.CleanArchitecture.WebApp.Server.Services.MicroserviceLauncherHostedService[0]
      [OrderAcceptService] info: Microsoft.EntityFrameworkCore.Database.Command[20101]
info: Onion.CleanArchitecture.WebApp.Server.Services.MicroserviceLauncherHostedService[0]
      [OrderAcceptService]       Executed DbCommand (1ms) [Parameters=[@now='?' (DbType = DateTime)], CommandType='Text', CommandTimeout='30']
info: Onion.CleanArchitecture.WebApp.Server.Services.MicroserviceLauncherHostedService[0]
      [OrderAcceptService]       SELECT o."Id", o."CreatedAt", o."CreatedBy", o."LastModifiedAt", o."LastModifiedBy", o."OrderId", o."Status", o."Timeout", o."TimerId", o."TimerStatus"
info: Onion.CleanArchitecture.WebApp.Server.Services.MicroserviceLauncherHostedService[0]
      [OrderAcceptService]       FROM "OrderTimers" AS o
info: Onion.CleanArchitecture.WebApp.Server.Services.MicroserviceLauncherHostedService[0]
      [OrderAcceptService]       WHERE o."TimerStatus" = 1 AND o."Timeout" <= @now
warn: LuckyPennySoftware.AutoMapper.License[0]
      You do not have a valid license key for the Lucky Penny software AutoMapper. This is allowed for development and testing scenarios. If you are running in production you are required to have a licensed version. Please visit https://luckypennysoftware.com to obtain a valid license.
info: Microsoft.EntityFrameworkCore.Database.Command[20101]
      Executed DbCommand (7ms) [Parameters=[], CommandType='Text', CommandTimeout='30']
      SELECT count(*)::int
      FROM "Orders" AS o
info: Microsoft.EntityFrameworkCore.Database.Command[20101]
      Executed DbCommand (3ms) [Parameters=[@p1='?' (DbType = Int32), @p='?' (DbType = Int32)], CommandType='Text', CommandTimeout='30']
      SELECT o."Id", o."CompletedAt", o."CreatedAt", o."CreatedBy", o."CustomerId", o."IsReserved", o."LastModifiedAt", o."LastModifiedBy", o."Note", o."OrderCode", o."OrderId", o."RejectedAt", o."ShippingAddress", o."Status", o."TotalAmount", o."UpdatedAt"
      FROM "Orders" AS o
      ORDER BY o."CreatedAt" DESC
      LIMIT @p1 OFFSET @p
info: Onion.CleanArchitecture.WebApp.Server.Services.MicroserviceLauncherHostedService[0]
      [OrderAcceptService] info: Microsoft.EntityFrameworkCore.Database.Command[20101]
info: Onion.CleanArchitecture.WebApp.Server.Services.MicroserviceLauncherHostedService[0]
      [OrderAcceptService]       Executed DbCommand (1ms) [Parameters=[@now='?' (DbType = DateTime)], CommandType='Text', CommandTimeout='30']
info: Onion.CleanArchitecture.WebApp.Server.Services.MicroserviceLauncherHostedService[0]
      [OrderAcceptService]       SELECT o."Id", o."CreatedAt", o."CreatedBy", o."LastModifiedAt", o."LastModifiedBy", o."OrderId", o."Status", o."Timeout", o."TimerId", o."TimerStatus"
info: Onion.CleanArchitecture.WebApp.Server.Services.MicroserviceLauncherHostedService[0]
      [OrderAcceptService]       FROM "OrderTimers" AS o
info: Onion.CleanArchitecture.WebApp.Server.Services.MicroserviceLauncherHostedService[0]
      [OrderAcceptService]       WHERE o."TimerStatus" = 1 AND o."Timeout" <= @now
info: Onion.CleanArchitecture.WebApp.Server.Services.MicroserviceLauncherHostedService[0]
      [OrderAcceptService] info: Microsoft.EntityFrameworkCore.Database.Command[20101]
info: Onion.CleanArchitecture.WebApp.Server.Services.MicroserviceLauncherHostedService[0]
      [OrderAcceptService]       Executed DbCommand (1ms) [Parameters=[@now='?' (DbType = DateTime)], CommandType='Text', CommandTimeout='30']
info: Onion.CleanArchitecture.WebApp.Server.Services.MicroserviceLauncherHostedService[0]
      [OrderAcceptService]       SELECT o."Id", o."CreatedAt", o."CreatedBy", o."LastModifiedAt", o."LastModifiedBy", o."OrderId", o."Status", o."Timeout", o."TimerId", o."TimerStatus"
info: Onion.CleanArchitecture.WebApp.Server.Services.MicroserviceLauncherHostedService[0]
      [OrderAcceptService]       FROM "OrderTimers" AS o
info: Onion.CleanArchitecture.WebApp.Server.Services.MicroserviceLauncherHostedService[0]
      [OrderAcceptService]       WHERE o."TimerStatus" = 1 AND o."Timeout" <= @now
info: Microsoft.EntityFrameworkCore.Database.Command[20101]
      Executed DbCommand (7ms) [Parameters=[], CommandType='Text', CommandTimeout='30']
      SELECT count(*)::int
      FROM "Product" AS p
info: Microsoft.EntityFrameworkCore.Database.Command[20101]
      Executed DbCommand (1ms) [Parameters=[@p1='?' (DbType = Int32), @p='?' (DbType = Int32)], CommandType='Text', CommandTimeout='30']
      SELECT p."Id", p."Code", p."CreatedAt", p."CreatedBy", p."Description", p."IsActive", p."LastModifiedAt", p."LastModifiedBy", p."Name", p."Price", p."ProductId", p."Rate", p."SLTKho"
      FROM "Product" AS p
      ORDER BY p."Id"
      LIMIT @p1 OFFSET @p
info: Onion.CleanArchitecture.WebApp.Server.Services.MicroserviceLauncherHostedService[0]
      [OrderAcceptService] info: Microsoft.EntityFrameworkCore.Database.Command[20101]
info: Onion.CleanArchitecture.WebApp.Server.Services.MicroserviceLauncherHostedService[0]
      [OrderAcceptService]       Executed DbCommand (1ms) [Parameters=[@now='?' (DbType = DateTime)], CommandType='Text', CommandTimeout='30']
info: Onion.CleanArchitecture.WebApp.Server.Services.MicroserviceLauncherHostedService[0]
      [OrderAcceptService]       SELECT o."Id", o."CreatedAt", o."CreatedBy", o."LastModifiedAt", o."LastModifiedBy", o."OrderId", o."Status", o."Timeout", o."TimerId", o."TimerStatus"
info: Onion.CleanArchitecture.WebApp.Server.Services.MicroserviceLauncherHostedService[0]
      [OrderAcceptService]       FROM "OrderTimers" AS o
info: Onion.CleanArchitecture.WebApp.Server.Services.MicroserviceLauncherHostedService[0]
      [OrderAcceptService]       WHERE o."TimerStatus" = 1 AND o."Timeout" <= @now
info: Microsoft.EntityFrameworkCore.Database.Command[20101]
      Executed DbCommand (1ms) [Parameters=[@productId='?' (DbType = Guid)], CommandType='Text', CommandTimeout='30']
      SELECT p."Id", p."Code", p."CreatedAt", p."CreatedBy", p."Description", p."IsActive", p."LastModifiedAt", p."LastModifiedBy", p."Name", p."Price", p."ProductId", p."Rate", p."SLTKho"
      FROM "Product" AS p
      WHERE p."ProductId" = @productId
      LIMIT 1
info: Microsoft.EntityFrameworkCore.Database.Command[20101]
      Executed DbCommand (1ms) [Parameters=[@productId='?' (DbType = Guid)], CommandType='Text', CommandTimeout='30']
      SELECT p."Id", p."Code", p."CreatedAt", p."CreatedBy", p."Description", p."IsActive", p."LastModifiedAt", p."LastModifiedBy", p."Name", p."Price", p."ProductId", p."Rate", p."SLTKho"
      FROM "Product" AS p
      WHERE p."ProductId" = @productId
      LIMIT 1
info: Microsoft.EntityFrameworkCore.Database.Command[20101]
      Executed DbCommand (12ms) [Parameters=[@p0='?' (DbType = DateTime), @p1='?' (DbType = DateTime), @p2='?', @p3='?', @p4='?' (DbType = Boolean), @p5='?' (DbType = DateTime), @p6='?', @p7='?', @p8='?', @p9='?' (DbType = Guid), @p10='?' (DbType = DateTime), @p11='?', @p12='?' (DbType = Int32), @p13='?' (DbType = Decimal), @p14='?' (DbType = DateTime), @p15='?' (DbType = DateTime), @p16='?', @p17='?' (DbType = DateTime), @p18='?', @p19='?' (DbType = Guid), @p20='?' (DbType = Guid), @p21='?' (DbType = Guid), @p22='?', @p23='?' (DbType = Int32), @p24='?' (DbType = Decimal), @p25='?' (DbType = DateTime), @p26='?', @p27='?' (DbType = DateTime), @p28='?', @p29='?' (DbType = Guid), @p30='?' (DbType = Guid), @p31='?' (DbType = Guid), @p32='?', @p33='?' (DbType = Int32), @p34='?' (DbType = Decimal)], CommandType='Text', CommandTimeout='30']
      INSERT INTO "Orders" ("CompletedAt", "CreatedAt", "CreatedBy", "CustomerId", "IsReserved", "LastModifiedAt", "LastModifiedBy", "Note", "OrderCode", "OrderId", "RejectedAt", "ShippingAddress", "Status", "TotalAmount", "UpdatedAt")
      VALUES (@p0, @p1, @p2, @p3, @p4, @p5, @p6, @p7, @p8, @p9, @p10, @p11, @p12, @p13, @p14)
      RETURNING "Id";
      INSERT INTO "OrderItems" ("CreatedAt", "CreatedBy", "LastModifiedAt", "LastModifiedBy", "OrderId", "OrderItemId", "ProductId", "ProductName", "Quantity", "UnitPrice")
      VALUES (@p15, @p16, @p17, @p18, @p19, @p20, @p21, @p22, @p23, @p24)
      RETURNING "Id";
      INSERT INTO "OrderItems" ("CreatedAt", "CreatedBy", "LastModifiedAt", "LastModifiedBy", "OrderId", "OrderItemId", "ProductId", "ProductName", "Quantity", "UnitPrice")
      VALUES (@p25, @p26, @p27, @p28, @p29, @p30, @p31, @p32, @p33, @p34)
      RETURNING "Id";
info: Onion.CleanArchitecture.WebApp.Server.Services.MicroserviceLauncherHostedService[0]
      [OrderOrchestration] info: Microsoft.EntityFrameworkCore.Database.Command[20101]
info: Onion.CleanArchitecture.WebApp.Server.Services.MicroserviceLauncherHostedService[0]
      [OrderOrchestration]       Executed DbCommand (4ms) [Parameters=[p0='?' (DbType = Guid)], CommandType='Text', CommandTimeout='30']
info: Onion.CleanArchitecture.WebApp.Server.Services.MicroserviceLauncherHostedService[0]
      [OrderOrchestration]       SELECT o."CorrelationId", o."CreatedAt", o."CurrentState", o."CustomerId", o."ErrorReason", o."IsTimeout", o."Items", o."NeedReleaseInventory", o."TotalAmount"
info: Onion.CleanArchitecture.WebApp.Server.Services.MicroserviceLauncherHostedService[0]
      [OrderOrchestration]       FROM (
info: Onion.CleanArchitecture.WebApp.Server.Services.MicroserviceLauncherHostedService[0]
      [OrderOrchestration]           SELECT *, xmin FROM "OrderState" WHERE "CorrelationId" = @p0 FOR UPDATE
info: Onion.CleanArchitecture.WebApp.Server.Services.MicroserviceLauncherHostedService[0]
      [OrderOrchestration]       ) AS o
info: Onion.CleanArchitecture.WebApp.Server.Services.MicroserviceLauncherHostedService[0]
      [OrderOrchestration]       LIMIT 2
info: Microsoft.EntityFrameworkCore.Database.Command[20101]
      Executed DbCommand (1ms) [Parameters=[], CommandType='Text', CommandTimeout='30']
      SELECT count(*)::int
      FROM "Orders" AS o
info: Microsoft.EntityFrameworkCore.Database.Command[20101]
      Executed DbCommand (1ms) [Parameters=[@p1='?' (DbType = Int32), @p='?' (DbType = Int32)], CommandType='Text', CommandTimeout='30']
      SELECT o."Id", o."CompletedAt", o."CreatedAt", o."CreatedBy", o."CustomerId", o."IsReserved", o."LastModifiedAt", o."LastModifiedBy", o."Note", o."OrderCode", o."OrderId", o."RejectedAt", o."ShippingAddress", o."Status", o."TotalAmount", o."UpdatedAt"
      FROM "Orders" AS o
      ORDER BY o."CreatedAt" DESC
      LIMIT @p1 OFFSET @p
info: Onion.CleanArchitecture.WebApp.Server.Services.MicroserviceLauncherHostedService[0]
      [OrderOrchestration] info: Microsoft.EntityFrameworkCore.Database.Command[20101]
info: Onion.CleanArchitecture.WebApp.Server.Services.MicroserviceLauncherHostedService[0]
      [OrderOrchestration]       Executed DbCommand (10ms) [Parameters=[@p0='?' (DbType = Guid), @p1='?' (DbType = DateTime), @p2='?', @p3='?' (DbType = Guid), @p4='?', @p5='?' (DbType = Boolean), @p6='?' (DbType = Object), @p7='?' (DbType = Boolean), @p8='?' (DbType = Decimal)], CommandType='Text', CommandTimeout='30']
info: Onion.CleanArchitecture.WebApp.Server.Services.MicroserviceLauncherHostedService[0]
      [OrderOrchestration]       INSERT INTO "OrderState" ("CorrelationId", "CreatedAt", "CurrentState", "CustomerId", "ErrorReason", "IsTimeout", "Items", "NeedReleaseInventory", "TotalAmount")
info: Onion.CleanArchitecture.WebApp.Server.Services.MicroserviceLauncherHostedService[0]
      [OrderOrchestration]       VALUES (@p0, @p1, @p2, @p3, @p4, @p5, @p6, @p7, @p8);
info: Onion.CleanArchitecture.WebApp.Server.Services.MicroserviceLauncherHostedService[0]
      [OrderSubmitService] info: OrderSubmitService.OrderSubmitConsumer[0]
info: Onion.CleanArchitecture.WebApp.Server.Services.MicroserviceLauncherHostedService[0]
      [OrderSubmitService]       Nhận ValidateOrderCommand OrderId=a395e41c-9744-4a65-9dd0-50b42cc5bdfe
info: Onion.CleanArchitecture.WebApp.Server.Services.MicroserviceLauncherHostedService[0]
      [OrderSubmitService] info: Microsoft.EntityFrameworkCore.Database.Command[20101]
info: Onion.CleanArchitecture.WebApp.Server.Services.MicroserviceLauncherHostedService[0]
      [OrderSubmitService]       Executed DbCommand (7ms) [Parameters=[@orderId='?' (DbType = Guid)], CommandType='Text', CommandTimeout='30']
info: Onion.CleanArchitecture.WebApp.Server.Services.MicroserviceLauncherHostedService[0]
      [OrderSubmitService]       SELECT o."Id", o."CompletedAt", o."CreatedAt", o."CreatedBy", o."CustomerId", o."IsReserved", o."LastModifiedAt", o."LastModifiedBy", o."Note", o."OrderCode", o."OrderId", o."RejectedAt", o."ShippingAddress", o."Status", o."TotalAmount", o."UpdatedAt"
info: Onion.CleanArchitecture.WebApp.Server.Services.MicroserviceLauncherHostedService[0]
      [OrderSubmitService]       FROM "Orders" AS o
info: Onion.CleanArchitecture.WebApp.Server.Services.MicroserviceLauncherHostedService[0]
      [OrderSubmitService]       WHERE o."OrderId" = @orderId
info: Onion.CleanArchitecture.WebApp.Server.Services.MicroserviceLauncherHostedService[0]
      [OrderSubmitService]       ORDER BY o."Id"
info: Onion.CleanArchitecture.WebApp.Server.Services.MicroserviceLauncherHostedService[0]
      [OrderSubmitService]       LIMIT 1
info: Onion.CleanArchitecture.WebApp.Server.Services.MicroserviceLauncherHostedService[0]
      [OrderSubmitService] info: Microsoft.EntityFrameworkCore.Database.Command[20101]
info: Onion.CleanArchitecture.WebApp.Server.Services.MicroserviceLauncherHostedService[0]
      [OrderSubmitService]       Executed DbCommand (4ms) [Parameters=[@orderId='?' (DbType = Guid)], CommandType='Text', CommandTimeout='30']
info: Onion.CleanArchitecture.WebApp.Server.Services.MicroserviceLauncherHostedService[0]
      [OrderSubmitService]       SELECT o0."Id", o0."CreatedAt", o0."CreatedBy", o0."LastModifiedAt", o0."LastModifiedBy", o0."OrderId", o0."OrderItemId", o0."ProductId", o0."ProductName", o0."Quantity", o0."UnitPrice", o1."Id"
info: Onion.CleanArchitecture.WebApp.Server.Services.MicroserviceLauncherHostedService[0]
      [OrderSubmitService]       FROM (
info: Onion.CleanArchitecture.WebApp.Server.Services.MicroserviceLauncherHostedService[0]
      [OrderSubmitService]           SELECT o."Id", o."OrderId"
info: Onion.CleanArchitecture.WebApp.Server.Services.MicroserviceLauncherHostedService[0]
      [OrderSubmitService]           FROM "Orders" AS o
info: Onion.CleanArchitecture.WebApp.Server.Services.MicroserviceLauncherHostedService[0]
      [OrderSubmitService]           WHERE o."OrderId" = @orderId
info: Onion.CleanArchitecture.WebApp.Server.Services.MicroserviceLauncherHostedService[0]
      [OrderSubmitService]           ORDER BY o."Id"
info: Onion.CleanArchitecture.WebApp.Server.Services.MicroserviceLauncherHostedService[0]
      [OrderSubmitService]           LIMIT 1
info: Onion.CleanArchitecture.WebApp.Server.Services.MicroserviceLauncherHostedService[0]
      [OrderSubmitService]       ) AS o1
info: Onion.CleanArchitecture.WebApp.Server.Services.MicroserviceLauncherHostedService[0]
      [OrderSubmitService]       INNER JOIN "OrderItems" AS o0 ON o1."OrderId" = o0."OrderId"
info: Onion.CleanArchitecture.WebApp.Server.Services.MicroserviceLauncherHostedService[0]
      [OrderSubmitService]       ORDER BY o1."Id"
info: Onion.CleanArchitecture.WebApp.Server.Services.MicroserviceLauncherHostedService[0]
      [OrderSubmitService] info: Microsoft.EntityFrameworkCore.Database.Command[20101]
info: Onion.CleanArchitecture.WebApp.Server.Services.MicroserviceLauncherHostedService[0]
      [OrderSubmitService]       Executed DbCommand (3ms) [Parameters=[@productId='?' (DbType = Guid)], CommandType='Text', CommandTimeout='30']
info: Onion.CleanArchitecture.WebApp.Server.Services.MicroserviceLauncherHostedService[0]
      [OrderSubmitService]       SELECT p."Id", p."Code", p."CreatedAt", p."CreatedBy", p."Description", p."IsActive", p."LastModifiedAt", p."LastModifiedBy", p."Name", p."Price", p."ProductId", p."Rate", p."SLTKho"
info: Onion.CleanArchitecture.WebApp.Server.Services.MicroserviceLauncherHostedService[0]
      [OrderSubmitService]       FROM "Product" AS p
info: Onion.CleanArchitecture.WebApp.Server.Services.MicroserviceLauncherHostedService[0]
      [OrderSubmitService]       WHERE p."ProductId" = @productId
info: Onion.CleanArchitecture.WebApp.Server.Services.MicroserviceLauncherHostedService[0]
      [OrderSubmitService]       LIMIT 1
info: Onion.CleanArchitecture.WebApp.Server.Services.MicroserviceLauncherHostedService[0]
      [OrderSubmitService] info: Microsoft.EntityFrameworkCore.Database.Command[20101]
info: Onion.CleanArchitecture.WebApp.Server.Services.MicroserviceLauncherHostedService[0]
      [OrderSubmitService]       Executed DbCommand (1ms) [Parameters=[@productId='?' (DbType = Guid)], CommandType='Text', CommandTimeout='30']
info: Onion.CleanArchitecture.WebApp.Server.Services.MicroserviceLauncherHostedService[0]
      [OrderSubmitService]       SELECT p."Id", p."Code", p."CreatedAt", p."CreatedBy", p."Description", p."IsActive", p."LastModifiedAt", p."LastModifiedBy", p."Name", p."Price", p."ProductId", p."Rate", p."SLTKho"
info: Onion.CleanArchitecture.WebApp.Server.Services.MicroserviceLauncherHostedService[0]
      [OrderSubmitService]       FROM "Product" AS p
info: Onion.CleanArchitecture.WebApp.Server.Services.MicroserviceLauncherHostedService[0]
      [OrderSubmitService]       WHERE p."ProductId" = @productId
info: Onion.CleanArchitecture.WebApp.Server.Services.MicroserviceLauncherHostedService[0]
      [OrderSubmitService]       LIMIT 1
info: Onion.CleanArchitecture.WebApp.Server.Services.MicroserviceLauncherHostedService[0]
      [OrderSubmitService] info: Microsoft.EntityFrameworkCore.Database.Command[20101]
info: Onion.CleanArchitecture.WebApp.Server.Services.MicroserviceLauncherHostedService[0]
      [OrderSubmitService]       Executed DbCommand (5ms) [Parameters=[@p14='?' (DbType = Int32), @p0='?' (DbType = DateTime), @p1='?' (DbType = DateTime), @p2='?', @p3='?', @p4='?' (DbType = Boolean), @p5='?' (DbType = DateTime), @p6='?', @p7='?', @p8='?', @p9='?' (DbType = DateTime), @p10='?', @p11='?' (DbType = Int32), @p12='?' (DbType = Decimal), @p13='?' (DbType = DateTime), @p27='?' (DbType = Int32), @p15='?', @p16='?' (DbType = DateTime), @p17='?', @p18='?', @p19='?' (DbType = Boolean), @p20='?' (DbType = DateTime), @p21='?', @p22='?', @p23='?' (DbType = Decimal), @p24='?' (DbType = Guid), @p25='?' (DbType = Decimal), @p26='?' (DbType = Int32), @p40='?' (DbType = Int32), @p28='?', @p29='?' (DbType = DateTime), @p30='?', @p31='?', @p32='?' (DbType = Boolean), @p33='?' (DbType = DateTime), @p34='?', @p35='?', @p36='?' (DbType = Decimal), @p37='?' (DbType = Guid), @p38='?' (DbType = Decimal), @p39='?' (DbType = Int32)], CommandType='Text', CommandTimeout='30']
info: Onion.CleanArchitecture.WebApp.Server.Services.MicroserviceLauncherHostedService[0]
      [OrderSubmitService]       UPDATE "Orders" SET "CompletedAt" = @p0, "CreatedAt" = @p1, "CreatedBy" = @p2, "CustomerId" = @p3, "IsReserved" = @p4, "LastModifiedAt" = @p5, "LastModifiedBy" = @p6, "Note" = @p7, "OrderCode" = @p8, "RejectedAt" = @p9, "ShippingAddress" = @p10, "Status" = @p11, "TotalAmount" = @p12, "UpdatedAt" = @p13
info: Onion.CleanArchitecture.WebApp.Server.Services.MicroserviceLauncherHostedService[0]
      [OrderSubmitService]       WHERE "Id" = @p14;
info: Onion.CleanArchitecture.WebApp.Server.Services.MicroserviceLauncherHostedService[0]
      [OrderSubmitService]       UPDATE "Product" SET "Code" = @p15, "CreatedAt" = @p16, "CreatedBy" = @p17, "Description" = @p18, "IsActive" = @p19, "LastModifiedAt" = @p20, "LastModifiedBy" = @p21, "Name" = @p22, "Price" = @p23, "ProductId" = @p24, "Rate" = @p25, "SLTKho" = @p26
info: Onion.CleanArchitecture.WebApp.Server.Services.MicroserviceLauncherHostedService[0]
      [OrderSubmitService]       WHERE "Id" = @p27;
info: Onion.CleanArchitecture.WebApp.Server.Services.MicroserviceLauncherHostedService[0]
      [OrderSubmitService]       UPDATE "Product" SET "Code" = @p28, "CreatedAt" = @p29, "CreatedBy" = @p30, "Description" = @p31, "IsActive" = @p32, "LastModifiedAt" = @p33, "LastModifiedBy" = @p34, "Name" = @p35, "Price" = @p36, "ProductId" = @p37, "Rate" = @p38, "SLTKho" = @p39
info: Onion.CleanArchitecture.WebApp.Server.Services.MicroserviceLauncherHostedService[0]
      [OrderSubmitService]       WHERE "Id" = @p40;
info: Onion.CleanArchitecture.WebApp.Server.Services.MicroserviceLauncherHostedService[0]
      [OrderSubmitService] info: Microsoft.EntityFrameworkCore.Database.Command[20101]
info: Onion.CleanArchitecture.WebApp.Server.Services.MicroserviceLauncherHostedService[0]
      [OrderSubmitService]       Executed DbCommand (2ms) [Parameters=[@p0='?', @p1='?' (DbType = DateTime), @p2='?', @p3='?', @p4='?' (DbType = Guid), @p5='?' (DbType = DateTime), @p6='?', @p7='?', @p8='?' (DbType = Guid), @p9='?' (DbType = Int32)], CommandType='Text', CommandTimeout='30']
info: Onion.CleanArchitecture.WebApp.Server.Services.MicroserviceLauncherHostedService[0]
      [OrderSubmitService]       INSERT INTO "OrderHistories" ("ConsumerName", "CreatedAt", "CreatedBy", "EventType", "HistoryId", "LastModifiedAt", "LastModifiedBy", "Message", "OrderId", "Status")
info: Onion.CleanArchitecture.WebApp.Server.Services.MicroserviceLauncherHostedService[0]
      [OrderSubmitService]       VALUES (@p0, @p1, @p2, @p3, @p4, @p5, @p6, @p7, @p8, @p9)
info: Onion.CleanArchitecture.WebApp.Server.Services.MicroserviceLauncherHostedService[0]
      [OrderSubmitService]       RETURNING "Id";
info: Onion.CleanArchitecture.WebApp.Server.Services.MicroserviceLauncherHostedService[0]
      [OrderOrchestration] info: Microsoft.EntityFrameworkCore.Database.Command[20101]
info: Onion.CleanArchitecture.WebApp.Server.Services.MicroserviceLauncherHostedService[0]
      [OrderOrchestration]       Executed DbCommand (2ms) [Parameters=[p0='?' (DbType = Guid)], CommandType='Text', CommandTimeout='30']
info: Onion.CleanArchitecture.WebApp.Server.Services.MicroserviceLauncherHostedService[0]
      [OrderOrchestration]       SELECT o."CorrelationId", o."CreatedAt", o."CurrentState", o."CustomerId", o."ErrorReason", o."IsTimeout", o."Items", o."NeedReleaseInventory", o."TotalAmount"
info: Onion.CleanArchitecture.WebApp.Server.Services.MicroserviceLauncherHostedService[0]
      [OrderOrchestration]       FROM (
info: Onion.CleanArchitecture.WebApp.Server.Services.MicroserviceLauncherHostedService[0]
      [OrderOrchestration]           SELECT *, xmin FROM "OrderState" WHERE "CorrelationId" = @p0 FOR UPDATE
info: Onion.CleanArchitecture.WebApp.Server.Services.MicroserviceLauncherHostedService[0]
      [OrderOrchestration]       ) AS o
info: Onion.CleanArchitecture.WebApp.Server.Services.MicroserviceLauncherHostedService[0]
      [OrderOrchestration]       LIMIT 2
info: Onion.CleanArchitecture.WebApp.Server.Services.MicroserviceLauncherHostedService[0]
      [OrderSubmitService] info: OrderSubmitService.OrderSubmitConsumer[0]
info: Onion.CleanArchitecture.WebApp.Server.Services.MicroserviceLauncherHostedService[0]
      [OrderSubmitService]       Validate thành công OrderId=a395e41c-9744-4a65-9dd0-50b42cc5bdfe, đã giữ chỗ 2 sản phẩm. Saga sẽ gửi AcceptOrderCommand
info: Onion.CleanArchitecture.WebApp.Server.Services.MicroserviceLauncherHostedService[0]
      [OrderOrchestration] info: Microsoft.EntityFrameworkCore.Database.Command[20101]
info: Onion.CleanArchitecture.WebApp.Server.Services.MicroserviceLauncherHostedService[0]
      [OrderOrchestration]       Executed DbCommand (1ms) [Parameters=[@p2='?' (DbType = Guid), @p0='?', @p1='?' (DbType = Boolean)], CommandType='Text', CommandTimeout='30']
info: Onion.CleanArchitecture.WebApp.Server.Services.MicroserviceLauncherHostedService[0]
      [OrderOrchestration]       UPDATE "OrderState" SET "CurrentState" = @p0, "NeedReleaseInventory" = @p1
info: Onion.CleanArchitecture.WebApp.Server.Services.MicroserviceLauncherHostedService[0]
      [OrderOrchestration]       WHERE "CorrelationId" = @p2;
info: Onion.CleanArchitecture.WebApp.Server.Services.MicroserviceLauncherHostedService[0]
      [OrderAcceptService] info: Microsoft.EntityFrameworkCore.Database.Command[20101]
info: Onion.CleanArchitecture.WebApp.Server.Services.MicroserviceLauncherHostedService[0]
      [OrderAcceptService]       Executed DbCommand (4ms) [Parameters=[@orderId='?' (DbType = Guid)], CommandType='Text', CommandTimeout='30']
info: Onion.CleanArchitecture.WebApp.Server.Services.MicroserviceLauncherHostedService[0]
      [OrderAcceptService]       SELECT o."Id", o."CompletedAt", o."CreatedAt", o."CreatedBy", o."CustomerId", o."IsReserved", o."LastModifiedAt", o."LastModifiedBy", o."Note", o."OrderCode", o."OrderId", o."RejectedAt", o."ShippingAddress", o."Status", o."TotalAmount", o."UpdatedAt"
info: Onion.CleanArchitecture.WebApp.Server.Services.MicroserviceLauncherHostedService[0]
      [OrderAcceptService]       FROM "Orders" AS o
info: Onion.CleanArchitecture.WebApp.Server.Services.MicroserviceLauncherHostedService[0]
      [OrderAcceptService]       WHERE o."OrderId" = @orderId
info: Onion.CleanArchitecture.WebApp.Server.Services.MicroserviceLauncherHostedService[0]
      [OrderAcceptService]       ORDER BY o."Id"
info: Onion.CleanArchitecture.WebApp.Server.Services.MicroserviceLauncherHostedService[0]
      [OrderAcceptService]       LIMIT 1
info: Onion.CleanArchitecture.WebApp.Server.Services.MicroserviceLauncherHostedService[0]
      [OrderAcceptService] info: Microsoft.EntityFrameworkCore.Database.Command[20101]
info: Onion.CleanArchitecture.WebApp.Server.Services.MicroserviceLauncherHostedService[0]
      [OrderAcceptService]       Executed DbCommand (4ms) [Parameters=[@orderId='?' (DbType = Guid)], CommandType='Text', CommandTimeout='30']
info: Onion.CleanArchitecture.WebApp.Server.Services.MicroserviceLauncherHostedService[0]
      [OrderAcceptService]       SELECT o0."Id", o0."CreatedAt", o0."CreatedBy", o0."LastModifiedAt", o0."LastModifiedBy", o0."OrderId", o0."OrderItemId", o0."ProductId", o0."ProductName", o0."Quantity", o0."UnitPrice", o1."Id"
info: Onion.CleanArchitecture.WebApp.Server.Services.MicroserviceLauncherHostedService[0]
      [OrderAcceptService]       FROM (
info: Onion.CleanArchitecture.WebApp.Server.Services.MicroserviceLauncherHostedService[0]
      [OrderAcceptService]           SELECT o."Id", o."OrderId"
info: Onion.CleanArchitecture.WebApp.Server.Services.MicroserviceLauncherHostedService[0]
      [OrderAcceptService]           FROM "Orders" AS o
info: Onion.CleanArchitecture.WebApp.Server.Services.MicroserviceLauncherHostedService[0]
      [OrderAcceptService]           WHERE o."OrderId" = @orderId
info: Onion.CleanArchitecture.WebApp.Server.Services.MicroserviceLauncherHostedService[0]
      [OrderAcceptService]           ORDER BY o."Id"
info: Onion.CleanArchitecture.WebApp.Server.Services.MicroserviceLauncherHostedService[0]
      [OrderAcceptService]           LIMIT 1
info: Onion.CleanArchitecture.WebApp.Server.Services.MicroserviceLauncherHostedService[0]
      [OrderAcceptService]       ) AS o1
info: Onion.CleanArchitecture.WebApp.Server.Services.MicroserviceLauncherHostedService[0]
      [OrderAcceptService]       INNER JOIN "OrderItems" AS o0 ON o1."OrderId" = o0."OrderId"
info: Onion.CleanArchitecture.WebApp.Server.Services.MicroserviceLauncherHostedService[0]
      [OrderAcceptService]       ORDER BY o1."Id"
info: Onion.CleanArchitecture.WebApp.Server.Services.MicroserviceLauncherHostedService[0]
      [OrderAcceptService] info: OrderAcceptService.OrderAcceptConsumer[0]
info: Onion.CleanArchitecture.WebApp.Server.Services.MicroserviceLauncherHostedService[0]
      [OrderAcceptService]       Nhận AcceptOrderCommand OrderId=a395e41c-9744-4a65-9dd0-50b42cc5bdfe
info: Onion.CleanArchitecture.WebApp.Server.Services.MicroserviceLauncherHostedService[0]
      [OrderAcceptService] info: Microsoft.EntityFrameworkCore.Database.Command[20101]
info: Onion.CleanArchitecture.WebApp.Server.Services.MicroserviceLauncherHostedService[0]
      [OrderAcceptService]       Executed DbCommand (2ms) [Parameters=[@productId='?' (DbType = Guid)], CommandType='Text', CommandTimeout='30']
info: Onion.CleanArchitecture.WebApp.Server.Services.MicroserviceLauncherHostedService[0]
      [OrderAcceptService]       SELECT p."Id", p."Code", p."CreatedAt", p."CreatedBy", p."Description", p."IsActive", p."LastModifiedAt", p."LastModifiedBy", p."Name", p."Price", p."ProductId", p."Rate", p."SLTKho"
info: Onion.CleanArchitecture.WebApp.Server.Services.MicroserviceLauncherHostedService[0]
      [OrderAcceptService]       FROM "Product" AS p
info: Onion.CleanArchitecture.WebApp.Server.Services.MicroserviceLauncherHostedService[0]
      [OrderAcceptService]       WHERE p."ProductId" = @productId
info: Onion.CleanArchitecture.WebApp.Server.Services.MicroserviceLauncherHostedService[0]
      [OrderAcceptService]       LIMIT 1
info: Onion.CleanArchitecture.WebApp.Server.Services.MicroserviceLauncherHostedService[0]
      [OrderAcceptService] info: Microsoft.EntityFrameworkCore.Database.Command[20101]
info: Onion.CleanArchitecture.WebApp.Server.Services.MicroserviceLauncherHostedService[0]
      [OrderAcceptService]       Executed DbCommand (1ms) [Parameters=[@productId='?' (DbType = Guid)], CommandType='Text', CommandTimeout='30']
info: Onion.CleanArchitecture.WebApp.Server.Services.MicroserviceLauncherHostedService[0]
      [OrderAcceptService]       SELECT p."Id", p."Code", p."CreatedAt", p."CreatedBy", p."Description", p."IsActive", p."LastModifiedAt", p."LastModifiedBy", p."Name", p."Price", p."ProductId", p."Rate", p."SLTKho"
info: Onion.CleanArchitecture.WebApp.Server.Services.MicroserviceLauncherHostedService[0]
      [OrderAcceptService]       FROM "Product" AS p
info: Onion.CleanArchitecture.WebApp.Server.Services.MicroserviceLauncherHostedService[0]
      [OrderAcceptService]       WHERE p."ProductId" = @productId
info: Onion.CleanArchitecture.WebApp.Server.Services.MicroserviceLauncherHostedService[0]
      [OrderAcceptService]       LIMIT 1
info: Onion.CleanArchitecture.WebApp.Server.Services.MicroserviceLauncherHostedService[0]
      [OrderAcceptService] info: Microsoft.EntityFrameworkCore.Database.Command[20101]
info: Onion.CleanArchitecture.WebApp.Server.Services.MicroserviceLauncherHostedService[0]
      [OrderAcceptService]       Executed DbCommand (3ms) [Parameters=[@p14='?' (DbType = Int32), @p0='?' (DbType = DateTime), @p1='?' (DbType = DateTime), @p2='?', @p3='?', @p4='?' (DbType = Boolean), @p5='?' (DbType = DateTime), @p6='?', @p7='?', @p8='?', @p9='?' (DbType = DateTime), @p10='?', @p11='?' (DbType = Int32), @p12='?' (DbType = Decimal), @p13='?' (DbType = DateTime)], CommandType='Text', CommandTimeout='30']
info: Onion.CleanArchitecture.WebApp.Server.Services.MicroserviceLauncherHostedService[0]
      [OrderAcceptService]       UPDATE "Orders" SET "CompletedAt" = @p0, "CreatedAt" = @p1, "CreatedBy" = @p2, "CustomerId" = @p3, "IsReserved" = @p4, "LastModifiedAt" = @p5, "LastModifiedBy" = @p6, "Note" = @p7, "OrderCode" = @p8, "RejectedAt" = @p9, "ShippingAddress" = @p10, "Status" = @p11, "TotalAmount" = @p12, "UpdatedAt" = @p13
info: Onion.CleanArchitecture.WebApp.Server.Services.MicroserviceLauncherHostedService[0]
      [OrderAcceptService]       WHERE "Id" = @p14;
info: Onion.CleanArchitecture.WebApp.Server.Services.MicroserviceLauncherHostedService[0]
      [OrderAcceptService] info: Microsoft.EntityFrameworkCore.Database.Command[20101]
info: Onion.CleanArchitecture.WebApp.Server.Services.MicroserviceLauncherHostedService[0]
      [OrderAcceptService]       Executed DbCommand (2ms) [Parameters=[@p0='?' (DbType = DateTime), @p1='?', @p2='?' (DbType = DateTime), @p3='?', @p4='?' (DbType = Guid), @p5='?' (DbType = Int32), @p6='?' (DbType = DateTime), @p7='?' (DbType = Guid), @p8='?' (DbType = Int32)], CommandType='Text', CommandTimeout='30']
info: Onion.CleanArchitecture.WebApp.Server.Services.MicroserviceLauncherHostedService[0]
      [OrderAcceptService]       INSERT INTO "OrderTimers" ("CreatedAt", "CreatedBy", "LastModifiedAt", "LastModifiedBy", "OrderId", "Status", "Timeout", "TimerId", "TimerStatus")
info: Onion.CleanArchitecture.WebApp.Server.Services.MicroserviceLauncherHostedService[0]
      [OrderAcceptService]       VALUES (@p0, @p1, @p2, @p3, @p4, @p5, @p6, @p7, @p8)
info: Onion.CleanArchitecture.WebApp.Server.Services.MicroserviceLauncherHostedService[0]
      [OrderAcceptService]       RETURNING "Id";
info: Onion.CleanArchitecture.WebApp.Server.Services.MicroserviceLauncherHostedService[0]
      [OrderAcceptService] info: Microsoft.EntityFrameworkCore.Database.Command[20101]
info: Onion.CleanArchitecture.WebApp.Server.Services.MicroserviceLauncherHostedService[0]
      [OrderAcceptService]       Executed DbCommand (2ms) [Parameters=[@p0='?', @p1='?' (DbType = DateTime), @p2='?', @p3='?', @p4='?' (DbType = Guid), @p5='?' (DbType = DateTime), @p6='?', @p7='?', @p8='?' (DbType = Guid), @p9='?' (DbType = Int32)], CommandType='Text', CommandTimeout='30']
info: Onion.CleanArchitecture.WebApp.Server.Services.MicroserviceLauncherHostedService[0]
      [OrderAcceptService]       INSERT INTO "OrderHistories" ("ConsumerName", "CreatedAt", "CreatedBy", "EventType", "HistoryId", "LastModifiedAt", "LastModifiedBy", "Message", "OrderId", "Status")
info: Onion.CleanArchitecture.WebApp.Server.Services.MicroserviceLauncherHostedService[0]
      [OrderAcceptService]       VALUES (@p0, @p1, @p2, @p3, @p4, @p5, @p6, @p7, @p8, @p9)
info: Onion.CleanArchitecture.WebApp.Server.Services.MicroserviceLauncherHostedService[0]
      [OrderAcceptService]       RETURNING "Id";
info: Onion.CleanArchitecture.WebApp.Server.Services.MicroserviceLauncherHostedService[0]
      [OrderAcceptService] info: OrderAcceptService.OrderAcceptConsumer[0]
info: Onion.CleanArchitecture.WebApp.Server.Services.MicroserviceLauncherHostedService[0]
      [OrderAcceptService]       Accept thành công OrderId=a395e41c-9744-4a65-9dd0-50b42cc5bdfe, Saga sẽ gửi CompleteOrderCommand
info: Onion.CleanArchitecture.WebApp.Server.Services.MicroserviceLauncherHostedService[0]
      [OrderOrchestration] info: Microsoft.EntityFrameworkCore.Database.Command[20101]
info: Onion.CleanArchitecture.WebApp.Server.Services.MicroserviceLauncherHostedService[0]
      [OrderOrchestration]       Executed DbCommand (2ms) [Parameters=[p0='?' (DbType = Guid)], CommandType='Text', CommandTimeout='30']
info: Onion.CleanArchitecture.WebApp.Server.Services.MicroserviceLauncherHostedService[0]
      [OrderOrchestration]       SELECT o."CorrelationId", o."CreatedAt", o."CurrentState", o."CustomerId", o."ErrorReason", o."IsTimeout", o."Items", o."NeedReleaseInventory", o."TotalAmount"
info: Onion.CleanArchitecture.WebApp.Server.Services.MicroserviceLauncherHostedService[0]
      [OrderOrchestration]       FROM (
info: Onion.CleanArchitecture.WebApp.Server.Services.MicroserviceLauncherHostedService[0]
      [OrderOrchestration]           SELECT *, xmin FROM "OrderState" WHERE "CorrelationId" = @p0 FOR UPDATE
info: Onion.CleanArchitecture.WebApp.Server.Services.MicroserviceLauncherHostedService[0]
      [OrderOrchestration]       ) AS o
info: Onion.CleanArchitecture.WebApp.Server.Services.MicroserviceLauncherHostedService[0]
      [OrderOrchestration]       LIMIT 2
info: Onion.CleanArchitecture.WebApp.Server.Services.MicroserviceLauncherHostedService[0]
      [OrderOrchestration] info: Microsoft.EntityFrameworkCore.Database.Command[20101]
info: Onion.CleanArchitecture.WebApp.Server.Services.MicroserviceLauncherHostedService[0]
      [OrderOrchestration]       Executed DbCommand (0ms) [Parameters=[@p1='?' (DbType = Guid), @p0='?'], CommandType='Text', CommandTimeout='30']
info: Onion.CleanArchitecture.WebApp.Server.Services.MicroserviceLauncherHostedService[0]
      [OrderOrchestration]       UPDATE "OrderState" SET "CurrentState" = @p0
info: Onion.CleanArchitecture.WebApp.Server.Services.MicroserviceLauncherHostedService[0]
      [OrderOrchestration]       WHERE "CorrelationId" = @p1;
info: Onion.CleanArchitecture.WebApp.Server.Services.MicroserviceLauncherHostedService[0]
      [OrderCompleteService] info: Microsoft.EntityFrameworkCore.Database.Command[20101]
info: Onion.CleanArchitecture.WebApp.Server.Services.MicroserviceLauncherHostedService[0]
      [OrderCompleteService]       Executed DbCommand (5ms) [Parameters=[@orderId='?' (DbType = Guid)], CommandType='Text', CommandTimeout='30']
info: Onion.CleanArchitecture.WebApp.Server.Services.MicroserviceLauncherHostedService[0]
      [OrderCompleteService]       SELECT o."Id", o."CompletedAt", o."CreatedAt", o."CreatedBy", o."CustomerId", o."IsReserved", o."LastModifiedAt", o."LastModifiedBy", o."Note", o."OrderCode", o."OrderId", o."RejectedAt", o."ShippingAddress", o."Status", o."TotalAmount", o."UpdatedAt"
info: Onion.CleanArchitecture.WebApp.Server.Services.MicroserviceLauncherHostedService[0]
      [OrderCompleteService]       FROM "Orders" AS o
info: Onion.CleanArchitecture.WebApp.Server.Services.MicroserviceLauncherHostedService[0]
      [OrderCompleteService]       WHERE o."OrderId" = @orderId
info: Onion.CleanArchitecture.WebApp.Server.Services.MicroserviceLauncherHostedService[0]
      [OrderCompleteService]       ORDER BY o."Id"
info: Onion.CleanArchitecture.WebApp.Server.Services.MicroserviceLauncherHostedService[0]
      [OrderCompleteService]       LIMIT 1
info: Onion.CleanArchitecture.WebApp.Server.Services.MicroserviceLauncherHostedService[0]
      [OrderCompleteService] info: Microsoft.EntityFrameworkCore.Database.Command[20101]
info: Onion.CleanArchitecture.WebApp.Server.Services.MicroserviceLauncherHostedService[0]
      [OrderCompleteService]       Executed DbCommand (4ms) [Parameters=[@orderId='?' (DbType = Guid)], CommandType='Text', CommandTimeout='30']
info: Onion.CleanArchitecture.WebApp.Server.Services.MicroserviceLauncherHostedService[0]
      [OrderCompleteService]       SELECT o0."Id", o0."CreatedAt", o0."CreatedBy", o0."LastModifiedAt", o0."LastModifiedBy", o0."OrderId", o0."OrderItemId", o0."ProductId", o0."ProductName", o0."Quantity", o0."UnitPrice", o1."Id"
info: Onion.CleanArchitecture.WebApp.Server.Services.MicroserviceLauncherHostedService[0]
      [OrderCompleteService]       FROM (
info: Onion.CleanArchitecture.WebApp.Server.Services.MicroserviceLauncherHostedService[0]
      [OrderCompleteService]           SELECT o."Id", o."OrderId"
info: Onion.CleanArchitecture.WebApp.Server.Services.MicroserviceLauncherHostedService[0]
      [OrderCompleteService]           FROM "Orders" AS o
info: Onion.CleanArchitecture.WebApp.Server.Services.MicroserviceLauncherHostedService[0]
      [OrderCompleteService]           WHERE o."OrderId" = @orderId
info: Onion.CleanArchitecture.WebApp.Server.Services.MicroserviceLauncherHostedService[0]
      [OrderCompleteService]           ORDER BY o."Id"
info: Onion.CleanArchitecture.WebApp.Server.Services.MicroserviceLauncherHostedService[0]
      [OrderCompleteService]           LIMIT 1
info: Onion.CleanArchitecture.WebApp.Server.Services.MicroserviceLauncherHostedService[0]
      [OrderCompleteService]       ) AS o1
info: Onion.CleanArchitecture.WebApp.Server.Services.MicroserviceLauncherHostedService[0]
      [OrderCompleteService]       INNER JOIN "OrderItems" AS o0 ON o1."OrderId" = o0."OrderId"
info: Onion.CleanArchitecture.WebApp.Server.Services.MicroserviceLauncherHostedService[0]
      [OrderCompleteService]       ORDER BY o1."Id"
info: Onion.CleanArchitecture.WebApp.Server.Services.MicroserviceLauncherHostedService[0]
      [OrderCompleteService] info: OrderCompleteService.OrderCompleteConsumer[0]
info: Onion.CleanArchitecture.WebApp.Server.Services.MicroserviceLauncherHostedService[0]
      [OrderCompleteService]       Nhận CompleteOrderCommand OrderId=a395e41c-9744-4a65-9dd0-50b42cc5bdfe
info: Onion.CleanArchitecture.WebApp.Server.Services.MicroserviceLauncherHostedService[0]
      [OrderCompleteService] info: Microsoft.EntityFrameworkCore.Database.Command[20101]
info: Onion.CleanArchitecture.WebApp.Server.Services.MicroserviceLauncherHostedService[0]
      [OrderCompleteService]       Executed DbCommand (3ms) [Parameters=[@orderId='?' (DbType = Guid)], CommandType='Text', CommandTimeout='30']
info: Onion.CleanArchitecture.WebApp.Server.Services.MicroserviceLauncherHostedService[0]
      [OrderCompleteService]       SELECT o."Id", o."CreatedAt", o."CreatedBy", o."LastModifiedAt", o."LastModifiedBy", o."OrderId", o."Status", o."Timeout", o."TimerId", o."TimerStatus"
info: Onion.CleanArchitecture.WebApp.Server.Services.MicroserviceLauncherHostedService[0]
      [OrderCompleteService]       FROM "OrderTimers" AS o
info: Onion.CleanArchitecture.WebApp.Server.Services.MicroserviceLauncherHostedService[0]
      [OrderCompleteService]       WHERE o."OrderId" = @orderId AND o."TimerStatus" = 1
info: Onion.CleanArchitecture.WebApp.Server.Services.MicroserviceLauncherHostedService[0]
      [OrderCompleteService]       LIMIT 1
info: Onion.CleanArchitecture.WebApp.Server.Services.MicroserviceLauncherHostedService[0]
      [OrderCompleteService] info: Microsoft.EntityFrameworkCore.Database.Command[20101]
info: Onion.CleanArchitecture.WebApp.Server.Services.MicroserviceLauncherHostedService[0]
      [OrderCompleteService]       Executed DbCommand (4ms) [Parameters=[@p14='?' (DbType = Int32), @p0='?' (DbType = DateTime), @p1='?' (DbType = DateTime), @p2='?', @p3='?', @p4='?' (DbType = Boolean), @p5='?' (DbType = DateTime), @p6='?', @p7='?', @p8='?', @p9='?' (DbType = DateTime), @p10='?', @p11='?' (DbType = Int32), @p12='?' (DbType = Decimal), @p13='?' (DbType = DateTime)], CommandType='Text', CommandTimeout='30']
info: Onion.CleanArchitecture.WebApp.Server.Services.MicroserviceLauncherHostedService[0]
      [OrderCompleteService]       UPDATE "Orders" SET "CompletedAt" = @p0, "CreatedAt" = @p1, "CreatedBy" = @p2, "CustomerId" = @p3, "IsReserved" = @p4, "LastModifiedAt" = @p5, "LastModifiedBy" = @p6, "Note" = @p7, "OrderCode" = @p8, "RejectedAt" = @p9, "ShippingAddress" = @p10, "Status" = @p11, "TotalAmount" = @p12, "UpdatedAt" = @p13
info: Onion.CleanArchitecture.WebApp.Server.Services.MicroserviceLauncherHostedService[0]
      [OrderCompleteService]       WHERE "Id" = @p14;
info: Onion.CleanArchitecture.WebApp.Server.Services.MicroserviceLauncherHostedService[0]
      [OrderCompleteService] info: Microsoft.EntityFrameworkCore.Database.Command[20101]
info: Onion.CleanArchitecture.WebApp.Server.Services.MicroserviceLauncherHostedService[0]
      [OrderCompleteService]       Executed DbCommand (2ms) [Parameters=[@p0='?', @p1='?' (DbType = DateTime), @p2='?', @p3='?', @p4='?' (DbType = Guid), @p5='?' (DbType = DateTime), @p6='?', @p7='?', @p8='?' (DbType = Guid), @p9='?' (DbType = Int32)], CommandType='Text', CommandTimeout='30']
info: Onion.CleanArchitecture.WebApp.Server.Services.MicroserviceLauncherHostedService[0]
      [OrderCompleteService]       INSERT INTO "OrderHistories" ("ConsumerName", "CreatedAt", "CreatedBy", "EventType", "HistoryId", "LastModifiedAt", "LastModifiedBy", "Message", "OrderId", "Status")
info: Onion.CleanArchitecture.WebApp.Server.Services.MicroserviceLauncherHostedService[0]
      [OrderCompleteService]       VALUES (@p0, @p1, @p2, @p3, @p4, @p5, @p6, @p7, @p8, @p9)
info: Onion.CleanArchitecture.WebApp.Server.Services.MicroserviceLauncherHostedService[0]
      [OrderCompleteService]       RETURNING "Id";
info: Onion.CleanArchitecture.WebApp.Server.Services.MicroserviceLauncherHostedService[0]
      [OrderCompleteService] info: OrderCompleteService.OrderCompleteConsumer[0]
info: Onion.CleanArchitecture.WebApp.Server.Services.MicroserviceLauncherHostedService[0]
      [OrderCompleteService]       Complete thành công OrderId=a395e41c-9744-4a65-9dd0-50b42cc5bdfe.
info: Onion.CleanArchitecture.WebApp.Server.Services.MicroserviceLauncherHostedService[0]
      [OrderOrchestration] info: Microsoft.EntityFrameworkCore.Database.Command[20101]
info: Onion.CleanArchitecture.WebApp.Server.Services.MicroserviceLauncherHostedService[0]
      [OrderOrchestration]       Executed DbCommand (2ms) [Parameters=[p0='?' (DbType = Guid)], CommandType='Text', CommandTimeout='30']
info: Onion.CleanArchitecture.WebApp.Server.Services.MicroserviceLauncherHostedService[0]
      [OrderOrchestration]       SELECT o."CorrelationId", o."CreatedAt", o."CurrentState", o."CustomerId", o."ErrorReason", o."IsTimeout", o."Items", o."NeedReleaseInventory", o."TotalAmount"
info: Onion.CleanArchitecture.WebApp.Server.Services.MicroserviceLauncherHostedService[0]
      [OrderOrchestration]       FROM (
info: Onion.CleanArchitecture.WebApp.Server.Services.MicroserviceLauncherHostedService[0]
      [OrderOrchestration]           SELECT *, xmin FROM "OrderState" WHERE "CorrelationId" = @p0 FOR UPDATE
info: Onion.CleanArchitecture.WebApp.Server.Services.MicroserviceLauncherHostedService[0]
      [OrderOrchestration]       ) AS o
info: Onion.CleanArchitecture.WebApp.Server.Services.MicroserviceLauncherHostedService[0]
      [OrderOrchestration]       LIMIT 2
info: Onion.CleanArchitecture.WebApp.Server.Services.MicroserviceLauncherHostedService[0]
      [OrderOrchestration] info: Microsoft.EntityFrameworkCore.Database.Command[20101]
info: Onion.CleanArchitecture.WebApp.Server.Services.MicroserviceLauncherHostedService[0]
      [OrderOrchestration]       Executed DbCommand (1ms) [Parameters=[@p1='?' (DbType = Guid), @p0='?'], CommandType='Text', CommandTimeout='30']
info: Onion.CleanArchitecture.WebApp.Server.Services.MicroserviceLauncherHostedService[0]
      [OrderOrchestration]       UPDATE "OrderState" SET "CurrentState" = @p0
info: Onion.CleanArchitecture.WebApp.Server.Services.MicroserviceLauncherHostedService[0]
      [OrderOrchestration]       WHERE "CorrelationId" = @p1;
info: Onion.CleanArchitecture.WebApp.Server.Services.MicroserviceLauncherHostedService[0]
      [NotificationService] info: NotificationService.Consumers.OrderCompleteSuccessConsumer[0]
info: Onion.CleanArchitecture.WebApp.Server.Services.MicroserviceLauncherHostedService[0]
      [NotificationService]       Nhận OrderCompleteSuccessResponse OrderId=a395e41c-9744-4a65-9dd0-50b42cc5bdfe
info: Microsoft.EntityFrameworkCore.Database.Command[20101]
      Executed DbCommand (1ms) [Parameters=[], CommandType='Text', CommandTimeout='30']
      SELECT count(*)::int
      FROM "Orders" AS o
info: Microsoft.EntityFrameworkCore.Database.Command[20101]
      Executed DbCommand (1ms) [Parameters=[@p1='?' (DbType = Int32), @p='?' (DbType = Int32)], CommandType='Text', CommandTimeout='30']
      SELECT o."Id", o."CompletedAt", o."CreatedAt", o."CreatedBy", o."CustomerId", o."IsReserved", o."LastModifiedAt", o."LastModifiedBy", o."Note", o."OrderCode", o."OrderId", o."RejectedAt", o."ShippingAddress", o."Status", o."TotalAmount", o."UpdatedAt"
      FROM "Orders" AS o
      ORDER BY o."CreatedAt" DESC
      LIMIT @p1 OFFSET @p
info: Onion.CleanArchitecture.WebApp.Server.Services.MicroserviceLauncherHostedService[0]
      [NotificationService] info: Microsoft.EntityFrameworkCore.Database.Command[20101]
info: Onion.CleanArchitecture.WebApp.Server.Services.MicroserviceLauncherHostedService[0]
      [NotificationService]       Executed DbCommand (6ms) [Parameters=[@p0='?' (DbType = DateTime), @p1='?', @p2='?' (DbType = Boolean), @p3='?' (DbType = DateTime), @p4='?', @p5='?', @p6='?' (DbType = Guid), @p7='?' (DbType = Guid), @p8='?' (DbType = DateTime), @p9='?' (DbType = Guid), @p10='?', @p11='?'], CommandType='Text', CommandTimeout='30']
info: Onion.CleanArchitecture.WebApp.Server.Services.MicroserviceLauncherHostedService[0]
      [NotificationService]       INSERT INTO "Notifications" ("CreatedAt", "CreatedBy", "IsRead", "LastModifiedAt", "LastModifiedBy", "Message", "NotifyId", "OrderId", "SendAt", "TargetUserId", "Title", "Type")
info: Onion.CleanArchitecture.WebApp.Server.Services.MicroserviceLauncherHostedService[0]
      [NotificationService]       VALUES (@p0, @p1, @p2, @p3, @p4, @p5, @p6, @p7, @p8, @p9, @p10, @p11)
info: Onion.CleanArchitecture.WebApp.Server.Services.MicroserviceLauncherHostedService[0]
      [NotificationService]       RETURNING "Id";
info: Microsoft.EntityFrameworkCore.Database.Command[20101]
      Executed DbCommand (1ms) [Parameters=[@orderId='?' (DbType = Guid)], CommandType='Text', CommandTimeout='30']
      SELECT o."Id", o."CompletedAt", o."CreatedAt", o."CreatedBy", o."CustomerId", o."IsReserved", o."LastModifiedAt", o."LastModifiedBy", o."Note", o."OrderCode", o."OrderId", o."RejectedAt", o."ShippingAddress", o."Status", o."TotalAmount", o."UpdatedAt"
      FROM "Orders" AS o
      WHERE o."OrderId" = @orderId
      ORDER BY o."Id"
      LIMIT 1
info: Microsoft.EntityFrameworkCore.Database.Command[20101]
      Executed DbCommand (3ms) [Parameters=[@orderId='?' (DbType = Guid)], CommandType='Text', CommandTimeout='30']
      SELECT o0."Id", o0."CreatedAt", o0."CreatedBy", o0."LastModifiedAt", o0."LastModifiedBy", o0."OrderId", o0."OrderItemId", o0."ProductId", o0."ProductName", o0."Quantity", o0."UnitPrice", o1."Id"
      FROM (
          SELECT o."Id", o."OrderId"
          FROM "Orders" AS o
          WHERE o."OrderId" = @orderId
          ORDER BY o."Id"
          LIMIT 1
      ) AS o1
      INNER JOIN "OrderItems" AS o0 ON o1."OrderId" = o0."OrderId"
      ORDER BY o1."Id"
info: Microsoft.EntityFrameworkCore.Database.Command[20101]
      Executed DbCommand (2ms) [Parameters=[@orderId='?' (DbType = Guid)], CommandType='Text', CommandTimeout='30']
      SELECT o."Id", o."CompletedAt", o."CreatedAt", o."CreatedBy", o."CustomerId", o."IsReserved", o."LastModifiedAt", o."LastModifiedBy", o."Note", o."OrderCode", o."OrderId", o."RejectedAt", o."ShippingAddress", o."Status", o."TotalAmount", o."UpdatedAt"
      FROM "Orders" AS o
      WHERE o."OrderId" = @orderId
      ORDER BY o."Id"
      LIMIT 1
info: Microsoft.EntityFrameworkCore.Database.Command[20101]
      Executed DbCommand (4ms) [Parameters=[@orderId='?' (DbType = Guid)], CommandType='Text', CommandTimeout='30']
      SELECT o0."Id", o0."CreatedAt", o0."CreatedBy", o0."LastModifiedAt", o0."LastModifiedBy", o0."OrderId", o0."OrderItemId", o0."ProductId", o0."ProductName", o0."Quantity", o0."UnitPrice", o1."Id"
      FROM (
          SELECT o."Id", o."OrderId"
          FROM "Orders" AS o
          WHERE o."OrderId" = @orderId
          ORDER BY o."Id"
          LIMIT 1
      ) AS o1
      INNER JOIN "OrderItems" AS o0 ON o1."OrderId" = o0."OrderId"
      ORDER BY o1."Id"
info: Onion.CleanArchitecture.WebApp.Server.Services.MicroserviceLauncherHostedService[0]
      [OrderAcceptService] info: Microsoft.EntityFrameworkCore.Database.Command[20101]
info: Onion.CleanArchitecture.WebApp.Server.Services.MicroserviceLauncherHostedService[0]
      [OrderAcceptService]       Executed DbCommand (1ms) [Parameters=[@now='?' (DbType = DateTime)], CommandType='Text', CommandTimeout='30']
info: Onion.CleanArchitecture.WebApp.Server.Services.MicroserviceLauncherHostedService[0]
      [OrderAcceptService]       SELECT o."Id", o."CreatedAt", o."CreatedBy", o."LastModifiedAt", o."LastModifiedBy", o."OrderId", o."Status", o."Timeout", o."TimerId", o."TimerStatus"
info: Onion.CleanArchitecture.WebApp.Server.Services.MicroserviceLauncherHostedService[0]
      [OrderAcceptService]       FROM "OrderTimers" AS o
info: Onion.CleanArchitecture.WebApp.Server.Services.MicroserviceLauncherHostedService[0]
      [OrderAcceptService]       WHERE o."TimerStatus" = 1 AND o."Timeout" <= @now
info: Microsoft.EntityFrameworkCore.Database.Command[20101]
      Executed DbCommand (1ms) [Parameters=[], CommandType='Text', CommandTimeout='30']
      SELECT count(*)::int
      FROM "Orders" AS o
info: Microsoft.EntityFrameworkCore.Database.Command[20101]
      Executed DbCommand (1ms) [Parameters=[@p1='?' (DbType = Int32), @p='?' (DbType = Int32)], CommandType='Text', CommandTimeout='30']
      SELECT o."Id", o."CompletedAt", o."CreatedAt", o."CreatedBy", o."CustomerId", o."IsReserved", o."LastModifiedAt", o."LastModifiedBy", o."Note", o."OrderCode", o."OrderId", o."RejectedAt", o."ShippingAddress", o."Status", o."TotalAmount", o."UpdatedAt"
      FROM "Orders" AS o
      ORDER BY o."CreatedAt" DESC
      LIMIT @p1 OFFSET @p
info: Microsoft.EntityFrameworkCore.Database.Command[20101]
      Executed DbCommand (1ms) [Parameters=[], CommandType='Text', CommandTimeout='30']
      SELECT count(*)::int
      FROM "Product" AS p
info: Microsoft.EntityFrameworkCore.Database.Command[20101]
      Executed DbCommand (1ms) [Parameters=[@p1='?' (DbType = Int32), @p='?' (DbType = Int32)], CommandType='Text', CommandTimeout='30']
      SELECT p."Id", p."Code", p."CreatedAt", p."CreatedBy", p."Description", p."IsActive", p."LastModifiedAt", p."LastModifiedBy", p."Name", p."Price", p."ProductId", p."Rate", p."SLTKho"
      FROM "Product" AS p
      ORDER BY p."Id"
      LIMIT @p1 OFFSET @p
info: Microsoft.EntityFrameworkCore.Database.Command[20101]
      Executed DbCommand (1ms) [Parameters=[@productId='?' (DbType = Guid)], CommandType='Text', CommandTimeout='30']
      SELECT p."Id", p."Code", p."CreatedAt", p."CreatedBy", p."Description", p."IsActive", p."LastModifiedAt", p."LastModifiedBy", p."Name", p."Price", p."ProductId", p."Rate", p."SLTKho"
      FROM "Product" AS p
      WHERE p."ProductId" = @productId
      LIMIT 1
info: Microsoft.EntityFrameworkCore.Database.Command[20101]
      Executed DbCommand (1ms) [Parameters=[@productId='?' (DbType = Guid)], CommandType='Text', CommandTimeout='30']
      SELECT p."Id", p."Code", p."CreatedAt", p."CreatedBy", p."Description", p."IsActive", p."LastModifiedAt", p."LastModifiedBy", p."Name", p."Price", p."ProductId", p."Rate", p."SLTKho"
      FROM "Product" AS p
      WHERE p."ProductId" = @productId
      LIMIT 1
info: Microsoft.EntityFrameworkCore.Database.Command[20101]
      Executed DbCommand (2ms) [Parameters=[@p0='?' (DbType = DateTime), @p1='?' (DbType = DateTime), @p2='?', @p3='?', @p4='?' (DbType = Boolean), @p5='?' (DbType = DateTime), @p6='?', @p7='?', @p8='?', @p9='?' (DbType = Guid), @p10='?' (DbType = DateTime), @p11='?', @p12='?' (DbType = Int32), @p13='?' (DbType = Decimal), @p14='?' (DbType = DateTime), @p15='?' (DbType = DateTime), @p16='?', @p17='?' (DbType = DateTime), @p18='?', @p19='?' (DbType = Guid), @p20='?' (DbType = Guid), @p21='?' (DbType = Guid), @p22='?', @p23='?' (DbType = Int32), @p24='?' (DbType = Decimal), @p25='?' (DbType = DateTime), @p26='?', @p27='?' (DbType = DateTime), @p28='?', @p29='?' (DbType = Guid), @p30='?' (DbType = Guid), @p31='?' (DbType = Guid), @p32='?', @p33='?' (DbType = Int32), @p34='?' (DbType = Decimal)], CommandType='Text', CommandTimeout='30']
      INSERT INTO "Orders" ("CompletedAt", "CreatedAt", "CreatedBy", "CustomerId", "IsReserved", "LastModifiedAt", "LastModifiedBy", "Note", "OrderCode", "OrderId", "RejectedAt", "ShippingAddress", "Status", "TotalAmount", "UpdatedAt")
      VALUES (@p0, @p1, @p2, @p3, @p4, @p5, @p6, @p7, @p8, @p9, @p10, @p11, @p12, @p13, @p14)
      RETURNING "Id";
      INSERT INTO "OrderItems" ("CreatedAt", "CreatedBy", "LastModifiedAt", "LastModifiedBy", "OrderId", "OrderItemId", "ProductId", "ProductName", "Quantity", "UnitPrice")
      VALUES (@p15, @p16, @p17, @p18, @p19, @p20, @p21, @p22, @p23, @p24)
      RETURNING "Id";
      INSERT INTO "OrderItems" ("CreatedAt", "CreatedBy", "LastModifiedAt", "LastModifiedBy", "OrderId", "OrderItemId", "ProductId", "ProductName", "Quantity", "UnitPrice")
      VALUES (@p25, @p26, @p27, @p28, @p29, @p30, @p31, @p32, @p33, @p34)
      RETURNING "Id";
info: Onion.CleanArchitecture.WebApp.Server.Services.MicroserviceLauncherHostedService[0]
      [OrderOrchestration] info: Microsoft.EntityFrameworkCore.Database.Command[20101]
info: Onion.CleanArchitecture.WebApp.Server.Services.MicroserviceLauncherHostedService[0]
      [OrderOrchestration]       Executed DbCommand (1ms) [Parameters=[p0='?' (DbType = Guid)], CommandType='Text', CommandTimeout='30']
info: Onion.CleanArchitecture.WebApp.Server.Services.MicroserviceLauncherHostedService[0]
      [OrderOrchestration]       SELECT o."CorrelationId", o."CreatedAt", o."CurrentState", o."CustomerId", o."ErrorReason", o."IsTimeout", o."Items", o."NeedReleaseInventory", o."TotalAmount"
info: Onion.CleanArchitecture.WebApp.Server.Services.MicroserviceLauncherHostedService[0]
      [OrderOrchestration]       FROM (
info: Onion.CleanArchitecture.WebApp.Server.Services.MicroserviceLauncherHostedService[0]
      [OrderOrchestration]           SELECT *, xmin FROM "OrderState" WHERE "CorrelationId" = @p0 FOR UPDATE
info: Onion.CleanArchitecture.WebApp.Server.Services.MicroserviceLauncherHostedService[0]
      [OrderOrchestration]       ) AS o
info: Onion.CleanArchitecture.WebApp.Server.Services.MicroserviceLauncherHostedService[0]
      [OrderOrchestration]       LIMIT 2
info: Onion.CleanArchitecture.WebApp.Server.Services.MicroserviceLauncherHostedService[0]
      [OrderOrchestration] info: Microsoft.EntityFrameworkCore.Database.Command[20101]
info: Onion.CleanArchitecture.WebApp.Server.Services.MicroserviceLauncherHostedService[0]
      [OrderOrchestration]       Executed DbCommand (1ms) [Parameters=[@p0='?' (DbType = Guid), @p1='?' (DbType = DateTime), @p2='?', @p3='?' (DbType = Guid), @p4='?', @p5='?' (DbType = Boolean), @p6='?' (DbType = Object), @p7='?' (DbType = Boolean), @p8='?' (DbType = Decimal)], CommandType='Text', CommandTimeout='30']
info: Onion.CleanArchitecture.WebApp.Server.Services.MicroserviceLauncherHostedService[0]
      [OrderOrchestration]       INSERT INTO "OrderState" ("CorrelationId", "CreatedAt", "CurrentState", "CustomerId", "ErrorReason", "IsTimeout", "Items", "NeedReleaseInventory", "TotalAmount")
info: Onion.CleanArchitecture.WebApp.Server.Services.MicroserviceLauncherHostedService[0]
      [OrderOrchestration]       VALUES (@p0, @p1, @p2, @p3, @p4, @p5, @p6, @p7, @p8);
info: Onion.CleanArchitecture.WebApp.Server.Services.MicroserviceLauncherHostedService[0]
      [OrderSubmitService] info: OrderSubmitService.OrderSubmitConsumer[0]
info: Onion.CleanArchitecture.WebApp.Server.Services.MicroserviceLauncherHostedService[0]
      [OrderSubmitService]       Nhận ValidateOrderCommand OrderId=1110a633-8355-4338-9915-0cd0e4a47085
info: Onion.CleanArchitecture.WebApp.Server.Services.MicroserviceLauncherHostedService[0]
      [OrderSubmitService] info: Microsoft.EntityFrameworkCore.Database.Command[20101]
info: Onion.CleanArchitecture.WebApp.Server.Services.MicroserviceLauncherHostedService[0]
      [OrderSubmitService]       Executed DbCommand (1ms) [Parameters=[@orderId='?' (DbType = Guid)], CommandType='Text', CommandTimeout='30']
info: Onion.CleanArchitecture.WebApp.Server.Services.MicroserviceLauncherHostedService[0]
      [OrderSubmitService]       SELECT o."Id", o."CompletedAt", o."CreatedAt", o."CreatedBy", o."CustomerId", o."IsReserved", o."LastModifiedAt", o."LastModifiedBy", o."Note", o."OrderCode", o."OrderId", o."RejectedAt", o."ShippingAddress", o."Status", o."TotalAmount", o."UpdatedAt"
info: Onion.CleanArchitecture.WebApp.Server.Services.MicroserviceLauncherHostedService[0]
      [OrderSubmitService]       FROM "Orders" AS o
info: Onion.CleanArchitecture.WebApp.Server.Services.MicroserviceLauncherHostedService[0]
      [OrderSubmitService]       WHERE o."OrderId" = @orderId
info: Onion.CleanArchitecture.WebApp.Server.Services.MicroserviceLauncherHostedService[0]
      [OrderSubmitService]       ORDER BY o."Id"
info: Onion.CleanArchitecture.WebApp.Server.Services.MicroserviceLauncherHostedService[0]
      [OrderSubmitService]       LIMIT 1
info: Onion.CleanArchitecture.WebApp.Server.Services.MicroserviceLauncherHostedService[0]
      [OrderSubmitService] info: Microsoft.EntityFrameworkCore.Database.Command[20101]
info: Onion.CleanArchitecture.WebApp.Server.Services.MicroserviceLauncherHostedService[0]
      [OrderSubmitService]       Executed DbCommand (1ms) [Parameters=[@orderId='?' (DbType = Guid)], CommandType='Text', CommandTimeout='30']
info: Onion.CleanArchitecture.WebApp.Server.Services.MicroserviceLauncherHostedService[0]
      [OrderSubmitService]       SELECT o0."Id", o0."CreatedAt", o0."CreatedBy", o0."LastModifiedAt", o0."LastModifiedBy", o0."OrderId", o0."OrderItemId", o0."ProductId", o0."ProductName", o0."Quantity", o0."UnitPrice", o1."Id"
info: Onion.CleanArchitecture.WebApp.Server.Services.MicroserviceLauncherHostedService[0]
      [OrderSubmitService]       FROM (
info: Onion.CleanArchitecture.WebApp.Server.Services.MicroserviceLauncherHostedService[0]
      [OrderSubmitService]           SELECT o."Id", o."OrderId"
info: Onion.CleanArchitecture.WebApp.Server.Services.MicroserviceLauncherHostedService[0]
      [OrderSubmitService]           FROM "Orders" AS o
info: Onion.CleanArchitecture.WebApp.Server.Services.MicroserviceLauncherHostedService[0]
      [OrderSubmitService]           WHERE o."OrderId" = @orderId
info: Onion.CleanArchitecture.WebApp.Server.Services.MicroserviceLauncherHostedService[0]
      [OrderSubmitService]           ORDER BY o."Id"
info: Onion.CleanArchitecture.WebApp.Server.Services.MicroserviceLauncherHostedService[0]
      [OrderSubmitService]           LIMIT 1
info: Onion.CleanArchitecture.WebApp.Server.Services.MicroserviceLauncherHostedService[0]
      [OrderSubmitService]       ) AS o1
info: Onion.CleanArchitecture.WebApp.Server.Services.MicroserviceLauncherHostedService[0]
      [OrderSubmitService]       INNER JOIN "OrderItems" AS o0 ON o1."OrderId" = o0."OrderId"
info: Onion.CleanArchitecture.WebApp.Server.Services.MicroserviceLauncherHostedService[0]
      [OrderSubmitService]       ORDER BY o1."Id"
info: Onion.CleanArchitecture.WebApp.Server.Services.MicroserviceLauncherHostedService[0]
      [OrderSubmitService] info: Microsoft.EntityFrameworkCore.Database.Command[20101]
info: Onion.CleanArchitecture.WebApp.Server.Services.MicroserviceLauncherHostedService[0]
      [OrderSubmitService]       Executed DbCommand (1ms) [Parameters=[@productId='?' (DbType = Guid)], CommandType='Text', CommandTimeout='30']
info: Onion.CleanArchitecture.WebApp.Server.Services.MicroserviceLauncherHostedService[0]
      [OrderSubmitService]       SELECT p."Id", p."Code", p."CreatedAt", p."CreatedBy", p."Description", p."IsActive", p."LastModifiedAt", p."LastModifiedBy", p."Name", p."Price", p."ProductId", p."Rate", p."SLTKho"
info: Onion.CleanArchitecture.WebApp.Server.Services.MicroserviceLauncherHostedService[0]
      [OrderSubmitService]       FROM "Product" AS p
info: Onion.CleanArchitecture.WebApp.Server.Services.MicroserviceLauncherHostedService[0]
      [OrderSubmitService]       WHERE p."ProductId" = @productId
info: Onion.CleanArchitecture.WebApp.Server.Services.MicroserviceLauncherHostedService[0]
      [OrderSubmitService]       LIMIT 1
info: Onion.CleanArchitecture.WebApp.Server.Services.MicroserviceLauncherHostedService[0]
      [OrderSubmitService] info: Microsoft.EntityFrameworkCore.Database.Command[20101]
info: Onion.CleanArchitecture.WebApp.Server.Services.MicroserviceLauncherHostedService[0]
      [OrderSubmitService]       Executed DbCommand (1ms) [Parameters=[@productId='?' (DbType = Guid)], CommandType='Text', CommandTimeout='30']
info: Onion.CleanArchitecture.WebApp.Server.Services.MicroserviceLauncherHostedService[0]
      [OrderSubmitService]       SELECT p."Id", p."Code", p."CreatedAt", p."CreatedBy", p."Description", p."IsActive", p."LastModifiedAt", p."LastModifiedBy", p."Name", p."Price", p."ProductId", p."Rate", p."SLTKho"
info: Onion.CleanArchitecture.WebApp.Server.Services.MicroserviceLauncherHostedService[0]
      [OrderSubmitService]       FROM "Product" AS p
info: Onion.CleanArchitecture.WebApp.Server.Services.MicroserviceLauncherHostedService[0]
      [OrderSubmitService]       WHERE p."ProductId" = @productId
info: Onion.CleanArchitecture.WebApp.Server.Services.MicroserviceLauncherHostedService[0]
      [OrderSubmitService]       LIMIT 1
info: Onion.CleanArchitecture.WebApp.Server.Services.MicroserviceLauncherHostedService[0]
      [OrderSubmitService] info: Microsoft.EntityFrameworkCore.Database.Command[20101]
info: Onion.CleanArchitecture.WebApp.Server.Services.MicroserviceLauncherHostedService[0]
      [OrderSubmitService]       Executed DbCommand (1ms) [Parameters=[@p14='?' (DbType = Int32), @p0='?' (DbType = DateTime), @p1='?' (DbType = DateTime), @p2='?', @p3='?', @p4='?' (DbType = Boolean), @p5='?' (DbType = DateTime), @p6='?', @p7='?', @p8='?', @p9='?' (DbType = DateTime), @p10='?', @p11='?' (DbType = Int32), @p12='?' (DbType = Decimal), @p13='?' (DbType = DateTime), @p27='?' (DbType = Int32), @p15='?', @p16='?' (DbType = DateTime), @p17='?', @p18='?', @p19='?' (DbType = Boolean), @p20='?' (DbType = DateTime), @p21='?', @p22='?', @p23='?' (DbType = Decimal), @p24='?' (DbType = Guid), @p25='?' (DbType = Decimal), @p26='?' (DbType = Int32), @p40='?' (DbType = Int32), @p28='?', @p29='?' (DbType = DateTime), @p30='?', @p31='?', @p32='?' (DbType = Boolean), @p33='?' (DbType = DateTime), @p34='?', @p35='?', @p36='?' (DbType = Decimal), @p37='?' (DbType = Guid), @p38='?' (DbType = Decimal), @p39='?' (DbType = Int32)], CommandType='Text', CommandTimeout='30']
info: Onion.CleanArchitecture.WebApp.Server.Services.MicroserviceLauncherHostedService[0]
      [OrderSubmitService]       UPDATE "Orders" SET "CompletedAt" = @p0, "CreatedAt" = @p1, "CreatedBy" = @p2, "CustomerId" = @p3, "IsReserved" = @p4, "LastModifiedAt" = @p5, "LastModifiedBy" = @p6, "Note" = @p7, "OrderCode" = @p8, "RejectedAt" = @p9, "ShippingAddress" = @p10, "Status" = @p11, "TotalAmount" = @p12, "UpdatedAt" = @p13
info: Onion.CleanArchitecture.WebApp.Server.Services.MicroserviceLauncherHostedService[0]
      [OrderSubmitService]       WHERE "Id" = @p14;
info: Onion.CleanArchitecture.WebApp.Server.Services.MicroserviceLauncherHostedService[0]
      [OrderSubmitService]       UPDATE "Product" SET "Code" = @p15, "CreatedAt" = @p16, "CreatedBy" = @p17, "Description" = @p18, "IsActive" = @p19, "LastModifiedAt" = @p20, "LastModifiedBy" = @p21, "Name" = @p22, "Price" = @p23, "ProductId" = @p24, "Rate" = @p25, "SLTKho" = @p26
info: Onion.CleanArchitecture.WebApp.Server.Services.MicroserviceLauncherHostedService[0]
      [OrderSubmitService]       WHERE "Id" = @p27;
info: Onion.CleanArchitecture.WebApp.Server.Services.MicroserviceLauncherHostedService[0]
      [OrderSubmitService]       UPDATE "Product" SET "Code" = @p28, "CreatedAt" = @p29, "CreatedBy" = @p30, "Description" = @p31, "IsActive" = @p32, "LastModifiedAt" = @p33, "LastModifiedBy" = @p34, "Name" = @p35, "Price" = @p36, "ProductId" = @p37, "Rate" = @p38, "SLTKho" = @p39
info: Onion.CleanArchitecture.WebApp.Server.Services.MicroserviceLauncherHostedService[0]
      [OrderSubmitService]       WHERE "Id" = @p40;
info: Onion.CleanArchitecture.WebApp.Server.Services.MicroserviceLauncherHostedService[0]
      [OrderSubmitService] info: Microsoft.EntityFrameworkCore.Database.Command[20101]
info: Onion.CleanArchitecture.WebApp.Server.Services.MicroserviceLauncherHostedService[0]
      [OrderSubmitService]       Executed DbCommand (1ms) [Parameters=[@p0='?', @p1='?' (DbType = DateTime), @p2='?', @p3='?', @p4='?' (DbType = Guid), @p5='?' (DbType = DateTime), @p6='?', @p7='?', @p8='?' (DbType = Guid), @p9='?' (DbType = Int32)], CommandType='Text', CommandTimeout='30']
info: Onion.CleanArchitecture.WebApp.Server.Services.MicroserviceLauncherHostedService[0]
      [OrderSubmitService]       INSERT INTO "OrderHistories" ("ConsumerName", "CreatedAt", "CreatedBy", "EventType", "HistoryId", "LastModifiedAt", "LastModifiedBy", "Message", "OrderId", "Status")
info: Onion.CleanArchitecture.WebApp.Server.Services.MicroserviceLauncherHostedService[0]
      [OrderSubmitService]       VALUES (@p0, @p1, @p2, @p3, @p4, @p5, @p6, @p7, @p8, @p9)
info: Onion.CleanArchitecture.WebApp.Server.Services.MicroserviceLauncherHostedService[0]
      [OrderSubmitService]       RETURNING "Id";
info: Onion.CleanArchitecture.WebApp.Server.Services.MicroserviceLauncherHostedService[0]
      [OrderSubmitService] info: OrderSubmitService.OrderSubmitConsumer[0]
info: Onion.CleanArchitecture.WebApp.Server.Services.MicroserviceLauncherHostedService[0]
      [OrderSubmitService]       Validate thành công OrderId=1110a633-8355-4338-9915-0cd0e4a47085, đã giữ chỗ 2 sản phẩm. Saga sẽ gửi AcceptOrderCommand
info: Onion.CleanArchitecture.WebApp.Server.Services.MicroserviceLauncherHostedService[0]
      [OrderOrchestration] info: Microsoft.EntityFrameworkCore.Database.Command[20101]
info: Onion.CleanArchitecture.WebApp.Server.Services.MicroserviceLauncherHostedService[0]
      [OrderOrchestration]       Executed DbCommand (2ms) [Parameters=[p0='?' (DbType = Guid)], CommandType='Text', CommandTimeout='30']
info: Onion.CleanArchitecture.WebApp.Server.Services.MicroserviceLauncherHostedService[0]
      [OrderOrchestration]       SELECT o."CorrelationId", o."CreatedAt", o."CurrentState", o."CustomerId", o."ErrorReason", o."IsTimeout", o."Items", o."NeedReleaseInventory", o."TotalAmount"
info: Onion.CleanArchitecture.WebApp.Server.Services.MicroserviceLauncherHostedService[0]
      [OrderOrchestration]       FROM (
info: Onion.CleanArchitecture.WebApp.Server.Services.MicroserviceLauncherHostedService[0]
      [OrderOrchestration]           SELECT *, xmin FROM "OrderState" WHERE "CorrelationId" = @p0 FOR UPDATE
info: Onion.CleanArchitecture.WebApp.Server.Services.MicroserviceLauncherHostedService[0]
      [OrderOrchestration]       ) AS o
info: Onion.CleanArchitecture.WebApp.Server.Services.MicroserviceLauncherHostedService[0]
      [OrderOrchestration]       LIMIT 2
info: Onion.CleanArchitecture.WebApp.Server.Services.MicroserviceLauncherHostedService[0]
      [OrderOrchestration] info: Microsoft.EntityFrameworkCore.Database.Command[20101]
info: Onion.CleanArchitecture.WebApp.Server.Services.MicroserviceLauncherHostedService[0]
      [OrderOrchestration]       Executed DbCommand (1ms) [Parameters=[@p2='?' (DbType = Guid), @p0='?', @p1='?' (DbType = Boolean)], CommandType='Text', CommandTimeout='30']
info: Onion.CleanArchitecture.WebApp.Server.Services.MicroserviceLauncherHostedService[0]
      [OrderOrchestration]       UPDATE "OrderState" SET "CurrentState" = @p0, "NeedReleaseInventory" = @p1
info: Onion.CleanArchitecture.WebApp.Server.Services.MicroserviceLauncherHostedService[0]
      [OrderOrchestration]       WHERE "CorrelationId" = @p2;
info: Onion.CleanArchitecture.WebApp.Server.Services.MicroserviceLauncherHostedService[0]
      [OrderAcceptService] info: Microsoft.EntityFrameworkCore.Database.Command[20101]
info: Onion.CleanArchitecture.WebApp.Server.Services.MicroserviceLauncherHostedService[0]
      [OrderAcceptService]       Executed DbCommand (1ms) [Parameters=[@orderId='?' (DbType = Guid)], CommandType='Text', CommandTimeout='30']
info: Onion.CleanArchitecture.WebApp.Server.Services.MicroserviceLauncherHostedService[0]
      [OrderAcceptService]       SELECT o."Id", o."CompletedAt", o."CreatedAt", o."CreatedBy", o."CustomerId", o."IsReserved", o."LastModifiedAt", o."LastModifiedBy", o."Note", o."OrderCode", o."OrderId", o."RejectedAt", o."ShippingAddress", o."Status", o."TotalAmount", o."UpdatedAt"
info: Onion.CleanArchitecture.WebApp.Server.Services.MicroserviceLauncherHostedService[0]
      [OrderAcceptService]       FROM "Orders" AS o
info: Onion.CleanArchitecture.WebApp.Server.Services.MicroserviceLauncherHostedService[0]
      [OrderAcceptService]       WHERE o."OrderId" = @orderId
info: Onion.CleanArchitecture.WebApp.Server.Services.MicroserviceLauncherHostedService[0]
      [OrderAcceptService]       ORDER BY o."Id"
info: Onion.CleanArchitecture.WebApp.Server.Services.MicroserviceLauncherHostedService[0]
      [OrderAcceptService]       LIMIT 1
info: Onion.CleanArchitecture.WebApp.Server.Services.MicroserviceLauncherHostedService[0]
      [OrderAcceptService] info: Microsoft.EntityFrameworkCore.Database.Command[20101]
info: Onion.CleanArchitecture.WebApp.Server.Services.MicroserviceLauncherHostedService[0]
      [OrderAcceptService]       Executed DbCommand (1ms) [Parameters=[@orderId='?' (DbType = Guid)], CommandType='Text', CommandTimeout='30']
info: Onion.CleanArchitecture.WebApp.Server.Services.MicroserviceLauncherHostedService[0]
      [OrderAcceptService]       SELECT o0."Id", o0."CreatedAt", o0."CreatedBy", o0."LastModifiedAt", o0."LastModifiedBy", o0."OrderId", o0."OrderItemId", o0."ProductId", o0."ProductName", o0."Quantity", o0."UnitPrice", o1."Id"
info: Onion.CleanArchitecture.WebApp.Server.Services.MicroserviceLauncherHostedService[0]
      [OrderAcceptService]       FROM (
info: Onion.CleanArchitecture.WebApp.Server.Services.MicroserviceLauncherHostedService[0]
      [OrderAcceptService]           SELECT o."Id", o."OrderId"
info: Onion.CleanArchitecture.WebApp.Server.Services.MicroserviceLauncherHostedService[0]
      [OrderAcceptService]           FROM "Orders" AS o
info: Onion.CleanArchitecture.WebApp.Server.Services.MicroserviceLauncherHostedService[0]
      [OrderAcceptService]           WHERE o."OrderId" = @orderId
info: Onion.CleanArchitecture.WebApp.Server.Services.MicroserviceLauncherHostedService[0]
      [OrderAcceptService]           ORDER BY o."Id"
info: Onion.CleanArchitecture.WebApp.Server.Services.MicroserviceLauncherHostedService[0]
      [OrderAcceptService]           LIMIT 1
info: Onion.CleanArchitecture.WebApp.Server.Services.MicroserviceLauncherHostedService[0]
      [OrderAcceptService]       ) AS o1
info: Onion.CleanArchitecture.WebApp.Server.Services.MicroserviceLauncherHostedService[0]
      [OrderAcceptService]       INNER JOIN "OrderItems" AS o0 ON o1."OrderId" = o0."OrderId"
info: Onion.CleanArchitecture.WebApp.Server.Services.MicroserviceLauncherHostedService[0]
      [OrderAcceptService]       ORDER BY o1."Id"
info: Onion.CleanArchitecture.WebApp.Server.Services.MicroserviceLauncherHostedService[0]
      [OrderAcceptService] info: OrderAcceptService.OrderAcceptConsumer[0]
info: Onion.CleanArchitecture.WebApp.Server.Services.MicroserviceLauncherHostedService[0]
      [OrderAcceptService]       Nhận AcceptOrderCommand OrderId=1110a633-8355-4338-9915-0cd0e4a47085
info: Onion.CleanArchitecture.WebApp.Server.Services.MicroserviceLauncherHostedService[0]
      [OrderAcceptService] info: Microsoft.EntityFrameworkCore.Database.Command[20101]
info: Onion.CleanArchitecture.WebApp.Server.Services.MicroserviceLauncherHostedService[0]
      [OrderAcceptService]       Executed DbCommand (1ms) [Parameters=[@productId='?' (DbType = Guid)], CommandType='Text', CommandTimeout='30']
info: Onion.CleanArchitecture.WebApp.Server.Services.MicroserviceLauncherHostedService[0]
      [OrderAcceptService]       SELECT p."Id", p."Code", p."CreatedAt", p."CreatedBy", p."Description", p."IsActive", p."LastModifiedAt", p."LastModifiedBy", p."Name", p."Price", p."ProductId", p."Rate", p."SLTKho"
info: Onion.CleanArchitecture.WebApp.Server.Services.MicroserviceLauncherHostedService[0]
      [OrderAcceptService]       FROM "Product" AS p
info: Onion.CleanArchitecture.WebApp.Server.Services.MicroserviceLauncherHostedService[0]
      [OrderAcceptService]       WHERE p."ProductId" = @productId
info: Onion.CleanArchitecture.WebApp.Server.Services.MicroserviceLauncherHostedService[0]
      [OrderAcceptService]       LIMIT 1
info: Onion.CleanArchitecture.WebApp.Server.Services.MicroserviceLauncherHostedService[0]
      [OrderAcceptService] info: Microsoft.EntityFrameworkCore.Database.Command[20101]
info: Onion.CleanArchitecture.WebApp.Server.Services.MicroserviceLauncherHostedService[0]
      [OrderAcceptService]       Executed DbCommand (1ms) [Parameters=[@productId='?' (DbType = Guid)], CommandType='Text', CommandTimeout='30']
info: Onion.CleanArchitecture.WebApp.Server.Services.MicroserviceLauncherHostedService[0]
      [OrderAcceptService]       SELECT p."Id", p."Code", p."CreatedAt", p."CreatedBy", p."Description", p."IsActive", p."LastModifiedAt", p."LastModifiedBy", p."Name", p."Price", p."ProductId", p."Rate", p."SLTKho"
info: Onion.CleanArchitecture.WebApp.Server.Services.MicroserviceLauncherHostedService[0]
      [OrderAcceptService]       FROM "Product" AS p
info: Onion.CleanArchitecture.WebApp.Server.Services.MicroserviceLauncherHostedService[0]
      [OrderAcceptService]       WHERE p."ProductId" = @productId
info: Onion.CleanArchitecture.WebApp.Server.Services.MicroserviceLauncherHostedService[0]
      [OrderAcceptService]       LIMIT 1
info: Onion.CleanArchitecture.WebApp.Server.Services.MicroserviceLauncherHostedService[0]
      [OrderAcceptService] info: Microsoft.EntityFrameworkCore.Database.Command[20101]
info: Onion.CleanArchitecture.WebApp.Server.Services.MicroserviceLauncherHostedService[0]
      [OrderAcceptService]       Executed DbCommand (1ms) [Parameters=[@p14='?' (DbType = Int32), @p0='?' (DbType = DateTime), @p1='?' (DbType = DateTime), @p2='?', @p3='?', @p4='?' (DbType = Boolean), @p5='?' (DbType = DateTime), @p6='?', @p7='?', @p8='?', @p9='?' (DbType = DateTime), @p10='?', @p11='?' (DbType = Int32), @p12='?' (DbType = Decimal), @p13='?' (DbType = DateTime)], CommandType='Text', CommandTimeout='30']
info: Onion.CleanArchitecture.WebApp.Server.Services.MicroserviceLauncherHostedService[0]
      [OrderAcceptService]       UPDATE "Orders" SET "CompletedAt" = @p0, "CreatedAt" = @p1, "CreatedBy" = @p2, "CustomerId" = @p3, "IsReserved" = @p4, "LastModifiedAt" = @p5, "LastModifiedBy" = @p6, "Note" = @p7, "OrderCode" = @p8, "RejectedAt" = @p9, "ShippingAddress" = @p10, "Status" = @p11, "TotalAmount" = @p12, "UpdatedAt" = @p13
info: Onion.CleanArchitecture.WebApp.Server.Services.MicroserviceLauncherHostedService[0]
      [OrderAcceptService]       WHERE "Id" = @p14;
info: Onion.CleanArchitecture.WebApp.Server.Services.MicroserviceLauncherHostedService[0]
      [OrderAcceptService] info: Microsoft.EntityFrameworkCore.Database.Command[20101]
info: Onion.CleanArchitecture.WebApp.Server.Services.MicroserviceLauncherHostedService[0]
      [OrderAcceptService]       Executed DbCommand (1ms) [Parameters=[@p0='?' (DbType = DateTime), @p1='?', @p2='?' (DbType = DateTime), @p3='?', @p4='?' (DbType = Guid), @p5='?' (DbType = Int32), @p6='?' (DbType = DateTime), @p7='?' (DbType = Guid), @p8='?' (DbType = Int32)], CommandType='Text', CommandTimeout='30']
info: Onion.CleanArchitecture.WebApp.Server.Services.MicroserviceLauncherHostedService[0]
      [OrderAcceptService]       INSERT INTO "OrderTimers" ("CreatedAt", "CreatedBy", "LastModifiedAt", "LastModifiedBy", "OrderId", "Status", "Timeout", "TimerId", "TimerStatus")
info: Onion.CleanArchitecture.WebApp.Server.Services.MicroserviceLauncherHostedService[0]
      [OrderAcceptService]       VALUES (@p0, @p1, @p2, @p3, @p4, @p5, @p6, @p7, @p8)
info: Onion.CleanArchitecture.WebApp.Server.Services.MicroserviceLauncherHostedService[0]
      [OrderAcceptService]       RETURNING "Id";
info: Onion.CleanArchitecture.WebApp.Server.Services.MicroserviceLauncherHostedService[0]
      [OrderAcceptService] info: Microsoft.EntityFrameworkCore.Database.Command[20101]
info: Onion.CleanArchitecture.WebApp.Server.Services.MicroserviceLauncherHostedService[0]
      [OrderAcceptService]       Executed DbCommand (2ms) [Parameters=[@p0='?', @p1='?' (DbType = DateTime), @p2='?', @p3='?', @p4='?' (DbType = Guid), @p5='?' (DbType = DateTime), @p6='?', @p7='?', @p8='?' (DbType = Guid), @p9='?' (DbType = Int32)], CommandType='Text', CommandTimeout='30']
info: Onion.CleanArchitecture.WebApp.Server.Services.MicroserviceLauncherHostedService[0]
      [OrderAcceptService]       INSERT INTO "OrderHistories" ("ConsumerName", "CreatedAt", "CreatedBy", "EventType", "HistoryId", "LastModifiedAt", "LastModifiedBy", "Message", "OrderId", "Status")
info: Onion.CleanArchitecture.WebApp.Server.Services.MicroserviceLauncherHostedService[0]
      [OrderAcceptService]       VALUES (@p0, @p1, @p2, @p3, @p4, @p5, @p6, @p7, @p8, @p9)
info: Onion.CleanArchitecture.WebApp.Server.Services.MicroserviceLauncherHostedService[0]
      [OrderAcceptService]       RETURNING "Id";
info: Onion.CleanArchitecture.WebApp.Server.Services.MicroserviceLauncherHostedService[0]
      [OrderAcceptService] info: OrderAcceptService.OrderAcceptConsumer[0]
info: Onion.CleanArchitecture.WebApp.Server.Services.MicroserviceLauncherHostedService[0]
      [OrderAcceptService]       Accept thành công OrderId=1110a633-8355-4338-9915-0cd0e4a47085, Saga sẽ gửi CompleteOrderCommand
info: Onion.CleanArchitecture.WebApp.Server.Services.MicroserviceLauncherHostedService[0]
      [OrderOrchestration] info: Microsoft.EntityFrameworkCore.Database.Command[20101]
info: Onion.CleanArchitecture.WebApp.Server.Services.MicroserviceLauncherHostedService[0]
      [OrderOrchestration]       Executed DbCommand (2ms) [Parameters=[p0='?' (DbType = Guid)], CommandType='Text', CommandTimeout='30']
info: Onion.CleanArchitecture.WebApp.Server.Services.MicroserviceLauncherHostedService[0]
      [OrderOrchestration]       SELECT o."CorrelationId", o."CreatedAt", o."CurrentState", o."CustomerId", o."ErrorReason", o."IsTimeout", o."Items", o."NeedReleaseInventory", o."TotalAmount"
info: Onion.CleanArchitecture.WebApp.Server.Services.MicroserviceLauncherHostedService[0]
      [OrderOrchestration]       FROM (
info: Onion.CleanArchitecture.WebApp.Server.Services.MicroserviceLauncherHostedService[0]
      [OrderOrchestration]           SELECT *, xmin FROM "OrderState" WHERE "CorrelationId" = @p0 FOR UPDATE
info: Onion.CleanArchitecture.WebApp.Server.Services.MicroserviceLauncherHostedService[0]
      [OrderOrchestration]       ) AS o
info: Onion.CleanArchitecture.WebApp.Server.Services.MicroserviceLauncherHostedService[0]
      [OrderOrchestration]       LIMIT 2
info: Onion.CleanArchitecture.WebApp.Server.Services.MicroserviceLauncherHostedService[0]
      [OrderOrchestration] info: Microsoft.EntityFrameworkCore.Database.Command[20101]
info: Onion.CleanArchitecture.WebApp.Server.Services.MicroserviceLauncherHostedService[0]
      [OrderOrchestration]       Executed DbCommand (1ms) [Parameters=[@p1='?' (DbType = Guid), @p0='?'], CommandType='Text', CommandTimeout='30']
info: Onion.CleanArchitecture.WebApp.Server.Services.MicroserviceLauncherHostedService[0]
      [OrderOrchestration]       UPDATE "OrderState" SET "CurrentState" = @p0
info: Onion.CleanArchitecture.WebApp.Server.Services.MicroserviceLauncherHostedService[0]
      [OrderOrchestration]       WHERE "CorrelationId" = @p1;
info: Onion.CleanArchitecture.WebApp.Server.Services.MicroserviceLauncherHostedService[0]
      [OrderCompleteService] info: Microsoft.EntityFrameworkCore.Database.Command[20101]
info: Onion.CleanArchitecture.WebApp.Server.Services.MicroserviceLauncherHostedService[0]
      [OrderCompleteService]       Executed DbCommand (1ms) [Parameters=[@orderId='?' (DbType = Guid)], CommandType='Text', CommandTimeout='30']
info: Onion.CleanArchitecture.WebApp.Server.Services.MicroserviceLauncherHostedService[0]
      [OrderCompleteService]       SELECT o."Id", o."CompletedAt", o."CreatedAt", o."CreatedBy", o."CustomerId", o."IsReserved", o."LastModifiedAt", o."LastModifiedBy", o."Note", o."OrderCode", o."OrderId", o."RejectedAt", o."ShippingAddress", o."Status", o."TotalAmount", o."UpdatedAt"
info: Onion.CleanArchitecture.WebApp.Server.Services.MicroserviceLauncherHostedService[0]
      [OrderCompleteService]       FROM "Orders" AS o
info: Onion.CleanArchitecture.WebApp.Server.Services.MicroserviceLauncherHostedService[0]
      [OrderCompleteService]       WHERE o."OrderId" = @orderId
info: Onion.CleanArchitecture.WebApp.Server.Services.MicroserviceLauncherHostedService[0]
      [OrderCompleteService]       ORDER BY o."Id"
info: Onion.CleanArchitecture.WebApp.Server.Services.MicroserviceLauncherHostedService[0]
      [OrderCompleteService]       LIMIT 1
info: Onion.CleanArchitecture.WebApp.Server.Services.MicroserviceLauncherHostedService[0]
      [OrderCompleteService] info: Microsoft.EntityFrameworkCore.Database.Command[20101]
info: Onion.CleanArchitecture.WebApp.Server.Services.MicroserviceLauncherHostedService[0]
      [OrderCompleteService]       Executed DbCommand (1ms) [Parameters=[@orderId='?' (DbType = Guid)], CommandType='Text', CommandTimeout='30']
info: Onion.CleanArchitecture.WebApp.Server.Services.MicroserviceLauncherHostedService[0]
      [OrderCompleteService]       SELECT o0."Id", o0."CreatedAt", o0."CreatedBy", o0."LastModifiedAt", o0."LastModifiedBy", o0."OrderId", o0."OrderItemId", o0."ProductId", o0."ProductName", o0."Quantity", o0."UnitPrice", o1."Id"
info: Onion.CleanArchitecture.WebApp.Server.Services.MicroserviceLauncherHostedService[0]
      [OrderCompleteService]       FROM (
info: Onion.CleanArchitecture.WebApp.Server.Services.MicroserviceLauncherHostedService[0]
      [OrderCompleteService]           SELECT o."Id", o."OrderId"
info: Onion.CleanArchitecture.WebApp.Server.Services.MicroserviceLauncherHostedService[0]
      [OrderCompleteService]           FROM "Orders" AS o
info: Onion.CleanArchitecture.WebApp.Server.Services.MicroserviceLauncherHostedService[0]
      [OrderCompleteService]           WHERE o."OrderId" = @orderId
info: Onion.CleanArchitecture.WebApp.Server.Services.MicroserviceLauncherHostedService[0]
      [OrderCompleteService]           ORDER BY o."Id"
info: Onion.CleanArchitecture.WebApp.Server.Services.MicroserviceLauncherHostedService[0]
      [OrderCompleteService]           LIMIT 1
info: Onion.CleanArchitecture.WebApp.Server.Services.MicroserviceLauncherHostedService[0]
      [OrderCompleteService]       ) AS o1
info: Onion.CleanArchitecture.WebApp.Server.Services.MicroserviceLauncherHostedService[0]
      [OrderCompleteService]       INNER JOIN "OrderItems" AS o0 ON o1."OrderId" = o0."OrderId"
info: Onion.CleanArchitecture.WebApp.Server.Services.MicroserviceLauncherHostedService[0]
      [OrderCompleteService]       ORDER BY o1."Id"
info: Onion.CleanArchitecture.WebApp.Server.Services.MicroserviceLauncherHostedService[0]
      [OrderCompleteService] info: OrderCompleteService.OrderCompleteConsumer[0]
info: Onion.CleanArchitecture.WebApp.Server.Services.MicroserviceLauncherHostedService[0]
      [OrderCompleteService]       Nhận CompleteOrderCommand OrderId=1110a633-8355-4338-9915-0cd0e4a47085
info: Onion.CleanArchitecture.WebApp.Server.Services.MicroserviceLauncherHostedService[0]
      [OrderCompleteService] info: Microsoft.EntityFrameworkCore.Database.Command[20101]
info: Onion.CleanArchitecture.WebApp.Server.Services.MicroserviceLauncherHostedService[0]
      [OrderCompleteService]       Executed DbCommand (1ms) [Parameters=[@orderId='?' (DbType = Guid)], CommandType='Text', CommandTimeout='30']
info: Onion.CleanArchitecture.WebApp.Server.Services.MicroserviceLauncherHostedService[0]
      [OrderCompleteService]       SELECT o."Id", o."CreatedAt", o."CreatedBy", o."LastModifiedAt", o."LastModifiedBy", o."OrderId", o."Status", o."Timeout", o."TimerId", o."TimerStatus"
info: Onion.CleanArchitecture.WebApp.Server.Services.MicroserviceLauncherHostedService[0]
      [OrderCompleteService]       FROM "OrderTimers" AS o
info: Onion.CleanArchitecture.WebApp.Server.Services.MicroserviceLauncherHostedService[0]
      [OrderCompleteService]       WHERE o."OrderId" = @orderId AND o."TimerStatus" = 1
info: Onion.CleanArchitecture.WebApp.Server.Services.MicroserviceLauncherHostedService[0]
      [OrderCompleteService]       LIMIT 1
info: Onion.CleanArchitecture.WebApp.Server.Services.MicroserviceLauncherHostedService[0]
      [OrderCompleteService] info: Microsoft.EntityFrameworkCore.Database.Command[20101]
info: Onion.CleanArchitecture.WebApp.Server.Services.MicroserviceLauncherHostedService[0]
      [OrderCompleteService]       Executed DbCommand (1ms) [Parameters=[@p14='?' (DbType = Int32), @p0='?' (DbType = DateTime), @p1='?' (DbType = DateTime), @p2='?', @p3='?', @p4='?' (DbType = Boolean), @p5='?' (DbType = DateTime), @p6='?', @p7='?', @p8='?', @p9='?' (DbType = DateTime), @p10='?', @p11='?' (DbType = Int32), @p12='?' (DbType = Decimal), @p13='?' (DbType = DateTime)], CommandType='Text', CommandTimeout='30']
info: Onion.CleanArchitecture.WebApp.Server.Services.MicroserviceLauncherHostedService[0]
      [OrderCompleteService]       UPDATE "Orders" SET "CompletedAt" = @p0, "CreatedAt" = @p1, "CreatedBy" = @p2, "CustomerId" = @p3, "IsReserved" = @p4, "LastModifiedAt" = @p5, "LastModifiedBy" = @p6, "Note" = @p7, "OrderCode" = @p8, "RejectedAt" = @p9, "ShippingAddress" = @p10, "Status" = @p11, "TotalAmount" = @p12, "UpdatedAt" = @p13
info: Onion.CleanArchitecture.WebApp.Server.Services.MicroserviceLauncherHostedService[0]
      [OrderCompleteService]       WHERE "Id" = @p14;
info: Onion.CleanArchitecture.WebApp.Server.Services.MicroserviceLauncherHostedService[0]
      [OrderCompleteService] info: Microsoft.EntityFrameworkCore.Database.Command[20101]
info: Onion.CleanArchitecture.WebApp.Server.Services.MicroserviceLauncherHostedService[0]
      [OrderCompleteService]       Executed DbCommand (1ms) [Parameters=[@p0='?', @p1='?' (DbType = DateTime), @p2='?', @p3='?', @p4='?' (DbType = Guid), @p5='?' (DbType = DateTime), @p6='?', @p7='?', @p8='?' (DbType = Guid), @p9='?' (DbType = Int32)], CommandType='Text', CommandTimeout='30']
info: Onion.CleanArchitecture.WebApp.Server.Services.MicroserviceLauncherHostedService[0]
      [OrderCompleteService]       INSERT INTO "OrderHistories" ("ConsumerName", "CreatedAt", "CreatedBy", "EventType", "HistoryId", "LastModifiedAt", "LastModifiedBy", "Message", "OrderId", "Status")
info: Onion.CleanArchitecture.WebApp.Server.Services.MicroserviceLauncherHostedService[0]
      [OrderCompleteService]       VALUES (@p0, @p1, @p2, @p3, @p4, @p5, @p6, @p7, @p8, @p9)
info: Onion.CleanArchitecture.WebApp.Server.Services.MicroserviceLauncherHostedService[0]
      [OrderCompleteService]       RETURNING "Id";
info: Onion.CleanArchitecture.WebApp.Server.Services.MicroserviceLauncherHostedService[0]
      [OrderCompleteService] info: OrderCompleteService.OrderCompleteConsumer[0]
info: Onion.CleanArchitecture.WebApp.Server.Services.MicroserviceLauncherHostedService[0]
      [OrderCompleteService]       Complete thành công OrderId=1110a633-8355-4338-9915-0cd0e4a47085.
info: Onion.CleanArchitecture.WebApp.Server.Services.MicroserviceLauncherHostedService[0]
      [OrderOrchestration] info: Microsoft.EntityFrameworkCore.Database.Command[20101]
info: Onion.CleanArchitecture.WebApp.Server.Services.MicroserviceLauncherHostedService[0]
      [OrderOrchestration]       Executed DbCommand (1ms) [Parameters=[p0='?' (DbType = Guid)], CommandType='Text', CommandTimeout='30']
info: Onion.CleanArchitecture.WebApp.Server.Services.MicroserviceLauncherHostedService[0]
      [OrderOrchestration]       SELECT o."CorrelationId", o."CreatedAt", o."CurrentState", o."CustomerId", o."ErrorReason", o."IsTimeout", o."Items", o."NeedReleaseInventory", o."TotalAmount"
info: Onion.CleanArchitecture.WebApp.Server.Services.MicroserviceLauncherHostedService[0]
      [OrderOrchestration]       FROM (
info: Onion.CleanArchitecture.WebApp.Server.Services.MicroserviceLauncherHostedService[0]
      [OrderOrchestration]           SELECT *, xmin FROM "OrderState" WHERE "CorrelationId" = @p0 FOR UPDATE
info: Onion.CleanArchitecture.WebApp.Server.Services.MicroserviceLauncherHostedService[0]
      [OrderOrchestration]       ) AS o
info: Onion.CleanArchitecture.WebApp.Server.Services.MicroserviceLauncherHostedService[0]
      [OrderOrchestration]       LIMIT 2
info: Onion.CleanArchitecture.WebApp.Server.Services.MicroserviceLauncherHostedService[0]
      [OrderOrchestration] info: Microsoft.EntityFrameworkCore.Database.Command[20101]
info: Onion.CleanArchitecture.WebApp.Server.Services.MicroserviceLauncherHostedService[0]
      [OrderOrchestration]       Executed DbCommand (0ms) [Parameters=[@p1='?' (DbType = Guid), @p0='?'], CommandType='Text', CommandTimeout='30']
info: Onion.CleanArchitecture.WebApp.Server.Services.MicroserviceLauncherHostedService[0]
      [OrderOrchestration]       UPDATE "OrderState" SET "CurrentState" = @p0
info: Onion.CleanArchitecture.WebApp.Server.Services.MicroserviceLauncherHostedService[0]
      [OrderOrchestration]       WHERE "CorrelationId" = @p1;
info: Microsoft.EntityFrameworkCore.Database.Command[20101]
      Executed DbCommand (1ms) [Parameters=[], CommandType='Text', CommandTimeout='30']
      SELECT count(*)::int
      FROM "Orders" AS o
info: Microsoft.EntityFrameworkCore.Database.Command[20101]
      Executed DbCommand (1ms) [Parameters=[@p1='?' (DbType = Int32), @p='?' (DbType = Int32)], CommandType='Text', CommandTimeout='30']
      SELECT o."Id", o."CompletedAt", o."CreatedAt", o."CreatedBy", o."CustomerId", o."IsReserved", o."LastModifiedAt", o."LastModifiedBy", o."Note", o."OrderCode", o."OrderId", o."RejectedAt", o."ShippingAddress", o."Status", o."TotalAmount", o."UpdatedAt"
      FROM "Orders" AS o
      ORDER BY o."CreatedAt" DESC
      LIMIT @p1 OFFSET @p
info: Onion.CleanArchitecture.WebApp.Server.Services.MicroserviceLauncherHostedService[0]
      [NotificationService] info: NotificationService.Consumers.OrderCompleteSuccessConsumer[0]
info: Onion.CleanArchitecture.WebApp.Server.Services.MicroserviceLauncherHostedService[0]
      [NotificationService]       Nhận OrderCompleteSuccessResponse OrderId=1110a633-8355-4338-9915-0cd0e4a47085
info: Onion.CleanArchitecture.WebApp.Server.Services.MicroserviceLauncherHostedService[0]
      [NotificationService] info: Microsoft.EntityFrameworkCore.Database.Command[20101]
info: Onion.CleanArchitecture.WebApp.Server.Services.MicroserviceLauncherHostedService[0]
      [NotificationService]       Executed DbCommand (2ms) [Parameters=[@p0='?' (DbType = DateTime), @p1='?', @p2='?' (DbType = Boolean), @p3='?' (DbType = DateTime), @p4='?', @p5='?', @p6='?' (DbType = Guid), @p7='?' (DbType = Guid), @p8='?' (DbType = DateTime), @p9='?' (DbType = Guid), @p10='?', @p11='?'], CommandType='Text', CommandTimeout='30']
info: Onion.CleanArchitecture.WebApp.Server.Services.MicroserviceLauncherHostedService[0]
      [NotificationService]       INSERT INTO "Notifications" ("CreatedAt", "CreatedBy", "IsRead", "LastModifiedAt", "LastModifiedBy", "Message", "NotifyId", "OrderId", "SendAt", "TargetUserId", "Title", "Type")
info: Onion.CleanArchitecture.WebApp.Server.Services.MicroserviceLauncherHostedService[0]
      [NotificationService]       VALUES (@p0, @p1, @p2, @p3, @p4, @p5, @p6, @p7, @p8, @p9, @p10, @p11)
info: Onion.CleanArchitecture.WebApp.Server.Services.MicroserviceLauncherHostedService[0]
      [NotificationService]       RETURNING "Id";
info: Onion.CleanArchitecture.WebApp.Server.Services.MicroserviceLauncherHostedService[0]
      [OrderAcceptService] info: Microsoft.EntityFrameworkCore.Database.Command[20101]
info: Onion.CleanArchitecture.WebApp.Server.Services.MicroserviceLauncherHostedService[0]
      [OrderAcceptService]       Executed DbCommand (1ms) [Parameters=[@now='?' (DbType = DateTime)], CommandType='Text', CommandTimeout='30']
info: Onion.CleanArchitecture.WebApp.Server.Services.MicroserviceLauncherHostedService[0]
      [OrderAcceptService]       SELECT o."Id", o."CreatedAt", o."CreatedBy", o."LastModifiedAt", o."LastModifiedBy", o."OrderId", o."Status", o."Timeout", o."TimerId", o."TimerStatus"
info: Onion.CleanArchitecture.WebApp.Server.Services.MicroserviceLauncherHostedService[0]
      [OrderAcceptService]       FROM "OrderTimers" AS o
info: Onion.CleanArchitecture.WebApp.Server.Services.MicroserviceLauncherHostedService[0]
      [OrderAcceptService]       WHERE o."TimerStatus" = 1 AND o."Timeout" <= @now
info: Onion.CleanArchitecture.WebApp.Server.Services.MicroserviceLauncherHostedService[0]
      [OrderAcceptService] info: Microsoft.EntityFrameworkCore.Database.Command[20101]
info: Onion.CleanArchitecture.WebApp.Server.Services.MicroserviceLauncherHostedService[0]
      [OrderAcceptService]       Executed DbCommand (1ms) [Parameters=[@now='?' (DbType = DateTime)], CommandType='Text', CommandTimeout='30']
info: Onion.CleanArchitecture.WebApp.Server.Services.MicroserviceLauncherHostedService[0]
      [OrderAcceptService]       SELECT o."Id", o."CreatedAt", o."CreatedBy", o."LastModifiedAt", o."LastModifiedBy", o."OrderId", o."Status", o."Timeout", o."TimerId", o."TimerStatus"
info: Onion.CleanArchitecture.WebApp.Server.Services.MicroserviceLauncherHostedService[0]
      [OrderAcceptService]       FROM "OrderTimers" AS o
info: Onion.CleanArchitecture.WebApp.Server.Services.MicroserviceLauncherHostedService[0]
      [OrderAcceptService]       WHERE o."TimerStatus" = 1 AND o."Timeout" <= @now
info: Onion.CleanArchitecture.WebApp.Server.Services.MicroserviceLauncherHostedService[0]
      [OrderAcceptService] info: OrderAcceptService.Services.TimerWatcherBackgroundService[0]
info: Onion.CleanArchitecture.WebApp.Server.Services.MicroserviceLauncherHostedService[0]
      [OrderAcceptService]       Tìm thấy 1 OrderTimer hết hạn cần xử lý.
info: Onion.CleanArchitecture.WebApp.Server.Services.MicroserviceLauncherHostedService[0]
      [OrderAcceptService] info: Microsoft.EntityFrameworkCore.Database.Command[20101]
info: Onion.CleanArchitecture.WebApp.Server.Services.MicroserviceLauncherHostedService[0]
      [OrderAcceptService]       Executed DbCommand (1ms) [Parameters=[@p9='?' (DbType = Int32), @p0='?' (DbType = DateTime), @p1='?', @p2='?' (DbType = DateTime), @p3='?', @p4='?' (DbType = Guid), @p5='?' (DbType = Int32), @p6='?' (DbType = DateTime), @p7='?' (DbType = Guid), @p8='?' (DbType = Int32)], CommandType='Text', CommandTimeout='30']
info: Onion.CleanArchitecture.WebApp.Server.Services.MicroserviceLauncherHostedService[0]
      [OrderAcceptService]       UPDATE "OrderTimers" SET "CreatedAt" = @p0, "CreatedBy" = @p1, "LastModifiedAt" = @p2, "LastModifiedBy" = @p3, "OrderId" = @p4, "Status" = @p5, "Timeout" = @p6, "TimerId" = @p7, "TimerStatus" = @p8
info: Onion.CleanArchitecture.WebApp.Server.Services.MicroserviceLauncherHostedService[0]
      [OrderAcceptService]       WHERE "Id" = @p9;
info: Onion.CleanArchitecture.WebApp.Server.Services.MicroserviceLauncherHostedService[0]
      [OrderAcceptService] info: OrderAcceptService.Services.TimerWatcherBackgroundService[0]
info: Onion.CleanArchitecture.WebApp.Server.Services.MicroserviceLauncherHostedService[0]
      [OrderAcceptService]       Đã publish OrderTimeoutExpiredEvent OrderId=a395e41c-9744-4a65-9dd0-50b42cc5bdfe, TargetAction=Complete.
info: Onion.CleanArchitecture.WebApp.Server.Services.MicroserviceLauncherHostedService[0]
      [OrderOrchestration] info: Microsoft.EntityFrameworkCore.Database.Command[20101]
info: Onion.CleanArchitecture.WebApp.Server.Services.MicroserviceLauncherHostedService[0]
      [OrderOrchestration]       Executed DbCommand (2ms) [Parameters=[p0='?' (DbType = Guid)], CommandType='Text', CommandTimeout='30']
info: Onion.CleanArchitecture.WebApp.Server.Services.MicroserviceLauncherHostedService[0]
      [OrderOrchestration]       SELECT o."CorrelationId", o."CreatedAt", o."CurrentState", o."CustomerId", o."ErrorReason", o."IsTimeout", o."Items", o."NeedReleaseInventory", o."TotalAmount"
info: Onion.CleanArchitecture.WebApp.Server.Services.MicroserviceLauncherHostedService[0]
      [OrderOrchestration]       FROM (
info: Onion.CleanArchitecture.WebApp.Server.Services.MicroserviceLauncherHostedService[0]
      [OrderOrchestration]           SELECT *, xmin FROM "OrderState" WHERE "CorrelationId" = @p0 FOR UPDATE
info: Onion.CleanArchitecture.WebApp.Server.Services.MicroserviceLauncherHostedService[0]
      [OrderOrchestration]       ) AS o
info: Onion.CleanArchitecture.WebApp.Server.Services.MicroserviceLauncherHostedService[0]
      [OrderOrchestration]       LIMIT 2
info: Onion.CleanArchitecture.WebApp.Server.Services.MicroserviceLauncherHostedService[0]
      [OrderCompleteService] info: Microsoft.EntityFrameworkCore.Database.Command[20101]
info: Onion.CleanArchitecture.WebApp.Server.Services.MicroserviceLauncherHostedService[0]
      [OrderCompleteService]       Executed DbCommand (1ms) [Parameters=[@orderId='?' (DbType = Guid)], CommandType='Text', CommandTimeout='30']
info: Onion.CleanArchitecture.WebApp.Server.Services.MicroserviceLauncherHostedService[0]
      [OrderCompleteService]       SELECT o."Id", o."CompletedAt", o."CreatedAt", o."CreatedBy", o."CustomerId", o."IsReserved", o."LastModifiedAt", o."LastModifiedBy", o."Note", o."OrderCode", o."OrderId", o."RejectedAt", o."ShippingAddress", o."Status", o."TotalAmount", o."UpdatedAt"
info: Onion.CleanArchitecture.WebApp.Server.Services.MicroserviceLauncherHostedService[0]
      [OrderCompleteService]       FROM "Orders" AS o
info: Onion.CleanArchitecture.WebApp.Server.Services.MicroserviceLauncherHostedService[0]
      [OrderCompleteService]       WHERE o."OrderId" = @orderId
info: Onion.CleanArchitecture.WebApp.Server.Services.MicroserviceLauncherHostedService[0]
      [OrderCompleteService]       ORDER BY o."Id"
info: Onion.CleanArchitecture.WebApp.Server.Services.MicroserviceLauncherHostedService[0]
      [OrderCompleteService]       LIMIT 1
info: Onion.CleanArchitecture.WebApp.Server.Services.MicroserviceLauncherHostedService[0]
      [OrderOrchestration] info: Microsoft.EntityFrameworkCore.Database.Command[20101]
info: Onion.CleanArchitecture.WebApp.Server.Services.MicroserviceLauncherHostedService[0]
      [OrderOrchestration]       Executed DbCommand (1ms) [Parameters=[@p3='?' (DbType = Guid), @p0='?', @p1='?', @p2='?' (DbType = Boolean)], CommandType='Text', CommandTimeout='30']
info: Onion.CleanArchitecture.WebApp.Server.Services.MicroserviceLauncherHostedService[0]
      [OrderOrchestration]       UPDATE "OrderState" SET "CurrentState" = @p0, "ErrorReason" = @p1, "IsTimeout" = @p2
info: Onion.CleanArchitecture.WebApp.Server.Services.MicroserviceLauncherHostedService[0]
      [OrderOrchestration]       WHERE "CorrelationId" = @p3;
info: Onion.CleanArchitecture.WebApp.Server.Services.MicroserviceLauncherHostedService[0]
      [OrderCompleteService] info: Microsoft.EntityFrameworkCore.Database.Command[20101]
info: Onion.CleanArchitecture.WebApp.Server.Services.MicroserviceLauncherHostedService[0]
      [OrderCompleteService]       Executed DbCommand (1ms) [Parameters=[@orderId='?' (DbType = Guid)], CommandType='Text', CommandTimeout='30']
info: Onion.CleanArchitecture.WebApp.Server.Services.MicroserviceLauncherHostedService[0]
      [OrderCompleteService]       SELECT o0."Id", o0."CreatedAt", o0."CreatedBy", o0."LastModifiedAt", o0."LastModifiedBy", o0."OrderId", o0."OrderItemId", o0."ProductId", o0."ProductName", o0."Quantity", o0."UnitPrice", o1."Id"
info: Onion.CleanArchitecture.WebApp.Server.Services.MicroserviceLauncherHostedService[0]
      [OrderCompleteService]       FROM (
info: Onion.CleanArchitecture.WebApp.Server.Services.MicroserviceLauncherHostedService[0]
      [OrderCompleteService]           SELECT o."Id", o."OrderId"
info: Onion.CleanArchitecture.WebApp.Server.Services.MicroserviceLauncherHostedService[0]
      [OrderCompleteService]           FROM "Orders" AS o
info: Onion.CleanArchitecture.WebApp.Server.Services.MicroserviceLauncherHostedService[0]
      [OrderCompleteService]           WHERE o."OrderId" = @orderId
info: Onion.CleanArchitecture.WebApp.Server.Services.MicroserviceLauncherHostedService[0]
      [OrderCompleteService]           ORDER BY o."Id"
info: Onion.CleanArchitecture.WebApp.Server.Services.MicroserviceLauncherHostedService[0]
      [OrderCompleteService]           LIMIT 1
info: Onion.CleanArchitecture.WebApp.Server.Services.MicroserviceLauncherHostedService[0]
      [OrderCompleteService]       ) AS o1
info: Onion.CleanArchitecture.WebApp.Server.Services.MicroserviceLauncherHostedService[0]
      [OrderCompleteService]       INNER JOIN "OrderItems" AS o0 ON o1."OrderId" = o0."OrderId"
info: Onion.CleanArchitecture.WebApp.Server.Services.MicroserviceLauncherHostedService[0]
      [OrderCompleteService]       ORDER BY o1."Id"
info: Onion.CleanArchitecture.WebApp.Server.Services.MicroserviceLauncherHostedService[0]
      [OrderCompleteService] info: OrderCompleteService.OrderCompleteConsumer[0]
info: Onion.CleanArchitecture.WebApp.Server.Services.MicroserviceLauncherHostedService[0]
      [OrderCompleteService]       Nhận CompleteOrderCommand OrderId=a395e41c-9744-4a65-9dd0-50b42cc5bdfe
info: Onion.CleanArchitecture.WebApp.Server.Services.MicroserviceLauncherHostedService[0]
      [OrderCompleteService] fail: OrderCompleteService.OrderCompleteConsumer[0]
info: Onion.CleanArchitecture.WebApp.Server.Services.MicroserviceLauncherHostedService[0]
      [OrderCompleteService]       OrderId=a395e41c-9744-4a65-9dd0-50b42cc5bdfe không ở trạng thái Accepted.
info: Onion.CleanArchitecture.WebApp.Server.Services.MicroserviceLauncherHostedService[0]
      [OrderCompleteService] info: OrderCompleteService.ReleaseInventoryConsumer[0]
info: Onion.CleanArchitecture.WebApp.Server.Services.MicroserviceLauncherHostedService[0]
      [OrderCompleteService]       Nhận ReleaseInventoryCommand OrderId=a395e41c-9744-4a65-9dd0-50b42cc5bdfe, bắt đầu bồi hoàn tồn kho.
info: Onion.CleanArchitecture.WebApp.Server.Services.MicroserviceLauncherHostedService[0]
      [OrderCompleteService] info: Microsoft.EntityFrameworkCore.Database.Command[20101]
info: Onion.CleanArchitecture.WebApp.Server.Services.MicroserviceLauncherHostedService[0]
      [OrderCompleteService]       Executed DbCommand (1ms) [Parameters=[@orderId='?' (DbType = Guid)], CommandType='Text', CommandTimeout='30']
info: Onion.CleanArchitecture.WebApp.Server.Services.MicroserviceLauncherHostedService[0]
      [OrderCompleteService]       SELECT o."Id", o."CompletedAt", o."CreatedAt", o."CreatedBy", o."CustomerId", o."IsReserved", o."LastModifiedAt", o."LastModifiedBy", o."Note", o."OrderCode", o."OrderId", o."RejectedAt", o."ShippingAddress", o."Status", o."TotalAmount", o."UpdatedAt"
info: Onion.CleanArchitecture.WebApp.Server.Services.MicroserviceLauncherHostedService[0]
      [OrderCompleteService]       FROM "Orders" AS o
info: Onion.CleanArchitecture.WebApp.Server.Services.MicroserviceLauncherHostedService[0]
      [OrderCompleteService]       WHERE o."OrderId" = @orderId
info: Onion.CleanArchitecture.WebApp.Server.Services.MicroserviceLauncherHostedService[0]
      [OrderCompleteService]       ORDER BY o."Id"
info: Onion.CleanArchitecture.WebApp.Server.Services.MicroserviceLauncherHostedService[0]
      [OrderCompleteService]       LIMIT 1
info: Onion.CleanArchitecture.WebApp.Server.Services.MicroserviceLauncherHostedService[0]
      [OrderCompleteService] info: Microsoft.EntityFrameworkCore.Database.Command[20101]
info: Onion.CleanArchitecture.WebApp.Server.Services.MicroserviceLauncherHostedService[0]
      [OrderCompleteService]       Executed DbCommand (1ms) [Parameters=[@orderId='?' (DbType = Guid)], CommandType='Text', CommandTimeout='30']
info: Onion.CleanArchitecture.WebApp.Server.Services.MicroserviceLauncherHostedService[0]
      [OrderCompleteService]       SELECT o0."Id", o0."CreatedAt", o0."CreatedBy", o0."LastModifiedAt", o0."LastModifiedBy", o0."OrderId", o0."OrderItemId", o0."ProductId", o0."ProductName", o0."Quantity", o0."UnitPrice", o1."Id"
info: Onion.CleanArchitecture.WebApp.Server.Services.MicroserviceLauncherHostedService[0]
      [OrderCompleteService]       FROM (
info: Onion.CleanArchitecture.WebApp.Server.Services.MicroserviceLauncherHostedService[0]
      [OrderCompleteService]           SELECT o."Id", o."OrderId"
info: Onion.CleanArchitecture.WebApp.Server.Services.MicroserviceLauncherHostedService[0]
      [OrderCompleteService]           FROM "Orders" AS o
info: Onion.CleanArchitecture.WebApp.Server.Services.MicroserviceLauncherHostedService[0]
      [OrderCompleteService]           WHERE o."OrderId" = @orderId
info: Onion.CleanArchitecture.WebApp.Server.Services.MicroserviceLauncherHostedService[0]
      [OrderCompleteService]           ORDER BY o."Id"
info: Onion.CleanArchitecture.WebApp.Server.Services.MicroserviceLauncherHostedService[0]
      [OrderCompleteService]           LIMIT 1
info: Onion.CleanArchitecture.WebApp.Server.Services.MicroserviceLauncherHostedService[0]
      [OrderCompleteService]       ) AS o1
info: Onion.CleanArchitecture.WebApp.Server.Services.MicroserviceLauncherHostedService[0]
      [OrderCompleteService]       INNER JOIN "OrderItems" AS o0 ON o1."OrderId" = o0."OrderId"
info: Onion.CleanArchitecture.WebApp.Server.Services.MicroserviceLauncherHostedService[0]
      [OrderCompleteService]       ORDER BY o1."Id"
info: Onion.CleanArchitecture.WebApp.Server.Services.MicroserviceLauncherHostedService[0]
      [OrderCompleteService] info: Microsoft.EntityFrameworkCore.Database.Command[20101]
info: Onion.CleanArchitecture.WebApp.Server.Services.MicroserviceLauncherHostedService[0]
      [OrderCompleteService]       Executed DbCommand (4ms) [Parameters=[@productId='?' (DbType = Guid)], CommandType='Text', CommandTimeout='30']
info: Onion.CleanArchitecture.WebApp.Server.Services.MicroserviceLauncherHostedService[0]
      [OrderCompleteService]       SELECT p."Id", p."Code", p."CreatedAt", p."CreatedBy", p."Description", p."IsActive", p."LastModifiedAt", p."LastModifiedBy", p."Name", p."Price", p."ProductId", p."Rate", p."SLTKho"
info: Onion.CleanArchitecture.WebApp.Server.Services.MicroserviceLauncherHostedService[0]
      [OrderCompleteService]       FROM "Product" AS p
info: Onion.CleanArchitecture.WebApp.Server.Services.MicroserviceLauncherHostedService[0]
      [OrderCompleteService]       WHERE p."ProductId" = @productId
info: Onion.CleanArchitecture.WebApp.Server.Services.MicroserviceLauncherHostedService[0]
      [OrderCompleteService]       LIMIT 1
info: Onion.CleanArchitecture.WebApp.Server.Services.MicroserviceLauncherHostedService[0]
      [OrderCompleteService] info: Microsoft.EntityFrameworkCore.Database.Command[20101]
info: Onion.CleanArchitecture.WebApp.Server.Services.MicroserviceLauncherHostedService[0]
      [OrderCompleteService]       Executed DbCommand (1ms) [Parameters=[@productId='?' (DbType = Guid)], CommandType='Text', CommandTimeout='30']
info: Onion.CleanArchitecture.WebApp.Server.Services.MicroserviceLauncherHostedService[0]
      [OrderCompleteService]       SELECT p."Id", p."Code", p."CreatedAt", p."CreatedBy", p."Description", p."IsActive", p."LastModifiedAt", p."LastModifiedBy", p."Name", p."Price", p."ProductId", p."Rate", p."SLTKho"
info: Onion.CleanArchitecture.WebApp.Server.Services.MicroserviceLauncherHostedService[0]
      [OrderCompleteService]       FROM "Product" AS p
info: Onion.CleanArchitecture.WebApp.Server.Services.MicroserviceLauncherHostedService[0]
      [OrderCompleteService]       WHERE p."ProductId" = @productId
info: Onion.CleanArchitecture.WebApp.Server.Services.MicroserviceLauncherHostedService[0]
      [OrderCompleteService]       LIMIT 1
info: Onion.CleanArchitecture.WebApp.Server.Services.MicroserviceLauncherHostedService[0]
      [OrderCompleteService] info: Microsoft.EntityFrameworkCore.Database.Command[20101]
info: Onion.CleanArchitecture.WebApp.Server.Services.MicroserviceLauncherHostedService[0]
      [OrderCompleteService]       Executed DbCommand (2ms) [Parameters=[@p14='?' (DbType = Int32), @p0='?' (DbType = DateTime), @p1='?' (DbType = DateTime), @p2='?', @p3='?', @p4='?' (DbType = Boolean), @p5='?' (DbType = DateTime), @p6='?', @p7='?', @p8='?', @p9='?' (DbType = DateTime), @p10='?', @p11='?' (DbType = Int32), @p12='?' (DbType = Decimal), @p13='?' (DbType = DateTime), @p27='?' (DbType = Int32), @p15='?', @p16='?' (DbType = DateTime), @p17='?', @p18='?', @p19='?' (DbType = Boolean), @p20='?' (DbType = DateTime), @p21='?', @p22='?', @p23='?' (DbType = Decimal), @p24='?' (DbType = Guid), @p25='?' (DbType = Decimal), @p26='?' (DbType = Int32), @p40='?' (DbType = Int32), @p28='?', @p29='?' (DbType = DateTime), @p30='?', @p31='?', @p32='?' (DbType = Boolean), @p33='?' (DbType = DateTime), @p34='?', @p35='?', @p36='?' (DbType = Decimal), @p37='?' (DbType = Guid), @p38='?' (DbType = Decimal), @p39='?' (DbType = Int32)], CommandType='Text', CommandTimeout='30']
info: Onion.CleanArchitecture.WebApp.Server.Services.MicroserviceLauncherHostedService[0]
      [OrderCompleteService]       UPDATE "Orders" SET "CompletedAt" = @p0, "CreatedAt" = @p1, "CreatedBy" = @p2, "CustomerId" = @p3, "IsReserved" = @p4, "LastModifiedAt" = @p5, "LastModifiedBy" = @p6, "Note" = @p7, "OrderCode" = @p8, "RejectedAt" = @p9, "ShippingAddress" = @p10, "Status" = @p11, "TotalAmount" = @p12, "UpdatedAt" = @p13
info: Onion.CleanArchitecture.WebApp.Server.Services.MicroserviceLauncherHostedService[0]
      [OrderCompleteService]       WHERE "Id" = @p14;
info: Onion.CleanArchitecture.WebApp.Server.Services.MicroserviceLauncherHostedService[0]
      [OrderCompleteService]       UPDATE "Product" SET "Code" = @p15, "CreatedAt" = @p16, "CreatedBy" = @p17, "Description" = @p18, "IsActive" = @p19, "LastModifiedAt" = @p20, "LastModifiedBy" = @p21, "Name" = @p22, "Price" = @p23, "ProductId" = @p24, "Rate" = @p25, "SLTKho" = @p26
info: Onion.CleanArchitecture.WebApp.Server.Services.MicroserviceLauncherHostedService[0]
      [OrderCompleteService]       WHERE "Id" = @p27;
info: Onion.CleanArchitecture.WebApp.Server.Services.MicroserviceLauncherHostedService[0]
      [OrderCompleteService]       UPDATE "Product" SET "Code" = @p28, "CreatedAt" = @p29, "CreatedBy" = @p30, "Description" = @p31, "IsActive" = @p32, "LastModifiedAt" = @p33, "LastModifiedBy" = @p34, "Name" = @p35, "Price" = @p36, "ProductId" = @p37, "Rate" = @p38, "SLTKho" = @p39
info: Onion.CleanArchitecture.WebApp.Server.Services.MicroserviceLauncherHostedService[0]
      [OrderCompleteService]       WHERE "Id" = @p40;
info: Onion.CleanArchitecture.WebApp.Server.Services.MicroserviceLauncherHostedService[0]
      [OrderCompleteService] info: Microsoft.EntityFrameworkCore.Database.Command[20101]
info: Onion.CleanArchitecture.WebApp.Server.Services.MicroserviceLauncherHostedService[0]
      [OrderCompleteService]       Executed DbCommand (1ms) [Parameters=[@p0='?', @p1='?' (DbType = DateTime), @p2='?', @p3='?', @p4='?' (DbType = Guid), @p5='?' (DbType = DateTime), @p6='?', @p7='?', @p8='?' (DbType = Guid), @p9='?' (DbType = Int32)], CommandType='Text', CommandTimeout='30']
info: Onion.CleanArchitecture.WebApp.Server.Services.MicroserviceLauncherHostedService[0]
      [OrderCompleteService]       INSERT INTO "OrderHistories" ("ConsumerName", "CreatedAt", "CreatedBy", "EventType", "HistoryId", "LastModifiedAt", "LastModifiedBy", "Message", "OrderId", "Status")
info: Onion.CleanArchitecture.WebApp.Server.Services.MicroserviceLauncherHostedService[0]
      [OrderCompleteService]       VALUES (@p0, @p1, @p2, @p3, @p4, @p5, @p6, @p7, @p8, @p9)
info: Onion.CleanArchitecture.WebApp.Server.Services.MicroserviceLauncherHostedService[0]
      [OrderCompleteService]       RETURNING "Id";
info: Onion.CleanArchitecture.WebApp.Server.Services.MicroserviceLauncherHostedService[0]
      [OrderCompleteService] info: OrderCompleteService.ReleaseInventoryConsumer[0]
info: Onion.CleanArchitecture.WebApp.Server.Services.MicroserviceLauncherHostedService[0]
      [OrderCompleteService]       Bồi hoàn tồn kho thành công OrderId=a395e41c-9744-4a65-9dd0-50b42cc5bdfe.
info: Onion.CleanArchitecture.WebApp.Server.Services.MicroserviceLauncherHostedService[0]
      [OrderOrchestration] info: Microsoft.EntityFrameworkCore.Database.Command[20101]
info: Onion.CleanArchitecture.WebApp.Server.Services.MicroserviceLauncherHostedService[0]
      [OrderOrchestration]       Executed DbCommand (1ms) [Parameters=[p0='?' (DbType = Guid)], CommandType='Text', CommandTimeout='30']
info: Onion.CleanArchitecture.WebApp.Server.Services.MicroserviceLauncherHostedService[0]
      [OrderOrchestration]       SELECT o."CorrelationId", o."CreatedAt", o."CurrentState", o."CustomerId", o."ErrorReason", o."IsTimeout", o."Items", o."NeedReleaseInventory", o."TotalAmount"
info: Onion.CleanArchitecture.WebApp.Server.Services.MicroserviceLauncherHostedService[0]
      [OrderOrchestration]       FROM (
info: Onion.CleanArchitecture.WebApp.Server.Services.MicroserviceLauncherHostedService[0]
      [OrderOrchestration]           SELECT *, xmin FROM "OrderState" WHERE "CorrelationId" = @p0 FOR UPDATE
info: Onion.CleanArchitecture.WebApp.Server.Services.MicroserviceLauncherHostedService[0]
      [OrderOrchestration]       ) AS o
info: Onion.CleanArchitecture.WebApp.Server.Services.MicroserviceLauncherHostedService[0]
      [OrderOrchestration]       LIMIT 2
info: Onion.CleanArchitecture.WebApp.Server.Services.MicroserviceLauncherHostedService[0]
      [OrderAcceptService] info: OrderAcceptService.CancelOrderConsumer[0]
info: Onion.CleanArchitecture.WebApp.Server.Services.MicroserviceLauncherHostedService[0]
      [OrderAcceptService]       Nhận CancelOrderCommand OrderId=a395e41c-9744-4a65-9dd0-50b42cc5bdfe, Reason=Hết thời gian xử lý đơn hàng (auto timeout), bắt đầu bồi hoàn bước Accept.
info: Onion.CleanArchitecture.WebApp.Server.Services.MicroserviceLauncherHostedService[0]
      [OrderAcceptService] info: Microsoft.EntityFrameworkCore.Database.Command[20101]
info: Onion.CleanArchitecture.WebApp.Server.Services.MicroserviceLauncherHostedService[0]
      [OrderAcceptService]       Executed DbCommand (1ms) [Parameters=[@orderId='?' (DbType = Guid)], CommandType='Text', CommandTimeout='30']
info: Onion.CleanArchitecture.WebApp.Server.Services.MicroserviceLauncherHostedService[0]
      [OrderAcceptService]       SELECT o."Id", o."CompletedAt", o."CreatedAt", o."CreatedBy", o."CustomerId", o."IsReserved", o."LastModifiedAt", o."LastModifiedBy", o."Note", o."OrderCode", o."OrderId", o."RejectedAt", o."ShippingAddress", o."Status", o."TotalAmount", o."UpdatedAt"
info: Onion.CleanArchitecture.WebApp.Server.Services.MicroserviceLauncherHostedService[0]
      [OrderAcceptService]       FROM "Orders" AS o
info: Onion.CleanArchitecture.WebApp.Server.Services.MicroserviceLauncherHostedService[0]
      [OrderAcceptService]       WHERE o."OrderId" = @orderId
info: Onion.CleanArchitecture.WebApp.Server.Services.MicroserviceLauncherHostedService[0]
      [OrderAcceptService]       ORDER BY o."Id"
info: Onion.CleanArchitecture.WebApp.Server.Services.MicroserviceLauncherHostedService[0]
      [OrderAcceptService]       LIMIT 1
info: Onion.CleanArchitecture.WebApp.Server.Services.MicroserviceLauncherHostedService[0]
      [OrderAcceptService] info: Microsoft.EntityFrameworkCore.Database.Command[20101]
info: Onion.CleanArchitecture.WebApp.Server.Services.MicroserviceLauncherHostedService[0]
      [OrderAcceptService]       Executed DbCommand (1ms) [Parameters=[@orderId='?' (DbType = Guid)], CommandType='Text', CommandTimeout='30']
info: Onion.CleanArchitecture.WebApp.Server.Services.MicroserviceLauncherHostedService[0]
      [OrderAcceptService]       SELECT o0."Id", o0."CreatedAt", o0."CreatedBy", o0."LastModifiedAt", o0."LastModifiedBy", o0."OrderId", o0."OrderItemId", o0."ProductId", o0."ProductName", o0."Quantity", o0."UnitPrice", o1."Id"
info: Onion.CleanArchitecture.WebApp.Server.Services.MicroserviceLauncherHostedService[0]
      [OrderAcceptService]       FROM (
info: Onion.CleanArchitecture.WebApp.Server.Services.MicroserviceLauncherHostedService[0]
      [OrderAcceptService]           SELECT o."Id", o."OrderId"
info: Onion.CleanArchitecture.WebApp.Server.Services.MicroserviceLauncherHostedService[0]
      [OrderAcceptService]           FROM "Orders" AS o
info: Onion.CleanArchitecture.WebApp.Server.Services.MicroserviceLauncherHostedService[0]
      [OrderAcceptService]           WHERE o."OrderId" = @orderId
info: Onion.CleanArchitecture.WebApp.Server.Services.MicroserviceLauncherHostedService[0]
      [OrderAcceptService]           ORDER BY o."Id"
info: Onion.CleanArchitecture.WebApp.Server.Services.MicroserviceLauncherHostedService[0]
      [OrderAcceptService]           LIMIT 1
info: Onion.CleanArchitecture.WebApp.Server.Services.MicroserviceLauncherHostedService[0]
      [OrderAcceptService]       ) AS o1
info: Onion.CleanArchitecture.WebApp.Server.Services.MicroserviceLauncherHostedService[0]
      [OrderAcceptService]       INNER JOIN "OrderItems" AS o0 ON o1."OrderId" = o0."OrderId"
info: Onion.CleanArchitecture.WebApp.Server.Services.MicroserviceLauncherHostedService[0]
      [OrderAcceptService]       ORDER BY o1."Id"
info: Onion.CleanArchitecture.WebApp.Server.Services.MicroserviceLauncherHostedService[0]
      [OrderAcceptService] info: Microsoft.EntityFrameworkCore.Database.Command[20101]
info: Onion.CleanArchitecture.WebApp.Server.Services.MicroserviceLauncherHostedService[0]
      [OrderAcceptService]       Executed DbCommand (1ms) [Parameters=[@orderId='?' (DbType = Guid)], CommandType='Text', CommandTimeout='30']
info: Onion.CleanArchitecture.WebApp.Server.Services.MicroserviceLauncherHostedService[0]
      [OrderAcceptService]       SELECT o."Id", o."CreatedAt", o."CreatedBy", o."LastModifiedAt", o."LastModifiedBy", o."OrderId", o."Status", o."Timeout", o."TimerId", o."TimerStatus"
info: Onion.CleanArchitecture.WebApp.Server.Services.MicroserviceLauncherHostedService[0]
      [OrderAcceptService]       FROM "OrderTimers" AS o
info: Onion.CleanArchitecture.WebApp.Server.Services.MicroserviceLauncherHostedService[0]
      [OrderAcceptService]       WHERE o."OrderId" = @orderId AND o."TimerStatus" = 1
info: Onion.CleanArchitecture.WebApp.Server.Services.MicroserviceLauncherHostedService[0]
      [OrderAcceptService]       LIMIT 1
info: Onion.CleanArchitecture.WebApp.Server.Services.MicroserviceLauncherHostedService[0]
      [OrderAcceptService] info: Microsoft.EntityFrameworkCore.Database.Command[20101]
info: Onion.CleanArchitecture.WebApp.Server.Services.MicroserviceLauncherHostedService[0]
      [OrderAcceptService]       Executed DbCommand (2ms) [Parameters=[@p14='?' (DbType = Int32), @p0='?' (DbType = DateTime), @p1='?' (DbType = DateTime), @p2='?', @p3='?', @p4='?' (DbType = Boolean), @p5='?' (DbType = DateTime), @p6='?', @p7='?', @p8='?', @p9='?' (DbType = DateTime), @p10='?', @p11='?' (DbType = Int32), @p12='?' (DbType = Decimal), @p13='?' (DbType = DateTime)], CommandType='Text', CommandTimeout='30']
info: Onion.CleanArchitecture.WebApp.Server.Services.MicroserviceLauncherHostedService[0]
      [OrderAcceptService]       UPDATE "Orders" SET "CompletedAt" = @p0, "CreatedAt" = @p1, "CreatedBy" = @p2, "CustomerId" = @p3, "IsReserved" = @p4, "LastModifiedAt" = @p5, "LastModifiedBy" = @p6, "Note" = @p7, "OrderCode" = @p8, "RejectedAt" = @p9, "ShippingAddress" = @p10, "Status" = @p11, "TotalAmount" = @p12, "UpdatedAt" = @p13
info: Onion.CleanArchitecture.WebApp.Server.Services.MicroserviceLauncherHostedService[0]
      [OrderAcceptService]       WHERE "Id" = @p14;
info: Onion.CleanArchitecture.WebApp.Server.Services.MicroserviceLauncherHostedService[0]
      [OrderAcceptService] info: Microsoft.EntityFrameworkCore.Database.Command[20101]
info: Onion.CleanArchitecture.WebApp.Server.Services.MicroserviceLauncherHostedService[0]
      [OrderAcceptService]       Executed DbCommand (1ms) [Parameters=[@p0='?', @p1='?' (DbType = DateTime), @p2='?', @p3='?', @p4='?' (DbType = Guid), @p5='?' (DbType = DateTime), @p6='?', @p7='?', @p8='?' (DbType = Guid), @p9='?' (DbType = Int32)], CommandType='Text', CommandTimeout='30']
info: Onion.CleanArchitecture.WebApp.Server.Services.MicroserviceLauncherHostedService[0]
      [OrderAcceptService]       INSERT INTO "OrderHistories" ("ConsumerName", "CreatedAt", "CreatedBy", "EventType", "HistoryId", "LastModifiedAt", "LastModifiedBy", "Message", "OrderId", "Status")
info: Onion.CleanArchitecture.WebApp.Server.Services.MicroserviceLauncherHostedService[0]
      [OrderAcceptService]       VALUES (@p0, @p1, @p2, @p3, @p4, @p5, @p6, @p7, @p8, @p9)
info: Onion.CleanArchitecture.WebApp.Server.Services.MicroserviceLauncherHostedService[0]
      [OrderAcceptService]       RETURNING "Id";
info: Onion.CleanArchitecture.WebApp.Server.Services.MicroserviceLauncherHostedService[0]
      [OrderAcceptService] info: OrderAcceptService.CancelOrderConsumer[0]
info: Onion.CleanArchitecture.WebApp.Server.Services.MicroserviceLauncherHostedService[0]
      [OrderAcceptService]       Bồi hoàn thành công OrderId=a395e41c-9744-4a65-9dd0-50b42cc5bdfe.
info: Onion.CleanArchitecture.WebApp.Server.Services.MicroserviceLauncherHostedService[0]
      [OrderOrchestration] info: Microsoft.EntityFrameworkCore.Database.Command[20101]
info: Onion.CleanArchitecture.WebApp.Server.Services.MicroserviceLauncherHostedService[0]
      [OrderOrchestration]       Executed DbCommand (1ms) [Parameters=[p0='?' (DbType = Guid)], CommandType='Text', CommandTimeout='30']
info: Onion.CleanArchitecture.WebApp.Server.Services.MicroserviceLauncherHostedService[0]
      [OrderOrchestration]       SELECT o."CorrelationId", o."CreatedAt", o."CurrentState", o."CustomerId", o."ErrorReason", o."IsTimeout", o."Items", o."NeedReleaseInventory", o."TotalAmount"
info: Onion.CleanArchitecture.WebApp.Server.Services.MicroserviceLauncherHostedService[0]
      [OrderOrchestration]       FROM (
info: Onion.CleanArchitecture.WebApp.Server.Services.MicroserviceLauncherHostedService[0]
      [OrderOrchestration]           SELECT *, xmin FROM "OrderState" WHERE "CorrelationId" = @p0 FOR UPDATE
info: Onion.CleanArchitecture.WebApp.Server.Services.MicroserviceLauncherHostedService[0]
      [OrderOrchestration]       ) AS o
info: Onion.CleanArchitecture.WebApp.Server.Services.MicroserviceLauncherHostedService[0]
      [OrderOrchestration]       LIMIT 2
info: Onion.CleanArchitecture.WebApp.Server.Services.MicroserviceLauncherHostedService[0]
      [OrderOrchestration] info: Microsoft.EntityFrameworkCore.Database.Command[20101]
info: Onion.CleanArchitecture.WebApp.Server.Services.MicroserviceLauncherHostedService[0]
      [OrderOrchestration]       Executed DbCommand (1ms) [Parameters=[@p1='?' (DbType = Guid), @p0='?'], CommandType='Text', CommandTimeout='30']
info: Onion.CleanArchitecture.WebApp.Server.Services.MicroserviceLauncherHostedService[0]
      [OrderOrchestration]       UPDATE "OrderState" SET "CurrentState" = @p0
info: Onion.CleanArchitecture.WebApp.Server.Services.MicroserviceLauncherHostedService[0]
      [OrderOrchestration]       WHERE "CorrelationId" = @p1;
info: Onion.CleanArchitecture.WebApp.Server.Services.MicroserviceLauncherHostedService[0]
      [NotificationService] warn: NotificationService.Consumers.OrderAcceptFailedConsumer[0]
info: Onion.CleanArchitecture.WebApp.Server.Services.MicroserviceLauncherHostedService[0]
      [NotificationService]       Nhận OrderAcceptFailedResponse OrderId=a395e41c-9744-4a65-9dd0-50b42cc5bdfe: Timeout
info: Onion.CleanArchitecture.WebApp.Server.Services.MicroserviceLauncherHostedService[0]
      [NotificationService] info: Microsoft.EntityFrameworkCore.Database.Command[20101]
info: Onion.CleanArchitecture.WebApp.Server.Services.MicroserviceLauncherHostedService[0]
      [NotificationService]       Executed DbCommand (1ms) [Parameters=[@p0='?' (DbType = DateTime), @p1='?', @p2='?' (DbType = Boolean), @p3='?' (DbType = DateTime), @p4='?', @p5='?', @p6='?' (DbType = Guid), @p7='?' (DbType = Guid), @p8='?' (DbType = DateTime), @p9='?' (DbType = Guid), @p10='?', @p11='?'], CommandType='Text', CommandTimeout='30']
info: Onion.CleanArchitecture.WebApp.Server.Services.MicroserviceLauncherHostedService[0]
      [NotificationService]       INSERT INTO "Notifications" ("CreatedAt", "CreatedBy", "IsRead", "LastModifiedAt", "LastModifiedBy", "Message", "NotifyId", "OrderId", "SendAt", "TargetUserId", "Title", "Type")
info: Onion.CleanArchitecture.WebApp.Server.Services.MicroserviceLauncherHostedService[0]
      [NotificationService]       VALUES (@p0, @p1, @p2, @p3, @p4, @p5, @p6, @p7, @p8, @p9, @p10, @p11)
info: Onion.CleanArchitecture.WebApp.Server.Services.MicroserviceLauncherHostedService[0]
      [NotificationService]       RETURNING "Id";
info: Microsoft.EntityFrameworkCore.Database.Command[20101]
      Executed DbCommand (1ms) [Parameters=[], CommandType='Text', CommandTimeout='30']
      SELECT count(*)::int
      FROM "Orders" AS o
info: Microsoft.EntityFrameworkCore.Database.Command[20101]
      Executed DbCommand (1ms) [Parameters=[@p1='?' (DbType = Int32), @p='?' (DbType = Int32)], CommandType='Text', CommandTimeout='30']
      SELECT o."Id", o."CompletedAt", o."CreatedAt", o."CreatedBy", o."CustomerId", o."IsReserved", o."LastModifiedAt", o."LastModifiedBy", o."Note", o."OrderCode", o."OrderId", o."RejectedAt", o."ShippingAddress", o."Status", o."TotalAmount", o."UpdatedAt"
      FROM "Orders" AS o
      ORDER BY o."CreatedAt" DESC
      LIMIT @p1 OFFSET @p
info: Onion.CleanArchitecture.WebApp.Server.Services.MicroserviceLauncherHostedService[0]
      [OrderAcceptService] info: Microsoft.EntityFrameworkCore.Database.Command[20101]
info: Onion.CleanArchitecture.WebApp.Server.Services.MicroserviceLauncherHostedService[0]
      [OrderAcceptService]       Executed DbCommand (1ms) [Parameters=[@now='?' (DbType = DateTime)], CommandType='Text', CommandTimeout='30']
info: Onion.CleanArchitecture.WebApp.Server.Services.MicroserviceLauncherHostedService[0]
      [OrderAcceptService]       SELECT o."Id", o."CreatedAt", o."CreatedBy", o."LastModifiedAt", o."LastModifiedBy", o."OrderId", o."Status", o."Timeout", o."TimerId", o."TimerStatus"
info: Onion.CleanArchitecture.WebApp.Server.Services.MicroserviceLauncherHostedService[0]
      [OrderAcceptService]       FROM "OrderTimers" AS o
info: Onion.CleanArchitecture.WebApp.Server.Services.MicroserviceLauncherHostedService[0]
      [OrderAcceptService]       WHERE o."TimerStatus" = 1 AND o."Timeout" <= @now
info: Onion.CleanArchitecture.WebApp.Server.Services.MicroserviceLauncherHostedService[0]
      [OrderAcceptService] info: OrderAcceptService.Services.TimerWatcherBackgroundService[0]
info: Onion.CleanArchitecture.WebApp.Server.Services.MicroserviceLauncherHostedService[0]
      [OrderAcceptService]       Tìm thấy 1 OrderTimer hết hạn cần xử lý.
info: Onion.CleanArchitecture.WebApp.Server.Services.MicroserviceLauncherHostedService[0]
      [OrderAcceptService] info: Microsoft.EntityFrameworkCore.Database.Command[20101]
info: Onion.CleanArchitecture.WebApp.Server.Services.MicroserviceLauncherHostedService[0]
      [OrderAcceptService]       Executed DbCommand (1ms) [Parameters=[@p9='?' (DbType = Int32), @p0='?' (DbType = DateTime), @p1='?', @p2='?' (DbType = DateTime), @p3='?', @p4='?' (DbType = Guid), @p5='?' (DbType = Int32), @p6='?' (DbType = DateTime), @p7='?' (DbType = Guid), @p8='?' (DbType = Int32)], CommandType='Text', CommandTimeout='30']
info: Onion.CleanArchitecture.WebApp.Server.Services.MicroserviceLauncherHostedService[0]
      [OrderAcceptService]       UPDATE "OrderTimers" SET "CreatedAt" = @p0, "CreatedBy" = @p1, "LastModifiedAt" = @p2, "LastModifiedBy" = @p3, "OrderId" = @p4, "Status" = @p5, "Timeout" = @p6, "TimerId" = @p7, "TimerStatus" = @p8
info: Onion.CleanArchitecture.WebApp.Server.Services.MicroserviceLauncherHostedService[0]
      [OrderAcceptService]       WHERE "Id" = @p9;
info: Onion.CleanArchitecture.WebApp.Server.Services.MicroserviceLauncherHostedService[0]
      [OrderAcceptService] info: OrderAcceptService.Services.TimerWatcherBackgroundService[0]
info: Onion.CleanArchitecture.WebApp.Server.Services.MicroserviceLauncherHostedService[0]
      [OrderAcceptService]       Đã publish OrderTimeoutExpiredEvent OrderId=1110a633-8355-4338-9915-0cd0e4a47085, TargetAction=Complete.
info: Onion.CleanArchitecture.WebApp.Server.Services.MicroserviceLauncherHostedService[0]
      [OrderOrchestration] info: Microsoft.EntityFrameworkCore.Database.Command[20101]
info: Onion.CleanArchitecture.WebApp.Server.Services.MicroserviceLauncherHostedService[0]
      [OrderOrchestration]       Executed DbCommand (2ms) [Parameters=[p0='?' (DbType = Guid)], CommandType='Text', CommandTimeout='30']
info: Onion.CleanArchitecture.WebApp.Server.Services.MicroserviceLauncherHostedService[0]
      [OrderOrchestration]       SELECT o."CorrelationId", o."CreatedAt", o."CurrentState", o."CustomerId", o."ErrorReason", o."IsTimeout", o."Items", o."NeedReleaseInventory", o."TotalAmount"
info: Onion.CleanArchitecture.WebApp.Server.Services.MicroserviceLauncherHostedService[0]
      [OrderOrchestration]       FROM (
info: Onion.CleanArchitecture.WebApp.Server.Services.MicroserviceLauncherHostedService[0]
      [OrderOrchestration]           SELECT *, xmin FROM "OrderState" WHERE "CorrelationId" = @p0 FOR UPDATE
info: Onion.CleanArchitecture.WebApp.Server.Services.MicroserviceLauncherHostedService[0]
      [OrderOrchestration]       ) AS o
info: Onion.CleanArchitecture.WebApp.Server.Services.MicroserviceLauncherHostedService[0]
      [OrderOrchestration]       LIMIT 2
info: Onion.CleanArchitecture.WebApp.Server.Services.MicroserviceLauncherHostedService[0]
      [OrderOrchestration] info: Microsoft.EntityFrameworkCore.Database.Command[20101]
info: Onion.CleanArchitecture.WebApp.Server.Services.MicroserviceLauncherHostedService[0]
      [OrderOrchestration]       Executed DbCommand (0ms) [Parameters=[@p3='?' (DbType = Guid), @p0='?', @p1='?', @p2='?' (DbType = Boolean)], CommandType='Text', CommandTimeout='30']
info: Onion.CleanArchitecture.WebApp.Server.Services.MicroserviceLauncherHostedService[0]
      [OrderOrchestration]       UPDATE "OrderState" SET "CurrentState" = @p0, "ErrorReason" = @p1, "IsTimeout" = @p2
info: Onion.CleanArchitecture.WebApp.Server.Services.MicroserviceLauncherHostedService[0]
      [OrderOrchestration]       WHERE "CorrelationId" = @p3;
info: Onion.CleanArchitecture.WebApp.Server.Services.MicroserviceLauncherHostedService[0]
      [OrderCompleteService] info: Microsoft.EntityFrameworkCore.Database.Command[20101]
info: Onion.CleanArchitecture.WebApp.Server.Services.MicroserviceLauncherHostedService[0]
      [OrderCompleteService]       Executed DbCommand (1ms) [Parameters=[@orderId='?' (DbType = Guid)], CommandType='Text', CommandTimeout='30']
info: Onion.CleanArchitecture.WebApp.Server.Services.MicroserviceLauncherHostedService[0]
      [OrderCompleteService]       SELECT o."Id", o."CompletedAt", o."CreatedAt", o."CreatedBy", o."CustomerId", o."IsReserved", o."LastModifiedAt", o."LastModifiedBy", o."Note", o."OrderCode", o."OrderId", o."RejectedAt", o."ShippingAddress", o."Status", o."TotalAmount", o."UpdatedAt"
info: Onion.CleanArchitecture.WebApp.Server.Services.MicroserviceLauncherHostedService[0]
      [OrderCompleteService]       FROM "Orders" AS o
info: Onion.CleanArchitecture.WebApp.Server.Services.MicroserviceLauncherHostedService[0]
      [OrderCompleteService]       WHERE o."OrderId" = @orderId
info: Onion.CleanArchitecture.WebApp.Server.Services.MicroserviceLauncherHostedService[0]
      [OrderCompleteService]       ORDER BY o."Id"
info: Onion.CleanArchitecture.WebApp.Server.Services.MicroserviceLauncherHostedService[0]
      [OrderCompleteService]       LIMIT 1
info: Onion.CleanArchitecture.WebApp.Server.Services.MicroserviceLauncherHostedService[0]
      [OrderCompleteService] info: Microsoft.EntityFrameworkCore.Database.Command[20101]
info: Onion.CleanArchitecture.WebApp.Server.Services.MicroserviceLauncherHostedService[0]
      [OrderCompleteService]       Executed DbCommand (1ms) [Parameters=[@orderId='?' (DbType = Guid)], CommandType='Text', CommandTimeout='30']
info: Onion.CleanArchitecture.WebApp.Server.Services.MicroserviceLauncherHostedService[0]
      [OrderCompleteService]       SELECT o0."Id", o0."CreatedAt", o0."CreatedBy", o0."LastModifiedAt", o0."LastModifiedBy", o0."OrderId", o0."OrderItemId", o0."ProductId", o0."ProductName", o0."Quantity", o0."UnitPrice", o1."Id"
info: Onion.CleanArchitecture.WebApp.Server.Services.MicroserviceLauncherHostedService[0]
      [OrderCompleteService]       FROM (
info: Onion.CleanArchitecture.WebApp.Server.Services.MicroserviceLauncherHostedService[0]
      [OrderCompleteService]           SELECT o."Id", o."OrderId"
info: Onion.CleanArchitecture.WebApp.Server.Services.MicroserviceLauncherHostedService[0]
      [OrderCompleteService]           FROM "Orders" AS o
info: Onion.CleanArchitecture.WebApp.Server.Services.MicroserviceLauncherHostedService[0]
      [OrderCompleteService]           WHERE o."OrderId" = @orderId
info: Onion.CleanArchitecture.WebApp.Server.Services.MicroserviceLauncherHostedService[0]
      [OrderCompleteService]           ORDER BY o."Id"
info: Onion.CleanArchitecture.WebApp.Server.Services.MicroserviceLauncherHostedService[0]
      [OrderCompleteService]           LIMIT 1
info: Onion.CleanArchitecture.WebApp.Server.Services.MicroserviceLauncherHostedService[0]
      [OrderCompleteService]       ) AS o1
info: Onion.CleanArchitecture.WebApp.Server.Services.MicroserviceLauncherHostedService[0]
      [OrderCompleteService]       INNER JOIN "OrderItems" AS o0 ON o1."OrderId" = o0."OrderId"
info: Onion.CleanArchitecture.WebApp.Server.Services.MicroserviceLauncherHostedService[0]
      [OrderCompleteService]       ORDER BY o1."Id"
info: Onion.CleanArchitecture.WebApp.Server.Services.MicroserviceLauncherHostedService[0]
      [OrderCompleteService] info: OrderCompleteService.OrderCompleteConsumer[0]
info: Onion.CleanArchitecture.WebApp.Server.Services.MicroserviceLauncherHostedService[0]
      [OrderCompleteService]       Nhận CompleteOrderCommand OrderId=1110a633-8355-4338-9915-0cd0e4a47085
info: Onion.CleanArchitecture.WebApp.Server.Services.MicroserviceLauncherHostedService[0]
      [OrderCompleteService] fail: OrderCompleteService.OrderCompleteConsumer[0]
info: Onion.CleanArchitecture.WebApp.Server.Services.MicroserviceLauncherHostedService[0]
      [OrderCompleteService]       OrderId=1110a633-8355-4338-9915-0cd0e4a47085 không ở trạng thái Accepted.
info: Onion.CleanArchitecture.WebApp.Server.Services.MicroserviceLauncherHostedService[0]
      [OrderCompleteService] info: OrderCompleteService.ReleaseInventoryConsumer[0]
info: Onion.CleanArchitecture.WebApp.Server.Services.MicroserviceLauncherHostedService[0]
      [OrderCompleteService]       Nhận ReleaseInventoryCommand OrderId=1110a633-8355-4338-9915-0cd0e4a47085, bắt đầu bồi hoàn tồn kho.
info: Onion.CleanArchitecture.WebApp.Server.Services.MicroserviceLauncherHostedService[0]
      [OrderCompleteService] info: Microsoft.EntityFrameworkCore.Database.Command[20101]
info: Onion.CleanArchitecture.WebApp.Server.Services.MicroserviceLauncherHostedService[0]
      [OrderCompleteService]       Executed DbCommand (1ms) [Parameters=[@orderId='?' (DbType = Guid)], CommandType='Text', CommandTimeout='30']
info: Onion.CleanArchitecture.WebApp.Server.Services.MicroserviceLauncherHostedService[0]
      [OrderCompleteService]       SELECT o."Id", o."CompletedAt", o."CreatedAt", o."CreatedBy", o."CustomerId", o."IsReserved", o."LastModifiedAt", o."LastModifiedBy", o."Note", o."OrderCode", o."OrderId", o."RejectedAt", o."ShippingAddress", o."Status", o."TotalAmount", o."UpdatedAt"
info: Onion.CleanArchitecture.WebApp.Server.Services.MicroserviceLauncherHostedService[0]
      [OrderCompleteService]       FROM "Orders" AS o
info: Onion.CleanArchitecture.WebApp.Server.Services.MicroserviceLauncherHostedService[0]
      [OrderCompleteService]       WHERE o."OrderId" = @orderId
info: Onion.CleanArchitecture.WebApp.Server.Services.MicroserviceLauncherHostedService[0]
      [OrderCompleteService]       ORDER BY o."Id"
info: Onion.CleanArchitecture.WebApp.Server.Services.MicroserviceLauncherHostedService[0]
      [OrderCompleteService]       LIMIT 1
info: Onion.CleanArchitecture.WebApp.Server.Services.MicroserviceLauncherHostedService[0]
      [OrderCompleteService] info: Microsoft.EntityFrameworkCore.Database.Command[20101]
info: Onion.CleanArchitecture.WebApp.Server.Services.MicroserviceLauncherHostedService[0]
      [OrderCompleteService]       Executed DbCommand (1ms) [Parameters=[@orderId='?' (DbType = Guid)], CommandType='Text', CommandTimeout='30']
info: Onion.CleanArchitecture.WebApp.Server.Services.MicroserviceLauncherHostedService[0]
      [OrderCompleteService]       SELECT o0."Id", o0."CreatedAt", o0."CreatedBy", o0."LastModifiedAt", o0."LastModifiedBy", o0."OrderId", o0."OrderItemId", o0."ProductId", o0."ProductName", o0."Quantity", o0."UnitPrice", o1."Id"
info: Onion.CleanArchitecture.WebApp.Server.Services.MicroserviceLauncherHostedService[0]
      [OrderCompleteService]       FROM (
info: Onion.CleanArchitecture.WebApp.Server.Services.MicroserviceLauncherHostedService[0]
      [OrderCompleteService]           SELECT o."Id", o."OrderId"
info: Onion.CleanArchitecture.WebApp.Server.Services.MicroserviceLauncherHostedService[0]
      [OrderCompleteService]           FROM "Orders" AS o
info: Onion.CleanArchitecture.WebApp.Server.Services.MicroserviceLauncherHostedService[0]
      [OrderCompleteService]           WHERE o."OrderId" = @orderId
info: Onion.CleanArchitecture.WebApp.Server.Services.MicroserviceLauncherHostedService[0]
      [OrderCompleteService]           ORDER BY o."Id"
info: Onion.CleanArchitecture.WebApp.Server.Services.MicroserviceLauncherHostedService[0]
      [OrderCompleteService]           LIMIT 1
info: Onion.CleanArchitecture.WebApp.Server.Services.MicroserviceLauncherHostedService[0]
      [OrderCompleteService]       ) AS o1
info: Onion.CleanArchitecture.WebApp.Server.Services.MicroserviceLauncherHostedService[0]
      [OrderCompleteService]       INNER JOIN "OrderItems" AS o0 ON o1."OrderId" = o0."OrderId"
info: Onion.CleanArchitecture.WebApp.Server.Services.MicroserviceLauncherHostedService[0]
      [OrderCompleteService]       ORDER BY o1."Id"
info: Onion.CleanArchitecture.WebApp.Server.Services.MicroserviceLauncherHostedService[0]
      [OrderCompleteService] info: Microsoft.EntityFrameworkCore.Database.Command[20101]
info: Onion.CleanArchitecture.WebApp.Server.Services.MicroserviceLauncherHostedService[0]
      [OrderCompleteService]       Executed DbCommand (1ms) [Parameters=[@productId='?' (DbType = Guid)], CommandType='Text', CommandTimeout='30']
info: Onion.CleanArchitecture.WebApp.Server.Services.MicroserviceLauncherHostedService[0]
      [OrderCompleteService]       SELECT p."Id", p."Code", p."CreatedAt", p."CreatedBy", p."Description", p."IsActive", p."LastModifiedAt", p."LastModifiedBy", p."Name", p."Price", p."ProductId", p."Rate", p."SLTKho"
info: Onion.CleanArchitecture.WebApp.Server.Services.MicroserviceLauncherHostedService[0]
      [OrderCompleteService]       FROM "Product" AS p
info: Onion.CleanArchitecture.WebApp.Server.Services.MicroserviceLauncherHostedService[0]
      [OrderCompleteService]       WHERE p."ProductId" = @productId
info: Onion.CleanArchitecture.WebApp.Server.Services.MicroserviceLauncherHostedService[0]
      [OrderCompleteService]       LIMIT 1
info: Onion.CleanArchitecture.WebApp.Server.Services.MicroserviceLauncherHostedService[0]
      [OrderCompleteService] info: Microsoft.EntityFrameworkCore.Database.Command[20101]
info: Onion.CleanArchitecture.WebApp.Server.Services.MicroserviceLauncherHostedService[0]
      [OrderCompleteService]       Executed DbCommand (1ms) [Parameters=[@productId='?' (DbType = Guid)], CommandType='Text', CommandTimeout='30']
info: Onion.CleanArchitecture.WebApp.Server.Services.MicroserviceLauncherHostedService[0]
      [OrderCompleteService]       SELECT p."Id", p."Code", p."CreatedAt", p."CreatedBy", p."Description", p."IsActive", p."LastModifiedAt", p."LastModifiedBy", p."Name", p."Price", p."ProductId", p."Rate", p."SLTKho"
info: Onion.CleanArchitecture.WebApp.Server.Services.MicroserviceLauncherHostedService[0]
      [OrderCompleteService]       FROM "Product" AS p
info: Onion.CleanArchitecture.WebApp.Server.Services.MicroserviceLauncherHostedService[0]
      [OrderCompleteService]       WHERE p."ProductId" = @productId
info: Onion.CleanArchitecture.WebApp.Server.Services.MicroserviceLauncherHostedService[0]
      [OrderCompleteService]       LIMIT 1
info: Onion.CleanArchitecture.WebApp.Server.Services.MicroserviceLauncherHostedService[0]
      [OrderCompleteService] info: Microsoft.EntityFrameworkCore.Database.Command[20101]
info: Onion.CleanArchitecture.WebApp.Server.Services.MicroserviceLauncherHostedService[0]
      [OrderCompleteService]       Executed DbCommand (1ms) [Parameters=[@p14='?' (DbType = Int32), @p0='?' (DbType = DateTime), @p1='?' (DbType = DateTime), @p2='?', @p3='?', @p4='?' (DbType = Boolean), @p5='?' (DbType = DateTime), @p6='?', @p7='?', @p8='?', @p9='?' (DbType = DateTime), @p10='?', @p11='?' (DbType = Int32), @p12='?' (DbType = Decimal), @p13='?' (DbType = DateTime), @p27='?' (DbType = Int32), @p15='?', @p16='?' (DbType = DateTime), @p17='?', @p18='?', @p19='?' (DbType = Boolean), @p20='?' (DbType = DateTime), @p21='?', @p22='?', @p23='?' (DbType = Decimal), @p24='?' (DbType = Guid), @p25='?' (DbType = Decimal), @p26='?' (DbType = Int32), @p40='?' (DbType = Int32), @p28='?', @p29='?' (DbType = DateTime), @p30='?', @p31='?', @p32='?' (DbType = Boolean), @p33='?' (DbType = DateTime), @p34='?', @p35='?', @p36='?' (DbType = Decimal), @p37='?' (DbType = Guid), @p38='?' (DbType = Decimal), @p39='?' (DbType = Int32)], CommandType='Text', CommandTimeout='30']
info: Onion.CleanArchitecture.WebApp.Server.Services.MicroserviceLauncherHostedService[0]
      [OrderCompleteService]       UPDATE "Orders" SET "CompletedAt" = @p0, "CreatedAt" = @p1, "CreatedBy" = @p2, "CustomerId" = @p3, "IsReserved" = @p4, "LastModifiedAt" = @p5, "LastModifiedBy" = @p6, "Note" = @p7, "OrderCode" = @p8, "RejectedAt" = @p9, "ShippingAddress" = @p10, "Status" = @p11, "TotalAmount" = @p12, "UpdatedAt" = @p13
info: Onion.CleanArchitecture.WebApp.Server.Services.MicroserviceLauncherHostedService[0]
      [OrderCompleteService]       WHERE "Id" = @p14;
info: Onion.CleanArchitecture.WebApp.Server.Services.MicroserviceLauncherHostedService[0]
      [OrderCompleteService]       UPDATE "Product" SET "Code" = @p15, "CreatedAt" = @p16, "CreatedBy" = @p17, "Description" = @p18, "IsActive" = @p19, "LastModifiedAt" = @p20, "LastModifiedBy" = @p21, "Name" = @p22, "Price" = @p23, "ProductId" = @p24, "Rate" = @p25, "SLTKho" = @p26
info: Onion.CleanArchitecture.WebApp.Server.Services.MicroserviceLauncherHostedService[0]
      [OrderCompleteService]       WHERE "Id" = @p27;
info: Onion.CleanArchitecture.WebApp.Server.Services.MicroserviceLauncherHostedService[0]
      [OrderCompleteService]       UPDATE "Product" SET "Code" = @p28, "CreatedAt" = @p29, "CreatedBy" = @p30, "Description" = @p31, "IsActive" = @p32, "LastModifiedAt" = @p33, "LastModifiedBy" = @p34, "Name" = @p35, "Price" = @p36, "ProductId" = @p37, "Rate" = @p38, "SLTKho" = @p39
info: Onion.CleanArchitecture.WebApp.Server.Services.MicroserviceLauncherHostedService[0]
      [OrderCompleteService]       WHERE "Id" = @p40;
info: Onion.CleanArchitecture.WebApp.Server.Services.MicroserviceLauncherHostedService[0]
      [OrderCompleteService] info: Microsoft.EntityFrameworkCore.Database.Command[20101]
info: Onion.CleanArchitecture.WebApp.Server.Services.MicroserviceLauncherHostedService[0]
      [OrderCompleteService]       Executed DbCommand (2ms) [Parameters=[@p0='?', @p1='?' (DbType = DateTime), @p2='?', @p3='?', @p4='?' (DbType = Guid), @p5='?' (DbType = DateTime), @p6='?', @p7='?', @p8='?' (DbType = Guid), @p9='?' (DbType = Int32)], CommandType='Text', CommandTimeout='30']
info: Onion.CleanArchitecture.WebApp.Server.Services.MicroserviceLauncherHostedService[0]
      [OrderCompleteService]       INSERT INTO "OrderHistories" ("ConsumerName", "CreatedAt", "CreatedBy", "EventType", "HistoryId", "LastModifiedAt", "LastModifiedBy", "Message", "OrderId", "Status")
info: Onion.CleanArchitecture.WebApp.Server.Services.MicroserviceLauncherHostedService[0]
      [OrderCompleteService]       VALUES (@p0, @p1, @p2, @p3, @p4, @p5, @p6, @p7, @p8, @p9)
info: Onion.CleanArchitecture.WebApp.Server.Services.MicroserviceLauncherHostedService[0]
      [OrderCompleteService]       RETURNING "Id";
info: Onion.CleanArchitecture.WebApp.Server.Services.MicroserviceLauncherHostedService[0]
      [OrderCompleteService] info: OrderCompleteService.ReleaseInventoryConsumer[0]
info: Onion.CleanArchitecture.WebApp.Server.Services.MicroserviceLauncherHostedService[0]
      [OrderCompleteService]       Bồi hoàn tồn kho thành công OrderId=1110a633-8355-4338-9915-0cd0e4a47085.
info: Onion.CleanArchitecture.WebApp.Server.Services.MicroserviceLauncherHostedService[0]
      [OrderOrchestration] info: Microsoft.EntityFrameworkCore.Database.Command[20101]
info: Onion.CleanArchitecture.WebApp.Server.Services.MicroserviceLauncherHostedService[0]
      [OrderOrchestration]       Executed DbCommand (1ms) [Parameters=[p0='?' (DbType = Guid)], CommandType='Text', CommandTimeout='30']
info: Onion.CleanArchitecture.WebApp.Server.Services.MicroserviceLauncherHostedService[0]
      [OrderOrchestration]       SELECT o."CorrelationId", o."CreatedAt", o."CurrentState", o."CustomerId", o."ErrorReason", o."IsTimeout", o."Items", o."NeedReleaseInventory", o."TotalAmount"
info: Onion.CleanArchitecture.WebApp.Server.Services.MicroserviceLauncherHostedService[0]
      [OrderOrchestration]       FROM (
info: Onion.CleanArchitecture.WebApp.Server.Services.MicroserviceLauncherHostedService[0]
      [OrderOrchestration]           SELECT *, xmin FROM "OrderState" WHERE "CorrelationId" = @p0 FOR UPDATE
info: Onion.CleanArchitecture.WebApp.Server.Services.MicroserviceLauncherHostedService[0]
      [OrderOrchestration]       ) AS o
info: Onion.CleanArchitecture.WebApp.Server.Services.MicroserviceLauncherHostedService[0]
      [OrderOrchestration]       LIMIT 2
info: Onion.CleanArchitecture.WebApp.Server.Services.MicroserviceLauncherHostedService[0]
      [OrderAcceptService] info: OrderAcceptService.CancelOrderConsumer[0]
info: Onion.CleanArchitecture.WebApp.Server.Services.MicroserviceLauncherHostedService[0]
      [OrderAcceptService]       Nhận CancelOrderCommand OrderId=1110a633-8355-4338-9915-0cd0e4a47085, Reason=Hết thời gian xử lý đơn hàng (auto timeout), bắt đầu bồi hoàn bước Accept.
info: Onion.CleanArchitecture.WebApp.Server.Services.MicroserviceLauncherHostedService[0]
      [OrderAcceptService] info: Microsoft.EntityFrameworkCore.Database.Command[20101]
info: Onion.CleanArchitecture.WebApp.Server.Services.MicroserviceLauncherHostedService[0]
      [OrderAcceptService]       Executed DbCommand (1ms) [Parameters=[@orderId='?' (DbType = Guid)], CommandType='Text', CommandTimeout='30']
info: Onion.CleanArchitecture.WebApp.Server.Services.MicroserviceLauncherHostedService[0]
      [OrderAcceptService]       SELECT o."Id", o."CompletedAt", o."CreatedAt", o."CreatedBy", o."CustomerId", o."IsReserved", o."LastModifiedAt", o."LastModifiedBy", o."Note", o."OrderCode", o."OrderId", o."RejectedAt", o."ShippingAddress", o."Status", o."TotalAmount", o."UpdatedAt"
info: Onion.CleanArchitecture.WebApp.Server.Services.MicroserviceLauncherHostedService[0]
      [OrderAcceptService]       FROM "Orders" AS o
info: Onion.CleanArchitecture.WebApp.Server.Services.MicroserviceLauncherHostedService[0]
      [OrderAcceptService]       WHERE o."OrderId" = @orderId
info: Onion.CleanArchitecture.WebApp.Server.Services.MicroserviceLauncherHostedService[0]
      [OrderAcceptService]       ORDER BY o."Id"
info: Onion.CleanArchitecture.WebApp.Server.Services.MicroserviceLauncherHostedService[0]
      [OrderAcceptService]       LIMIT 1
info: Onion.CleanArchitecture.WebApp.Server.Services.MicroserviceLauncherHostedService[0]
      [OrderAcceptService] info: Microsoft.EntityFrameworkCore.Database.Command[20101]
info: Onion.CleanArchitecture.WebApp.Server.Services.MicroserviceLauncherHostedService[0]
      [OrderAcceptService]       Executed DbCommand (1ms) [Parameters=[@orderId='?' (DbType = Guid)], CommandType='Text', CommandTimeout='30']
info: Onion.CleanArchitecture.WebApp.Server.Services.MicroserviceLauncherHostedService[0]
      [OrderAcceptService]       SELECT o0."Id", o0."CreatedAt", o0."CreatedBy", o0."LastModifiedAt", o0."LastModifiedBy", o0."OrderId", o0."OrderItemId", o0."ProductId", o0."ProductName", o0."Quantity", o0."UnitPrice", o1."Id"
info: Onion.CleanArchitecture.WebApp.Server.Services.MicroserviceLauncherHostedService[0]
      [OrderAcceptService]       FROM (
info: Onion.CleanArchitecture.WebApp.Server.Services.MicroserviceLauncherHostedService[0]
      [OrderAcceptService]           SELECT o."Id", o."OrderId"
info: Onion.CleanArchitecture.WebApp.Server.Services.MicroserviceLauncherHostedService[0]
      [OrderAcceptService]           FROM "Orders" AS o
info: Onion.CleanArchitecture.WebApp.Server.Services.MicroserviceLauncherHostedService[0]
      [OrderAcceptService]           WHERE o."OrderId" = @orderId
info: Onion.CleanArchitecture.WebApp.Server.Services.MicroserviceLauncherHostedService[0]
      [OrderAcceptService]           ORDER BY o."Id"
info: Onion.CleanArchitecture.WebApp.Server.Services.MicroserviceLauncherHostedService[0]
      [OrderAcceptService]           LIMIT 1
info: Onion.CleanArchitecture.WebApp.Server.Services.MicroserviceLauncherHostedService[0]
      [OrderAcceptService]       ) AS o1
info: Onion.CleanArchitecture.WebApp.Server.Services.MicroserviceLauncherHostedService[0]
      [OrderAcceptService]       INNER JOIN "OrderItems" AS o0 ON o1."OrderId" = o0."OrderId"
info: Onion.CleanArchitecture.WebApp.Server.Services.MicroserviceLauncherHostedService[0]
      [OrderAcceptService]       ORDER BY o1."Id"
info: Onion.CleanArchitecture.WebApp.Server.Services.MicroserviceLauncherHostedService[0]
      [OrderAcceptService] info: Microsoft.EntityFrameworkCore.Database.Command[20101]
info: Onion.CleanArchitecture.WebApp.Server.Services.MicroserviceLauncherHostedService[0]
      [OrderAcceptService]       Executed DbCommand (1ms) [Parameters=[@orderId='?' (DbType = Guid)], CommandType='Text', CommandTimeout='30']
info: Onion.CleanArchitecture.WebApp.Server.Services.MicroserviceLauncherHostedService[0]
      [OrderAcceptService]       SELECT o."Id", o."CreatedAt", o."CreatedBy", o."LastModifiedAt", o."LastModifiedBy", o."OrderId", o."Status", o."Timeout", o."TimerId", o."TimerStatus"
info: Onion.CleanArchitecture.WebApp.Server.Services.MicroserviceLauncherHostedService[0]
      [OrderAcceptService]       FROM "OrderTimers" AS o
info: Onion.CleanArchitecture.WebApp.Server.Services.MicroserviceLauncherHostedService[0]
      [OrderAcceptService]       WHERE o."OrderId" = @orderId AND o."TimerStatus" = 1
info: Onion.CleanArchitecture.WebApp.Server.Services.MicroserviceLauncherHostedService[0]
      [OrderAcceptService]       LIMIT 1
info: Onion.CleanArchitecture.WebApp.Server.Services.MicroserviceLauncherHostedService[0]
      [OrderAcceptService] info: Microsoft.EntityFrameworkCore.Database.Command[20101]
info: Onion.CleanArchitecture.WebApp.Server.Services.MicroserviceLauncherHostedService[0]
      [OrderAcceptService]       Executed DbCommand (1ms) [Parameters=[@p14='?' (DbType = Int32), @p0='?' (DbType = DateTime), @p1='?' (DbType = DateTime), @p2='?', @p3='?', @p4='?' (DbType = Boolean), @p5='?' (DbType = DateTime), @p6='?', @p7='?', @p8='?', @p9='?' (DbType = DateTime), @p10='?', @p11='?' (DbType = Int32), @p12='?' (DbType = Decimal), @p13='?' (DbType = DateTime)], CommandType='Text', CommandTimeout='30']
info: Onion.CleanArchitecture.WebApp.Server.Services.MicroserviceLauncherHostedService[0]
      [OrderAcceptService]       UPDATE "Orders" SET "CompletedAt" = @p0, "CreatedAt" = @p1, "CreatedBy" = @p2, "CustomerId" = @p3, "IsReserved" = @p4, "LastModifiedAt" = @p5, "LastModifiedBy" = @p6, "Note" = @p7, "OrderCode" = @p8, "RejectedAt" = @p9, "ShippingAddress" = @p10, "Status" = @p11, "TotalAmount" = @p12, "UpdatedAt" = @p13
info: Onion.CleanArchitecture.WebApp.Server.Services.MicroserviceLauncherHostedService[0]
      [OrderAcceptService]       WHERE "Id" = @p14;
info: Onion.CleanArchitecture.WebApp.Server.Services.MicroserviceLauncherHostedService[0]
      [OrderAcceptService] info: Microsoft.EntityFrameworkCore.Database.Command[20101]
info: Onion.CleanArchitecture.WebApp.Server.Services.MicroserviceLauncherHostedService[0]
      [OrderAcceptService]       Executed DbCommand (2ms) [Parameters=[@p0='?', @p1='?' (DbType = DateTime), @p2='?', @p3='?', @p4='?' (DbType = Guid), @p5='?' (DbType = DateTime), @p6='?', @p7='?', @p8='?' (DbType = Guid), @p9='?' (DbType = Int32)], CommandType='Text', CommandTimeout='30']
info: Onion.CleanArchitecture.WebApp.Server.Services.MicroserviceLauncherHostedService[0]
      [OrderAcceptService]       INSERT INTO "OrderHistories" ("ConsumerName", "CreatedAt", "CreatedBy", "EventType", "HistoryId", "LastModifiedAt", "LastModifiedBy", "Message", "OrderId", "Status")
info: Onion.CleanArchitecture.WebApp.Server.Services.MicroserviceLauncherHostedService[0]
      [OrderAcceptService]       VALUES (@p0, @p1, @p2, @p3, @p4, @p5, @p6, @p7, @p8, @p9)
info: Onion.CleanArchitecture.WebApp.Server.Services.MicroserviceLauncherHostedService[0]
      [OrderAcceptService]       RETURNING "Id";
info: Onion.CleanArchitecture.WebApp.Server.Services.MicroserviceLauncherHostedService[0]
      [OrderAcceptService] info: OrderAcceptService.CancelOrderConsumer[0]
info: Onion.CleanArchitecture.WebApp.Server.Services.MicroserviceLauncherHostedService[0]
      [OrderAcceptService]       Bồi hoàn thành công OrderId=1110a633-8355-4338-9915-0cd0e4a47085.
info: Onion.CleanArchitecture.WebApp.Server.Services.MicroserviceLauncherHostedService[0]
      [OrderOrchestration] info: Microsoft.EntityFrameworkCore.Database.Command[20101]
info: Onion.CleanArchitecture.WebApp.Server.Services.MicroserviceLauncherHostedService[0]
      [OrderOrchestration]       Executed DbCommand (1ms) [Parameters=[p0='?' (DbType = Guid)], CommandType='Text', CommandTimeout='30']
info: Onion.CleanArchitecture.WebApp.Server.Services.MicroserviceLauncherHostedService[0]
      [OrderOrchestration]       SELECT o."CorrelationId", o."CreatedAt", o."CurrentState", o."CustomerId", o."ErrorReason", o."IsTimeout", o."Items", o."NeedReleaseInventory", o."TotalAmount"
info: Onion.CleanArchitecture.WebApp.Server.Services.MicroserviceLauncherHostedService[0]
      [OrderOrchestration]       FROM (
info: Onion.CleanArchitecture.WebApp.Server.Services.MicroserviceLauncherHostedService[0]
      [OrderOrchestration]           SELECT *, xmin FROM "OrderState" WHERE "CorrelationId" = @p0 FOR UPDATE
info: Onion.CleanArchitecture.WebApp.Server.Services.MicroserviceLauncherHostedService[0]
      [OrderOrchestration]       ) AS o
info: Onion.CleanArchitecture.WebApp.Server.Services.MicroserviceLauncherHostedService[0]
      [OrderOrchestration]       LIMIT 2
info: Onion.CleanArchitecture.WebApp.Server.Services.MicroserviceLauncherHostedService[0]
      [OrderOrchestration] info: Microsoft.EntityFrameworkCore.Database.Command[20101]
info: Onion.CleanArchitecture.WebApp.Server.Services.MicroserviceLauncherHostedService[0]
      [OrderOrchestration]       Executed DbCommand (0ms) [Parameters=[@p1='?' (DbType = Guid), @p0='?'], CommandType='Text', CommandTimeout='30']
info: Onion.CleanArchitecture.WebApp.Server.Services.MicroserviceLauncherHostedService[0]
      [OrderOrchestration]       UPDATE "OrderState" SET "CurrentState" = @p0
info: Onion.CleanArchitecture.WebApp.Server.Services.MicroserviceLauncherHostedService[0]
      [OrderOrchestration]       WHERE "CorrelationId" = @p1;
info: Onion.CleanArchitecture.WebApp.Server.Services.MicroserviceLauncherHostedService[0]
      [NotificationService] warn: NotificationService.Consumers.OrderAcceptFailedConsumer[0]
info: Onion.CleanArchitecture.WebApp.Server.Services.MicroserviceLauncherHostedService[0]
      [NotificationService]       Nhận OrderAcceptFailedResponse OrderId=1110a633-8355-4338-9915-0cd0e4a47085: Timeout
info: Onion.CleanArchitecture.WebApp.Server.Services.MicroserviceLauncherHostedService[0]
      [NotificationService] info: Microsoft.EntityFrameworkCore.Database.Command[20101]
info: Onion.CleanArchitecture.WebApp.Server.Services.MicroserviceLauncherHostedService[0]
      [NotificationService]       Executed DbCommand (1ms) [Parameters=[@p0='?' (DbType = DateTime), @p1='?', @p2='?' (DbType = Boolean), @p3='?' (DbType = DateTime), @p4='?', @p5='?', @p6='?' (DbType = Guid), @p7='?' (DbType = Guid), @p8='?' (DbType = DateTime), @p9='?' (DbType = Guid), @p10='?', @p11='?'], CommandType='Text', CommandTimeout='30']
info: Onion.CleanArchitecture.WebApp.Server.Services.MicroserviceLauncherHostedService[0]
      [NotificationService]       INSERT INTO "Notifications" ("CreatedAt", "CreatedBy", "IsRead", "LastModifiedAt", "LastModifiedBy", "Message", "NotifyId", "OrderId", "SendAt", "TargetUserId", "Title", "Type")
info: Onion.CleanArchitecture.WebApp.Server.Services.MicroserviceLauncherHostedService[0]
      [NotificationService]       VALUES (@p0, @p1, @p2, @p3, @p4, @p5, @p6, @p7, @p8, @p9, @p10, @p11)
info: Onion.CleanArchitecture.WebApp.Server.Services.MicroserviceLauncherHostedService[0]
      [NotificationService]       RETURNING "Id";
info: Microsoft.EntityFrameworkCore.Database.Command[20101]
      Executed DbCommand (1ms) [Parameters=[], CommandType='Text', CommandTimeout='30']
      SELECT count(*)::int
      FROM "Orders" AS o
info: Microsoft.EntityFrameworkCore.Database.Command[20101]
      Executed DbCommand (1ms) [Parameters=[@p1='?' (DbType = Int32), @p='?' (DbType = Int32)], CommandType='Text', CommandTimeout='30']
      SELECT o."Id", o."CompletedAt", o."CreatedAt", o."CreatedBy", o."CustomerId", o."IsReserved", o."LastModifiedAt", o."LastModifiedBy", o."Note", o."OrderCode", o."OrderId", o."RejectedAt", o."ShippingAddress", o."Status", o."TotalAmount", o."UpdatedAt"
      FROM "Orders" AS o
      ORDER BY o."CreatedAt" DESC
      LIMIT @p1 OFFSET @p
info: Onion.CleanArchitecture.WebApp.Server.Services.MicroserviceLauncherHostedService[0]
      [OrderAcceptService] info: Microsoft.EntityFrameworkCore.Database.Command[20101]
info: Onion.CleanArchitecture.WebApp.Server.Services.MicroserviceLauncherHostedService[0]
      [OrderAcceptService]       Executed DbCommand (1ms) [Parameters=[@now='?' (DbType = DateTime)], CommandType='Text', CommandTimeout='30']
info: Onion.CleanArchitecture.WebApp.Server.Services.MicroserviceLauncherHostedService[0]
      [OrderAcceptService]       SELECT o."Id", o."CreatedAt", o."CreatedBy", o."LastModifiedAt", o."LastModifiedBy", o."OrderId", o."Status", o."Timeout", o."TimerId", o."TimerStatus"
info: Onion.CleanArchitecture.WebApp.Server.Services.MicroserviceLauncherHostedService[0]
      [OrderAcceptService]       FROM "OrderTimers" AS o
info: Onion.CleanArchitecture.WebApp.Server.Services.MicroserviceLauncherHostedService[0]
      [OrderAcceptService]       WHERE o."TimerStatus" = 1 AND o."Timeout" <= @now
info: Onion.CleanArchitecture.WebApp.Server.Services.MicroserviceLauncherHostedService[0]
      [OrderAcceptService] info: Microsoft.EntityFrameworkCore.Database.Command[20101]
info: Onion.CleanArchitecture.WebApp.Server.Services.MicroserviceLauncherHostedService[0]
      [OrderAcceptService]       Executed DbCommand (1ms) [Parameters=[@now='?' (DbType = DateTime)], CommandType='Text', CommandTimeout='30']
info: Onion.CleanArchitecture.WebApp.Server.Services.MicroserviceLauncherHostedService[0]
      [OrderAcceptService]       SELECT o."Id", o."CreatedAt", o."CreatedBy", o."LastModifiedAt", o."LastModifiedBy", o."OrderId", o."Status", o."Timeout", o."TimerId", o."TimerStatus"
info: Onion.CleanArchitecture.WebApp.Server.Services.MicroserviceLauncherHostedService[0]
      [OrderAcceptService]       FROM "OrderTimers" AS o
info: Onion.CleanArchitecture.WebApp.Server.Services.MicroserviceLauncherHostedService[0]
      [OrderAcceptService]       WHERE o."TimerStatus" = 1 AND o."Timeout" <= @now
info: Onion.CleanArchitecture.WebApp.Server.Services.MicroserviceLauncherHostedService[0]
      [OrderAcceptService] info: Microsoft.EntityFrameworkCore.Database.Command[20101]
info: Onion.CleanArchitecture.WebApp.Server.Services.MicroserviceLauncherHostedService[0]
      [OrderAcceptService]       Executed DbCommand (3ms) [Parameters=[@now='?' (DbType = DateTime)], CommandType='Text', CommandTimeout='30']
info: Onion.CleanArchitecture.WebApp.Server.Services.MicroserviceLauncherHostedService[0]
      [OrderAcceptService]       SELECT o."Id", o."CreatedAt", o."CreatedBy", o."LastModifiedAt", o."LastModifiedBy", o."OrderId", o."Status", o."Timeout", o."TimerId", o."TimerStatus"
info: Onion.CleanArchitecture.WebApp.Server.Services.MicroserviceLauncherHostedService[0]
      [OrderAcceptService]       FROM "OrderTimers" AS o
info: Onion.CleanArchitecture.WebApp.Server.Services.MicroserviceLauncherHostedService[0]
      [OrderAcceptService]       WHERE o."TimerStatus" = 1 AND o."Timeout" <= @now
info: Onion.CleanArchitecture.WebApp.Server.Services.MicroserviceLauncherHostedService[0]
      [OrderAcceptService] info: Microsoft.EntityFrameworkCore.Database.Command[20101]
info: Onion.CleanArchitecture.WebApp.Server.Services.MicroserviceLauncherHostedService[0]
      [OrderAcceptService]       Executed DbCommand (1ms) [Parameters=[@now='?' (DbType = DateTime)], CommandType='Text', CommandTimeout='30']
info: Onion.CleanArchitecture.WebApp.Server.Services.MicroserviceLauncherHostedService[0]
      [OrderAcceptService]       SELECT o."Id", o."CreatedAt", o."CreatedBy", o."LastModifiedAt", o."LastModifiedBy", o."OrderId", o."Status", o."Timeout", o."TimerId", o."TimerStatus"
info: Onion.CleanArchitecture.WebApp.Server.Services.MicroserviceLauncherHostedService[0]
      [OrderAcceptService]       FROM "OrderTimers" AS o
info: Onion.CleanArchitecture.WebApp.Server.Services.MicroserviceLauncherHostedService[0]
      [OrderAcceptService]       WHERE o."TimerStatus" = 1 AND o."Timeout" <= @now
info: Onion.CleanArchitecture.WebApp.Server.Services.MicroserviceLauncherHostedService[0]
      [OrderAcceptService] info: Microsoft.EntityFrameworkCore.Database.Command[20101]
info: Onion.CleanArchitecture.WebApp.Server.Services.MicroserviceLauncherHostedService[0]
      [OrderAcceptService]       Executed DbCommand (1ms) [Parameters=[@now='?' (DbType = DateTime)], CommandType='Text', CommandTimeout='30']
info: Onion.CleanArchitecture.WebApp.Server.Services.MicroserviceLauncherHostedService[0]
      [OrderAcceptService]       SELECT o."Id", o."CreatedAt", o."CreatedBy", o."LastModifiedAt", o."LastModifiedBy", o."OrderId", o."Status", o."Timeout", o."TimerId", o."TimerStatus"
info: Onion.CleanArchitecture.WebApp.Server.Services.MicroserviceLauncherHostedService[0]
      [OrderAcceptService]       FROM "OrderTimers" AS o
info: Onion.CleanArchitecture.WebApp.Server.Services.MicroserviceLauncherHostedService[0]
      [OrderAcceptService]       WHERE o."TimerStatus" = 1 AND o."Timeout" <= @now
info: Onion.CleanArchitecture.WebApp.Server.Services.MicroserviceLauncherHostedService[0]
      [OrderAcceptService] info: Microsoft.EntityFrameworkCore.Database.Command[20101]
info: Onion.CleanArchitecture.WebApp.Server.Services.MicroserviceLauncherHostedService[0]
      [OrderAcceptService]       Executed DbCommand (1ms) [Parameters=[@now='?' (DbType = DateTime)], CommandType='Text', CommandTimeout='30']
info: Onion.CleanArchitecture.WebApp.Server.Services.MicroserviceLauncherHostedService[0]
      [OrderAcceptService]       SELECT o."Id", o."CreatedAt", o."CreatedBy", o."LastModifiedAt", o."LastModifiedBy", o."OrderId", o."Status", o."Timeout", o."TimerId", o."TimerStatus"
info: Onion.CleanArchitecture.WebApp.Server.Services.MicroserviceLauncherHostedService[0]
      [OrderAcceptService]       FROM "OrderTimers" AS o
info: Onion.CleanArchitecture.WebApp.Server.Services.MicroserviceLauncherHostedService[0]
      [OrderAcceptService]       WHERE o."TimerStatus" = 1 AND o."Timeout" <= @now
info: Onion.CleanArchitecture.WebApp.Server.Services.MicroserviceLauncherHostedService[0]
      [OrderAcceptService] info: Microsoft.EntityFrameworkCore.Database.Command[20101]
info: Onion.CleanArchitecture.WebApp.Server.Services.MicroserviceLauncherHostedService[0]
      [OrderAcceptService]       Executed DbCommand (1ms) [Parameters=[@now='?' (DbType = DateTime)], CommandType='Text', CommandTimeout='30']
info: Onion.CleanArchitecture.WebApp.Server.Services.MicroserviceLauncherHostedService[0]
      [OrderAcceptService]       SELECT o."Id", o."CreatedAt", o."CreatedBy", o."LastModifiedAt", o."LastModifiedBy", o."OrderId", o."Status", o."Timeout", o."TimerId", o."TimerStatus"
info: Onion.CleanArchitecture.WebApp.Server.Services.MicroserviceLauncherHostedService[0]
      [OrderAcceptService]       FROM "OrderTimers" AS o
info: Onion.CleanArchitecture.WebApp.Server.Services.MicroserviceLauncherHostedService[0]
      [OrderAcceptService]       WHERE o."TimerStatus" = 1 AND o."Timeout" <= @now
info: Onion.CleanArchitecture.WebApp.Server.Services.MicroserviceLauncherHostedService[0]
      [OrderAcceptService] info: Microsoft.EntityFrameworkCore.Database.Command[20101]
info: Onion.CleanArchitecture.WebApp.Server.Services.MicroserviceLauncherHostedService[0]
      [OrderAcceptService]       Executed DbCommand (1ms) [Parameters=[@now='?' (DbType = DateTime)], CommandType='Text', CommandTimeout='30']
info: Onion.CleanArchitecture.WebApp.Server.Services.MicroserviceLauncherHostedService[0]
      [OrderAcceptService]       SELECT o."Id", o."CreatedAt", o."CreatedBy", o."LastModifiedAt", o."LastModifiedBy", o."OrderId", o."Status", o."Timeout", o."TimerId", o."TimerStatus"
info: Onion.CleanArchitecture.WebApp.Server.Services.MicroserviceLauncherHostedService[0]
      [OrderAcceptService]       FROM "OrderTimers" AS o
info: Onion.CleanArchitecture.WebApp.Server.Services.MicroserviceLauncherHostedService[0]
      [OrderAcceptService]       WHERE o."TimerStatus" = 1 AND o."Timeout" <= @now
info: Onion.CleanArchitecture.WebApp.Server.Services.MicroserviceLauncherHostedService[0]
      [OrderAcceptService] info: Microsoft.EntityFrameworkCore.Database.Command[20101]
info: Onion.CleanArchitecture.WebApp.Server.Services.MicroserviceLauncherHostedService[0]
      [OrderAcceptService]       Executed DbCommand (1ms) [Parameters=[@now='?' (DbType = DateTime)], CommandType='Text', CommandTimeout='30']
info: Onion.CleanArchitecture.WebApp.Server.Services.MicroserviceLauncherHostedService[0]
      [OrderAcceptService]       SELECT o."Id", o."CreatedAt", o."CreatedBy", o."LastModifiedAt", o."LastModifiedBy", o."OrderId", o."Status", o."Timeout", o."TimerId", o."TimerStatus"
info: Onion.CleanArchitecture.WebApp.Server.Services.MicroserviceLauncherHostedService[0]
      [OrderAcceptService]       FROM "OrderTimers" AS o
info: Onion.CleanArchitecture.WebApp.Server.Services.MicroserviceLauncherHostedService[0]
      [OrderAcceptService]       WHERE o."TimerStatus" = 1 AND o."Timeout" <= @now
info: Onion.CleanArchitecture.WebApp.Server.Services.MicroserviceLauncherHostedService[0]
      [OrderAcceptService] info: Microsoft.EntityFrameworkCore.Database.Command[20101]
info: Onion.CleanArchitecture.WebApp.Server.Services.MicroserviceLauncherHostedService[0]
      [OrderAcceptService]       Executed DbCommand (1ms) [Parameters=[@now='?' (DbType = DateTime)], CommandType='Text', CommandTimeout='30']
info: Onion.CleanArchitecture.WebApp.Server.Services.MicroserviceLauncherHostedService[0]
      [OrderAcceptService]       SELECT o."Id", o."CreatedAt", o."CreatedBy", o."LastModifiedAt", o."LastModifiedBy", o."OrderId", o."Status", o."Timeout", o."TimerId", o."TimerStatus"
info: Onion.CleanArchitecture.WebApp.Server.Services.MicroserviceLauncherHostedService[0]
      [OrderAcceptService]       FROM "OrderTimers" AS o
info: Onion.CleanArchitecture.WebApp.Server.Services.MicroserviceLauncherHostedService[0]
      [OrderAcceptService]       WHERE o."TimerStatus" = 1 AND o."Timeout" <= @now
info: Onion.CleanArchitecture.WebApp.Server.Services.MicroserviceLauncherHostedService[0]
      [OrderAcceptService] info: Microsoft.EntityFrameworkCore.Database.Command[20101]
info: Onion.CleanArchitecture.WebApp.Server.Services.MicroserviceLauncherHostedService[0]
      [OrderAcceptService]       Executed DbCommand (1ms) [Parameters=[@now='?' (DbType = DateTime)], CommandType='Text', CommandTimeout='30']
info: Onion.CleanArchitecture.WebApp.Server.Services.MicroserviceLauncherHostedService[0]
      [OrderAcceptService]       SELECT o."Id", o."CreatedAt", o."CreatedBy", o."LastModifiedAt", o."LastModifiedBy", o."OrderId", o."Status", o."Timeout", o."TimerId", o."TimerStatus"
info: Onion.CleanArchitecture.WebApp.Server.Services.MicroserviceLauncherHostedService[0]
      [OrderAcceptService]       FROM "OrderTimers" AS o
info: Onion.CleanArchitecture.WebApp.Server.Services.MicroserviceLauncherHostedService[0]
      [OrderAcceptService]       WHERE o."TimerStatus" = 1 AND o."Timeout" <= @now
info: Onion.CleanArchitecture.WebApp.Server.Services.MicroserviceLauncherHostedService[0]
      [OrderAcceptService] info: Microsoft.EntityFrameworkCore.Database.Command[20101]
info: Onion.CleanArchitecture.WebApp.Server.Services.MicroserviceLauncherHostedService[0]
      [OrderAcceptService]       Executed DbCommand (1ms) [Parameters=[@now='?' (DbType = DateTime)], CommandType='Text', CommandTimeout='30']
info: Onion.CleanArchitecture.WebApp.Server.Services.MicroserviceLauncherHostedService[0]
      [OrderAcceptService]       SELECT o."Id", o."CreatedAt", o."CreatedBy", o."LastModifiedAt", o."LastModifiedBy", o."OrderId", o."Status", o."Timeout", o."TimerId", o."TimerStatus"
info: Onion.CleanArchitecture.WebApp.Server.Services.MicroserviceLauncherHostedService[0]
      [OrderAcceptService]       FROM "OrderTimers" AS o
info: Onion.CleanArchitecture.WebApp.Server.Services.MicroserviceLauncherHostedService[0]
      [OrderAcceptService]       WHERE o."TimerStatus" = 1 AND o."Timeout" <= @now
info: Onion.CleanArchitecture.WebApp.Server.Services.MicroserviceLauncherHostedService[0]
      [OrderAcceptService] info: Microsoft.EntityFrameworkCore.Database.Command[20101]
info: Onion.CleanArchitecture.WebApp.Server.Services.MicroserviceLauncherHostedService[0]
      [OrderAcceptService]       Executed DbCommand (1ms) [Parameters=[@now='?' (DbType = DateTime)], CommandType='Text', CommandTimeout='30']
info: Onion.CleanArchitecture.WebApp.Server.Services.MicroserviceLauncherHostedService[0]
      [OrderAcceptService]       SELECT o."Id", o."CreatedAt", o."CreatedBy", o."LastModifiedAt", o."LastModifiedBy", o."OrderId", o."Status", o."Timeout", o."TimerId", o."TimerStatus"
info: Onion.CleanArchitecture.WebApp.Server.Services.MicroserviceLauncherHostedService[0]
      [OrderAcceptService]       FROM "OrderTimers" AS o
info: Onion.CleanArchitecture.WebApp.Server.Services.MicroserviceLauncherHostedService[0]
      [OrderAcceptService]       WHERE o."TimerStatus" = 1 AND o."Timeout" <= @now
info: Onion.CleanArchitecture.WebApp.Server.Services.MicroserviceLauncherHostedService[0]
      [OrderAcceptService] info: Microsoft.EntityFrameworkCore.Database.Command[20101]
info: Onion.CleanArchitecture.WebApp.Server.Services.MicroserviceLauncherHostedService[0]
      [OrderAcceptService]       Executed DbCommand (5ms) [Parameters=[@now='?' (DbType = DateTime)], CommandType='Text', CommandTimeout='30']
info: Onion.CleanArchitecture.WebApp.Server.Services.MicroserviceLauncherHostedService[0]
      [OrderAcceptService]       SELECT o."Id", o."CreatedAt", o."CreatedBy", o."LastModifiedAt", o."LastModifiedBy", o."OrderId", o."Status", o."Timeout", o."TimerId", o."TimerStatus"
info: Onion.CleanArchitecture.WebApp.Server.Services.MicroserviceLauncherHostedService[0]
      [OrderAcceptService]       FROM "OrderTimers" AS o
info: Onion.CleanArchitecture.WebApp.Server.Services.MicroserviceLauncherHostedService[0]
      [OrderAcceptService]       WHERE o."TimerStatus" = 1 AND o."Timeout" <= @now
info: Onion.CleanArchitecture.WebApp.Server.Services.MicroserviceLauncherHostedService[0]
      [OrderAcceptService] info: Microsoft.EntityFrameworkCore.Database.Command[20101]
info: Onion.CleanArchitecture.WebApp.Server.Services.MicroserviceLauncherHostedService[0]
      [OrderAcceptService]       Executed DbCommand (1ms) [Parameters=[@now='?' (DbType = DateTime)], CommandType='Text', CommandTimeout='30']
info: Onion.CleanArchitecture.WebApp.Server.Services.MicroserviceLauncherHostedService[0]
      [OrderAcceptService]       SELECT o."Id", o."CreatedAt", o."CreatedBy", o."LastModifiedAt", o."LastModifiedBy", o."OrderId", o."Status", o."Timeout", o."TimerId", o."TimerStatus"
info: Onion.CleanArchitecture.WebApp.Server.Services.MicroserviceLauncherHostedService[0]
      [OrderAcceptService]       FROM "OrderTimers" AS o
info: Onion.CleanArchitecture.WebApp.Server.Services.MicroserviceLauncherHostedService[0]
      [OrderAcceptService]       WHERE o."TimerStatus" = 1 AND o."Timeout" <= @now
info: Onion.CleanArchitecture.WebApp.Server.Services.MicroserviceLauncherHostedService[0]
      [OrderAcceptService] info: Microsoft.EntityFrameworkCore.Database.Command[20101]
info: Onion.CleanArchitecture.WebApp.Server.Services.MicroserviceLauncherHostedService[0]
      [OrderAcceptService]       Executed DbCommand (2ms) [Parameters=[@now='?' (DbType = DateTime)], CommandType='Text', CommandTimeout='30']
info: Onion.CleanArchitecture.WebApp.Server.Services.MicroserviceLauncherHostedService[0]
      [OrderAcceptService]       SELECT o."Id", o."CreatedAt", o."CreatedBy", o."LastModifiedAt", o."LastModifiedBy", o."OrderId", o."Status", o."Timeout", o."TimerId", o."TimerStatus"
info: Onion.CleanArchitecture.WebApp.Server.Services.MicroserviceLauncherHostedService[0]
      [OrderAcceptService]       FROM "OrderTimers" AS o
info: Onion.CleanArchitecture.WebApp.Server.Services.MicroserviceLauncherHostedService[0]
      [OrderAcceptService]       WHERE o."TimerStatus" = 1 AND o."Timeout" <= @now
info: Microsoft.EntityFrameworkCore.Database.Command[20101]
      Executed DbCommand (11ms) [Parameters=[], CommandType='Text', CommandTimeout='30']
      SELECT count(*)::int
      FROM "Orders" AS o
info: Microsoft.EntityFrameworkCore.Database.Command[20101]
      Executed DbCommand (4ms) [Parameters=[@p1='?' (DbType = Int32), @p='?' (DbType = Int32)], CommandType='Text', CommandTimeout='30']
      SELECT o."Id", o."CompletedAt", o."CreatedAt", o."CreatedBy", o."CustomerId", o."IsReserved", o."LastModifiedAt", o."LastModifiedBy", o."Note", o."OrderCode", o."OrderId", o."RejectedAt", o."ShippingAddress", o."Status", o."TotalAmount", o."UpdatedAt"
      FROM "Orders" AS o
      ORDER BY o."CreatedAt" DESC
      LIMIT @p1 OFFSET @p
info: Onion.CleanArchitecture.WebApp.Server.Services.MicroserviceLauncherHostedService[0]
      [OrderAcceptService] info: Microsoft.EntityFrameworkCore.Database.Command[20101]
info: Onion.CleanArchitecture.WebApp.Server.Services.MicroserviceLauncherHostedService[0]
      [OrderAcceptService]       Executed DbCommand (1ms) [Parameters=[@now='?' (DbType = DateTime)], CommandType='Text', CommandTimeout='30']
info: Onion.CleanArchitecture.WebApp.Server.Services.MicroserviceLauncherHostedService[0]
      [OrderAcceptService]       SELECT o."Id", o."CreatedAt", o."CreatedBy", o."LastModifiedAt", o."LastModifiedBy", o."OrderId", o."Status", o."Timeout", o."TimerId", o."TimerStatus"
info: Onion.CleanArchitecture.WebApp.Server.Services.MicroserviceLauncherHostedService[0]
      [OrderAcceptService]       FROM "OrderTimers" AS o
info: Onion.CleanArchitecture.WebApp.Server.Services.MicroserviceLauncherHostedService[0]
      [OrderAcceptService]       WHERE o."TimerStatus" = 1 AND o."Timeout" <= @now
info: Microsoft.EntityFrameworkCore.Database.Command[20101]
      Executed DbCommand (1ms) [Parameters=[], CommandType='Text', CommandTimeout='30']
      SELECT count(*)::int
      FROM "Orders" AS o
info: Microsoft.EntityFrameworkCore.Database.Command[20101]
      Executed DbCommand (1ms) [Parameters=[@p1='?' (DbType = Int32), @p='?' (DbType = Int32)], CommandType='Text', CommandTimeout='30']
      SELECT o."Id", o."CompletedAt", o."CreatedAt", o."CreatedBy", o."CustomerId", o."IsReserved", o."LastModifiedAt", o."LastModifiedBy", o."Note", o."OrderCode", o."OrderId", o."RejectedAt", o."ShippingAddress", o."Status", o."TotalAmount", o."UpdatedAt"
      FROM "Orders" AS o
      ORDER BY o."CreatedAt" DESC
      LIMIT @p1 OFFSET @p
info: Microsoft.EntityFrameworkCore.Database.Command[20101]
      Executed DbCommand (6ms) [Parameters=[], CommandType='Text', CommandTimeout='30']
      SELECT count(*)::int
      FROM "Product" AS p
info: Microsoft.EntityFrameworkCore.Database.Command[20101]
      Executed DbCommand (1ms) [Parameters=[@p1='?' (DbType = Int32), @p='?' (DbType = Int32)], CommandType='Text', CommandTimeout='30']
      SELECT p."Id", p."Code", p."CreatedAt", p."CreatedBy", p."Description", p."IsActive", p."LastModifiedAt", p."LastModifiedBy", p."Name", p."Price", p."ProductId", p."Rate", p."SLTKho"
      FROM "Product" AS p
      ORDER BY p."Id"
      LIMIT @p1 OFFSET @p
info: Microsoft.EntityFrameworkCore.Database.Command[20101]
      Executed DbCommand (8ms) [Parameters=[@normalizedEmail='?'], CommandType='Text', CommandTimeout='30']
      SELECT u."Id", u."AccessFailedCount", u."ConcurrencyStamp", u."Email", u."EmailConfirmed", u."FirstName", u."LastName", u."LockoutEnabled", u."LockoutEnd", u."NormalizedEmail", u."NormalizedUserName", u."PasswordHash", u."PhoneNumber", u."PhoneNumberConfirmed", u."SecurityStamp", u."TwoFactorEnabled", u."UserName"
      FROM "Identity"."User" AS u
      WHERE u."NormalizedEmail" = @normalizedEmail
      LIMIT 2
info: Microsoft.EntityFrameworkCore.Database.Command[20101]
      Executed DbCommand (2ms) [Parameters=[@normalizedUserName='?'], CommandType='Text', CommandTimeout='30']
      SELECT u."Id", u."AccessFailedCount", u."ConcurrencyStamp", u."Email", u."EmailConfirmed", u."FirstName", u."LastName", u."LockoutEnabled", u."LockoutEnd", u."NormalizedEmail", u."NormalizedUserName", u."PasswordHash", u."PhoneNumber", u."PhoneNumberConfirmed", u."SecurityStamp", u."TwoFactorEnabled", u."UserName"
      FROM "Identity"."User" AS u
      WHERE u."NormalizedUserName" = @normalizedUserName
      LIMIT 1
info: Microsoft.EntityFrameworkCore.Database.Command[20101]
      Executed DbCommand (5ms) [Parameters=[@user_Id='?'], CommandType='Text', CommandTimeout='30']
      SELECT u."Id", u."ClaimType", u."ClaimValue", u."UserId"
      FROM "Identity"."UserClaims" AS u
      WHERE u."UserId" = @user_Id
info: Microsoft.EntityFrameworkCore.Database.Command[20101]
      Executed DbCommand (15ms) [Parameters=[@userId='?'], CommandType='Text', CommandTimeout='30']
      SELECT r."Name"
      FROM "Identity"."UserRoles" AS u
      INNER JOIN "Identity"."Role" AS r ON u."RoleId" = r."Id"
      WHERE u."UserId" = @userId
info: Microsoft.EntityFrameworkCore.Database.Command[20101]
      Executed DbCommand (1ms) [Parameters=[@normalizedName='?'], CommandType='Text', CommandTimeout='30']
      SELECT r."Id", r."ConcurrencyStamp", r."Name", r."NormalizedName"
      FROM "Identity"."Role" AS r
      WHERE r."NormalizedName" = @normalizedName
      LIMIT 1
info: Microsoft.EntityFrameworkCore.Database.Command[20101]
      Executed DbCommand (14ms) [Parameters=[@role_Id='?'], CommandType='Text', CommandTimeout='30']
      SELECT r."ClaimType", r."ClaimValue"
      FROM "Identity"."RoleClaims" AS r
      WHERE r."RoleId" = @role_Id
info: Microsoft.EntityFrameworkCore.Database.Command[20101]
      Executed DbCommand (1ms) [Parameters=[@user_Id='?'], CommandType='Text', CommandTimeout='30']
      SELECT u."Id", u."ClaimType", u."ClaimValue", u."UserId"
      FROM "Identity"."UserClaims" AS u
      WHERE u."UserId" = @user_Id
info: Microsoft.EntityFrameworkCore.Database.Command[20101]
      Executed DbCommand (1ms) [Parameters=[@userId='?'], CommandType='Text', CommandTimeout='30']
      SELECT r."Name"
      FROM "Identity"."UserRoles" AS u
      INNER JOIN "Identity"."Role" AS r ON u."RoleId" = r."Id"
      WHERE u."UserId" = @userId
info: Microsoft.EntityFrameworkCore.Database.Command[20101]
      Executed DbCommand (1ms) [Parameters=[@normalizedName='?'], CommandType='Text', CommandTimeout='30']
      SELECT r."Id", r."ConcurrencyStamp", r."Name", r."NormalizedName"
      FROM "Identity"."Role" AS r
      WHERE r."NormalizedName" = @normalizedName
      LIMIT 1
info: Microsoft.EntityFrameworkCore.Database.Command[20101]
      Executed DbCommand (3ms) [Parameters=[@role_Id='?'], CommandType='Text', CommandTimeout='30']
      SELECT r."Id", r."ClaimType", r."ClaimValue", r."RoleId"
      FROM "Identity"."RoleClaims" AS r
      WHERE r."RoleId" = @role_Id
info: Microsoft.EntityFrameworkCore.Database.Command[20101]
      Executed DbCommand (1ms) [Parameters=[@userId='?'], CommandType='Text', CommandTimeout='30']
      SELECT r."Name"
      FROM "Identity"."UserRoles" AS u
      INNER JOIN "Identity"."Role" AS r ON u."RoleId" = r."Id"
      WHERE u."UserId" = @userId
info: Microsoft.EntityFrameworkCore.Database.Command[20101]
      Executed DbCommand (1ms) [Parameters=[], CommandType='Text', CommandTimeout='30']
      SELECT count(*)::int
      FROM "Product" AS p
info: Microsoft.EntityFrameworkCore.Database.Command[20101]
      Executed DbCommand (1ms) [Parameters=[@p1='?' (DbType = Int32), @p='?' (DbType = Int32)], CommandType='Text', CommandTimeout='30']
      SELECT p."Id", p."Code", p."CreatedAt", p."CreatedBy", p."Description", p."IsActive", p."LastModifiedAt", p."LastModifiedBy", p."Name", p."Price", p."ProductId", p."Rate", p."SLTKho"
      FROM "Product" AS p
      ORDER BY p."Id"
      LIMIT @p1 OFFSET @p
info: Onion.CleanArchitecture.WebApp.Server.Services.MicroserviceLauncherHostedService[0]
      [OrderAcceptService] info: Microsoft.EntityFrameworkCore.Database.Command[20101]
info: Onion.CleanArchitecture.WebApp.Server.Services.MicroserviceLauncherHostedService[0]
      [OrderAcceptService]       Executed DbCommand (1ms) [Parameters=[@now='?' (DbType = DateTime)], CommandType='Text', CommandTimeout='30']
info: Onion.CleanArchitecture.WebApp.Server.Services.MicroserviceLauncherHostedService[0]
      [OrderAcceptService]       SELECT o."Id", o."CreatedAt", o."CreatedBy", o."LastModifiedAt", o."LastModifiedBy", o."OrderId", o."Status", o."Timeout", o."TimerId", o."TimerStatus"
info: Onion.CleanArchitecture.WebApp.Server.Services.MicroserviceLauncherHostedService[0]
      [OrderAcceptService]       FROM "OrderTimers" AS o
info: Onion.CleanArchitecture.WebApp.Server.Services.MicroserviceLauncherHostedService[0]
      [OrderAcceptService]       WHERE o."TimerStatus" = 1 AND o."Timeout" <= @now
info: Microsoft.EntityFrameworkCore.Database.Command[20101]
      Executed DbCommand (1ms) [Parameters=[], CommandType='Text', CommandTimeout='30']
      SELECT count(*)::int
      FROM "Product" AS p
info: Microsoft.EntityFrameworkCore.Database.Command[20101]
      Executed DbCommand (1ms) [Parameters=[@p1='?' (DbType = Int32), @p='?' (DbType = Int32)], CommandType='Text', CommandTimeout='30']
      SELECT p."Id", p."Code", p."CreatedAt", p."CreatedBy", p."Description", p."IsActive", p."LastModifiedAt", p."LastModifiedBy", p."Name", p."Price", p."ProductId", p."Rate", p."SLTKho"
      FROM "Product" AS p
      ORDER BY p."Id"
      LIMIT @p1 OFFSET @p
info: Onion.CleanArchitecture.WebApp.Server.Services.MicroserviceLauncherHostedService[0]
      [OrderAcceptService] info: Microsoft.EntityFrameworkCore.Database.Command[20101]
info: Onion.CleanArchitecture.WebApp.Server.Services.MicroserviceLauncherHostedService[0]
      [OrderAcceptService]       Executed DbCommand (1ms) [Parameters=[@now='?' (DbType = DateTime)], CommandType='Text', CommandTimeout='30']
info: Onion.CleanArchitecture.WebApp.Server.Services.MicroserviceLauncherHostedService[0]
      [OrderAcceptService]       SELECT o."Id", o."CreatedAt", o."CreatedBy", o."LastModifiedAt", o."LastModifiedBy", o."OrderId", o."Status", o."Timeout", o."TimerId", o."TimerStatus"
info: Onion.CleanArchitecture.WebApp.Server.Services.MicroserviceLauncherHostedService[0]
      [OrderAcceptService]       FROM "OrderTimers" AS o
info: Onion.CleanArchitecture.WebApp.Server.Services.MicroserviceLauncherHostedService[0]
      [OrderAcceptService]       WHERE o."TimerStatus" = 1 AND o."Timeout" <= @now
info: Onion.CleanArchitecture.WebApp.Server.Services.MicroserviceLauncherHostedService[0]
      [OrderAcceptService] info: Microsoft.EntityFrameworkCore.Database.Command[20101]
info: Onion.CleanArchitecture.WebApp.Server.Services.MicroserviceLauncherHostedService[0]
      [OrderAcceptService]       Executed DbCommand (1ms) [Parameters=[@now='?' (DbType = DateTime)], CommandType='Text', CommandTimeout='30']
info: Onion.CleanArchitecture.WebApp.Server.Services.MicroserviceLauncherHostedService[0]
      [OrderAcceptService]       SELECT o."Id", o."CreatedAt", o."CreatedBy", o."LastModifiedAt", o."LastModifiedBy", o."OrderId", o."Status", o."Timeout", o."TimerId", o."TimerStatus"
info: Onion.CleanArchitecture.WebApp.Server.Services.MicroserviceLauncherHostedService[0]
      [OrderAcceptService]       FROM "OrderTimers" AS o
info: Onion.CleanArchitecture.WebApp.Server.Services.MicroserviceLauncherHostedService[0]
      [OrderAcceptService]       WHERE o."TimerStatus" = 1 AND o."Timeout" <= @now
info: Onion.CleanArchitecture.WebApp.Server.Services.MicroserviceLauncherHostedService[0]
      [OrderAcceptService] info: Microsoft.EntityFrameworkCore.Database.Command[20101]
info: Onion.CleanArchitecture.WebApp.Server.Services.MicroserviceLauncherHostedService[0]
      [OrderAcceptService]       Executed DbCommand (1ms) [Parameters=[@now='?' (DbType = DateTime)], CommandType='Text', CommandTimeout='30']
info: Onion.CleanArchitecture.WebApp.Server.Services.MicroserviceLauncherHostedService[0]
      [OrderAcceptService]       SELECT o."Id", o."CreatedAt", o."CreatedBy", o."LastModifiedAt", o."LastModifiedBy", o."OrderId", o."Status", o."Timeout", o."TimerId", o."TimerStatus"
info: Onion.CleanArchitecture.WebApp.Server.Services.MicroserviceLauncherHostedService[0]
      [OrderAcceptService]       FROM "OrderTimers" AS o
info: Onion.CleanArchitecture.WebApp.Server.Services.MicroserviceLauncherHostedService[0]
      [OrderAcceptService]       WHERE o."TimerStatus" = 1 AND o."Timeout" <= @now
info: Microsoft.EntityFrameworkCore.Database.Command[20101]
      Executed DbCommand (6ms) [Parameters=[], CommandType='Text', CommandTimeout='30']
      SELECT count(*)::int
      FROM "Product" AS p
info: Microsoft.EntityFrameworkCore.Database.Command[20101]
      Executed DbCommand (2ms) [Parameters=[@p1='?' (DbType = Int32), @p='?' (DbType = Int32)], CommandType='Text', CommandTimeout='30']
      SELECT p."Id", p."Code", p."CreatedAt", p."CreatedBy", p."Description", p."IsActive", p."LastModifiedAt", p."LastModifiedBy", p."Name", p."Price", p."ProductId", p."Rate", p."SLTKho"
      FROM "Product" AS p
      ORDER BY p."Id"
      LIMIT @p1 OFFSET @p
info: Microsoft.EntityFrameworkCore.Database.Command[20101]
      Executed DbCommand (7ms) [Parameters=[], CommandType='Text', CommandTimeout='30']
      SELECT count(*)::int
      FROM "Orders" AS o
info: Microsoft.EntityFrameworkCore.Database.Command[20101]
      Executed DbCommand (3ms) [Parameters=[@p1='?' (DbType = Int32), @p='?' (DbType = Int32)], CommandType='Text', CommandTimeout='30']
      SELECT o."Id", o."CompletedAt", o."CreatedAt", o."CreatedBy", o."CustomerId", o."IsReserved", o."LastModifiedAt", o."LastModifiedBy", o."Note", o."OrderCode", o."OrderId", o."RejectedAt", o."ShippingAddress", o."Status", o."TotalAmount", o."UpdatedAt"
      FROM "Orders" AS o
      ORDER BY o."CreatedAt" DESC
      LIMIT @p1 OFFSET @p
info: Onion.CleanArchitecture.WebApp.Server.Services.MicroserviceLauncherHostedService[0]
      [OrderAcceptService] info: Microsoft.EntityFrameworkCore.Database.Command[20101]
info: Onion.CleanArchitecture.WebApp.Server.Services.MicroserviceLauncherHostedService[0]
      [OrderAcceptService]       Executed DbCommand (1ms) [Parameters=[@now='?' (DbType = DateTime)], CommandType='Text', CommandTimeout='30']
info: Onion.CleanArchitecture.WebApp.Server.Services.MicroserviceLauncherHostedService[0]
      [OrderAcceptService]       SELECT o."Id", o."CreatedAt", o."CreatedBy", o."LastModifiedAt", o."LastModifiedBy", o."OrderId", o."Status", o."Timeout", o."TimerId", o."TimerStatus"
info: Onion.CleanArchitecture.WebApp.Server.Services.MicroserviceLauncherHostedService[0]
      [OrderAcceptService]       FROM "OrderTimers" AS o
info: Onion.CleanArchitecture.WebApp.Server.Services.MicroserviceLauncherHostedService[0]
      [OrderAcceptService]       WHERE o."TimerStatus" = 1 AND o."Timeout" <= @now
info: Microsoft.EntityFrameworkCore.Database.Command[20101]
      Executed DbCommand (1ms) [Parameters=[], CommandType='Text', CommandTimeout='30']
      SELECT count(*)::int
      FROM "Orders" AS o
info: Microsoft.EntityFrameworkCore.Database.Command[20101]
      Executed DbCommand (3ms) [Parameters=[@p1='?' (DbType = Int32), @p='?' (DbType = Int32)], CommandType='Text', CommandTimeout='30']
      SELECT o."Id", o."CompletedAt", o."CreatedAt", o."CreatedBy", o."CustomerId", o."IsReserved", o."LastModifiedAt", o."LastModifiedBy", o."Note", o."OrderCode", o."OrderId", o."RejectedAt", o."ShippingAddress", o."Status", o."TotalAmount", o."UpdatedAt"
      FROM "Orders" AS o
      ORDER BY o."OrderCode"
      LIMIT @p1 OFFSET @p
info: Microsoft.EntityFrameworkCore.Database.Command[20101]
      Executed DbCommand (1ms) [Parameters=[], CommandType='Text', CommandTimeout='30']
      SELECT count(*)::int
      FROM "Orders" AS o
info: Microsoft.EntityFrameworkCore.Database.Command[20101]
      Executed DbCommand (1ms) [Parameters=[@p1='?' (DbType = Int32), @p='?' (DbType = Int32)], CommandType='Text', CommandTimeout='30']
      SELECT o."Id", o."CompletedAt", o."CreatedAt", o."CreatedBy", o."CustomerId", o."IsReserved", o."LastModifiedAt", o."LastModifiedBy", o."Note", o."OrderCode", o."OrderId", o."RejectedAt", o."ShippingAddress", o."Status", o."TotalAmount", o."UpdatedAt"
      FROM "Orders" AS o
      ORDER BY o."OrderCode" DESC
      LIMIT @p1 OFFSET @p
info: Microsoft.EntityFrameworkCore.Database.Command[20101]
      Executed DbCommand (1ms) [Parameters=[], CommandType='Text', CommandTimeout='30']
      SELECT count(*)::int
      FROM "Orders" AS o
info: Microsoft.EntityFrameworkCore.Database.Command[20101]
      Executed DbCommand (1ms) [Parameters=[@p1='?' (DbType = Int32), @p='?' (DbType = Int32)], CommandType='Text', CommandTimeout='30']
      SELECT o."Id", o."CompletedAt", o."CreatedAt", o."CreatedBy", o."CustomerId", o."IsReserved", o."LastModifiedAt", o."LastModifiedBy", o."Note", o."OrderCode", o."OrderId", o."RejectedAt", o."ShippingAddress", o."Status", o."TotalAmount", o."UpdatedAt"
      FROM "Orders" AS o
      ORDER BY o."Id"
      LIMIT @p1 OFFSET @p
info: Microsoft.EntityFrameworkCore.Database.Command[20101]
      Executed DbCommand (1ms) [Parameters=[], CommandType='Text', CommandTimeout='30']
      SELECT count(*)::int
      FROM "Orders" AS o
info: Microsoft.EntityFrameworkCore.Database.Command[20101]
      Executed DbCommand (1ms) [Parameters=[@p1='?' (DbType = Int32), @p='?' (DbType = Int32)], CommandType='Text', CommandTimeout='30']
      SELECT o."Id", o."CompletedAt", o."CreatedAt", o."CreatedBy", o."CustomerId", o."IsReserved", o."LastModifiedAt", o."LastModifiedBy", o."Note", o."OrderCode", o."OrderId", o."RejectedAt", o."ShippingAddress", o."Status", o."TotalAmount", o."UpdatedAt"
      FROM "Orders" AS o
      ORDER BY o."OrderCode"
      LIMIT @p1 OFFSET @p
info: Microsoft.EntityFrameworkCore.Database.Command[20101]
      Executed DbCommand (1ms) [Parameters=[], CommandType='Text', CommandTimeout='30']
      SELECT count(*)::int
      FROM "Orders" AS o
info: Microsoft.EntityFrameworkCore.Database.Command[20101]
      Executed DbCommand (2ms) [Parameters=[@p1='?' (DbType = Int32), @p='?' (DbType = Int32)], CommandType='Text', CommandTimeout='30']
      SELECT o."Id", o."CompletedAt", o."CreatedAt", o."CreatedBy", o."CustomerId", o."IsReserved", o."LastModifiedAt", o."LastModifiedBy", o."Note", o."OrderCode", o."OrderId", o."RejectedAt", o."ShippingAddress", o."Status", o."TotalAmount", o."UpdatedAt"
      FROM "Orders" AS o
      ORDER BY o."OrderCode" DESC
      LIMIT @p1 OFFSET @p
info: Microsoft.EntityFrameworkCore.Database.Command[20101]
      Executed DbCommand (1ms) [Parameters=[], CommandType='Text', CommandTimeout='30']
      SELECT count(*)::int
      FROM "Product" AS p
info: Microsoft.EntityFrameworkCore.Database.Command[20101]
      Executed DbCommand (1ms) [Parameters=[@p1='?' (DbType = Int32), @p='?' (DbType = Int32)], CommandType='Text', CommandTimeout='30']
      SELECT p."Id", p."Code", p."CreatedAt", p."CreatedBy", p."Description", p."IsActive", p."LastModifiedAt", p."LastModifiedBy", p."Name", p."Price", p."ProductId", p."Rate", p."SLTKho"
      FROM "Product" AS p
      ORDER BY p."Id"
      LIMIT @p1 OFFSET @p
info: Onion.CleanArchitecture.WebApp.Server.Services.MicroserviceLauncherHostedService[0]
      [OrderAcceptService] info: Microsoft.EntityFrameworkCore.Database.Command[20101]
info: Onion.CleanArchitecture.WebApp.Server.Services.MicroserviceLauncherHostedService[0]
      [OrderAcceptService]       Executed DbCommand (1ms) [Parameters=[@now='?' (DbType = DateTime)], CommandType='Text', CommandTimeout='30']
info: Onion.CleanArchitecture.WebApp.Server.Services.MicroserviceLauncherHostedService[0]
      [OrderAcceptService]       SELECT o."Id", o."CreatedAt", o."CreatedBy", o."LastModifiedAt", o."LastModifiedBy", o."OrderId", o."Status", o."Timeout", o."TimerId", o."TimerStatus"
info: Onion.CleanArchitecture.WebApp.Server.Services.MicroserviceLauncherHostedService[0]
      [OrderAcceptService]       FROM "OrderTimers" AS o
info: Onion.CleanArchitecture.WebApp.Server.Services.MicroserviceLauncherHostedService[0]
      [OrderAcceptService]       WHERE o."TimerStatus" = 1 AND o."Timeout" <= @now
info: Microsoft.EntityFrameworkCore.Database.Command[20101]
      Executed DbCommand (1ms) [Parameters=[], CommandType='Text', CommandTimeout='30']
      SELECT count(*)::int
      FROM "Product" AS p
info: Microsoft.EntityFrameworkCore.Database.Command[20101]
      Executed DbCommand (2ms) [Parameters=[@p1='?' (DbType = Int32), @p='?' (DbType = Int32)], CommandType='Text', CommandTimeout='30']
      SELECT p."Id", p."Code", p."CreatedAt", p."CreatedBy", p."Description", p."IsActive", p."LastModifiedAt", p."LastModifiedBy", p."Name", p."Price", p."ProductId", p."Rate", p."SLTKho"
      FROM "Product" AS p
      ORDER BY p."Id"
      LIMIT @p1 OFFSET @p
info: Microsoft.EntityFrameworkCore.Database.Command[20101]
      Executed DbCommand (1ms) [Parameters=[], CommandType='Text', CommandTimeout='30']
      SELECT count(*)::int
      FROM "Product" AS p
info: Microsoft.EntityFrameworkCore.Database.Command[20101]
      Executed DbCommand (2ms) [Parameters=[@p1='?' (DbType = Int32), @p='?' (DbType = Int32)], CommandType='Text', CommandTimeout='30']
      SELECT p."Id", p."Code", p."CreatedAt", p."CreatedBy", p."Description", p."IsActive", p."LastModifiedAt", p."LastModifiedBy", p."Name", p."Price", p."ProductId", p."Rate", p."SLTKho"
      FROM "Product" AS p
      ORDER BY p."Id"
      LIMIT @p1 OFFSET @p
info: Onion.CleanArchitecture.WebApp.Server.Services.MicroserviceLauncherHostedService[0]
      [OrderAcceptService] info: Microsoft.EntityFrameworkCore.Database.Command[20101]
info: Onion.CleanArchitecture.WebApp.Server.Services.MicroserviceLauncherHostedService[0]
      [OrderAcceptService]       Executed DbCommand (3ms) [Parameters=[@now='?' (DbType = DateTime)], CommandType='Text', CommandTimeout='30']
info: Onion.CleanArchitecture.WebApp.Server.Services.MicroserviceLauncherHostedService[0]
      [OrderAcceptService]       SELECT o."Id", o."CreatedAt", o."CreatedBy", o."LastModifiedAt", o."LastModifiedBy", o."OrderId", o."Status", o."Timeout", o."TimerId", o."TimerStatus"
info: Onion.CleanArchitecture.WebApp.Server.Services.MicroserviceLauncherHostedService[0]
      [OrderAcceptService]       FROM "OrderTimers" AS o
info: Onion.CleanArchitecture.WebApp.Server.Services.MicroserviceLauncherHostedService[0]
      [OrderAcceptService]       WHERE o."TimerStatus" = 1 AND o."Timeout" <= @now
info: Onion.CleanArchitecture.WebApp.Server.Services.MicroserviceLauncherHostedService[0]
      [OrderAcceptService] info: Microsoft.EntityFrameworkCore.Database.Command[20101]
info: Onion.CleanArchitecture.WebApp.Server.Services.MicroserviceLauncherHostedService[0]
      [OrderAcceptService]       Executed DbCommand (5ms) [Parameters=[@now='?' (DbType = DateTime)], CommandType='Text', CommandTimeout='30']
info: Onion.CleanArchitecture.WebApp.Server.Services.MicroserviceLauncherHostedService[0]
      [OrderAcceptService]       SELECT o."Id", o."CreatedAt", o."CreatedBy", o."LastModifiedAt", o."LastModifiedBy", o."OrderId", o."Status", o."Timeout", o."TimerId", o."TimerStatus"
info: Onion.CleanArchitecture.WebApp.Server.Services.MicroserviceLauncherHostedService[0]
      [OrderAcceptService]       FROM "OrderTimers" AS o
info: Onion.CleanArchitecture.WebApp.Server.Services.MicroserviceLauncherHostedService[0]
      [OrderAcceptService]       WHERE o."TimerStatus" = 1 AND o."Timeout" <= @now
info: Onion.CleanArchitecture.WebApp.Server.Services.MicroserviceLauncherHostedService[0]
      [OrderAcceptService] info: Microsoft.EntityFrameworkCore.Database.Command[20101]
info: Onion.CleanArchitecture.WebApp.Server.Services.MicroserviceLauncherHostedService[0]
      [OrderAcceptService]       Executed DbCommand (1ms) [Parameters=[@now='?' (DbType = DateTime)], CommandType='Text', CommandTimeout='30']
info: Onion.CleanArchitecture.WebApp.Server.Services.MicroserviceLauncherHostedService[0]
      [OrderAcceptService]       SELECT o."Id", o."CreatedAt", o."CreatedBy", o."LastModifiedAt", o."LastModifiedBy", o."OrderId", o."Status", o."Timeout", o."TimerId", o."TimerStatus"
info: Onion.CleanArchitecture.WebApp.Server.Services.MicroserviceLauncherHostedService[0]
      [OrderAcceptService]       FROM "OrderTimers" AS o
info: Onion.CleanArchitecture.WebApp.Server.Services.MicroserviceLauncherHostedService[0]
      [OrderAcceptService]       WHERE o."TimerStatus" = 1 AND o."Timeout" <= @now
info: Microsoft.EntityFrameworkCore.Database.Command[20101]
      Executed DbCommand (9ms) [Parameters=[], CommandType='Text', CommandTimeout='30']
      SELECT count(*)::int
      FROM "Product" AS p
info: Microsoft.EntityFrameworkCore.Database.Command[20101]
      Executed DbCommand (3ms) [Parameters=[@p1='?' (DbType = Int32), @p='?' (DbType = Int32)], CommandType='Text', CommandTimeout='30']
      SELECT p."Id", p."Code", p."CreatedAt", p."CreatedBy", p."Description", p."IsActive", p."LastModifiedAt", p."LastModifiedBy", p."Name", p."Price", p."ProductId", p."Rate", p."SLTKho"
      FROM "Product" AS p
      ORDER BY p."Id"
      LIMIT @p1 OFFSET @p
info: Onion.CleanArchitecture.WebApp.Server.Services.MicroserviceLauncherHostedService[0]
      [OrderAcceptService] info: Microsoft.EntityFrameworkCore.Database.Command[20101]
info: Onion.CleanArchitecture.WebApp.Server.Services.MicroserviceLauncherHostedService[0]
      [OrderAcceptService]       Executed DbCommand (1ms) [Parameters=[@now='?' (DbType = DateTime)], CommandType='Text', CommandTimeout='30']
info: Onion.CleanArchitecture.WebApp.Server.Services.MicroserviceLauncherHostedService[0]
      [OrderAcceptService]       SELECT o."Id", o."CreatedAt", o."CreatedBy", o."LastModifiedAt", o."LastModifiedBy", o."OrderId", o."Status", o."Timeout", o."TimerId", o."TimerStatus"
info: Onion.CleanArchitecture.WebApp.Server.Services.MicroserviceLauncherHostedService[0]
      [OrderAcceptService]       FROM "OrderTimers" AS o
info: Onion.CleanArchitecture.WebApp.Server.Services.MicroserviceLauncherHostedService[0]
      [OrderAcceptService]       WHERE o."TimerStatus" = 1 AND o."Timeout" <= @now
info: Microsoft.EntityFrameworkCore.Database.Command[20101]
      Executed DbCommand (3ms) [Parameters=[], CommandType='Text', CommandTimeout='30']
      SELECT count(*)::int
      FROM "Product" AS p
info: Microsoft.EntityFrameworkCore.Database.Command[20101]
      Executed DbCommand (12ms) [Parameters=[@p1='?' (DbType = Int32), @p='?' (DbType = Int32)], CommandType='Text', CommandTimeout='30']
      SELECT p."Id", p."Code", p."CreatedAt", p."CreatedBy", p."Description", p."IsActive", p."LastModifiedAt", p."LastModifiedBy", p."Name", p."Price", p."ProductId", p."Rate", p."SLTKho"
      FROM "Product" AS p
      ORDER BY p."Id"
      LIMIT @p1 OFFSET @p
info: Onion.CleanArchitecture.WebApp.Server.Services.MicroserviceLauncherHostedService[0]
      [OrderAcceptService] info: Microsoft.EntityFrameworkCore.Database.Command[20101]
info: Onion.CleanArchitecture.WebApp.Server.Services.MicroserviceLauncherHostedService[0]
      [OrderAcceptService]       Executed DbCommand (1ms) [Parameters=[@now='?' (DbType = DateTime)], CommandType='Text', CommandTimeout='30']
info: Onion.CleanArchitecture.WebApp.Server.Services.MicroserviceLauncherHostedService[0]
      [OrderAcceptService]       SELECT o."Id", o."CreatedAt", o."CreatedBy", o."LastModifiedAt", o."LastModifiedBy", o."OrderId", o."Status", o."Timeout", o."TimerId", o."TimerStatus"
info: Onion.CleanArchitecture.WebApp.Server.Services.MicroserviceLauncherHostedService[0]
      [OrderAcceptService]       FROM "OrderTimers" AS o
info: Onion.CleanArchitecture.WebApp.Server.Services.MicroserviceLauncherHostedService[0]
      [OrderAcceptService]       WHERE o."TimerStatus" = 1 AND o."Timeout" <= @now
info: Microsoft.EntityFrameworkCore.Database.Command[20101]
      Executed DbCommand (1ms) [Parameters=[], CommandType='Text', CommandTimeout='30']
      SELECT count(*)::int
      FROM "Product" AS p
info: Microsoft.EntityFrameworkCore.Database.Command[20101]
      Executed DbCommand (2ms) [Parameters=[@p1='?' (DbType = Int32), @p='?' (DbType = Int32)], CommandType='Text', CommandTimeout='30']
      SELECT p."Id", p."Code", p."CreatedAt", p."CreatedBy", p."Description", p."IsActive", p."LastModifiedAt", p."LastModifiedBy", p."Name", p."Price", p."ProductId", p."Rate", p."SLTKho"
      FROM "Product" AS p
      ORDER BY p."Id"
      LIMIT @p1 OFFSET @p
info: Microsoft.EntityFrameworkCore.Database.Command[20101]
      Executed DbCommand (1ms) [Parameters=[], CommandType='Text', CommandTimeout='30']
      SELECT count(*)::int
      FROM "Product" AS p
info: Microsoft.EntityFrameworkCore.Database.Command[20101]
      Executed DbCommand (1ms) [Parameters=[@p1='?' (DbType = Int32), @p='?' (DbType = Int32)], CommandType='Text', CommandTimeout='30']
      SELECT p."Id", p."Code", p."CreatedAt", p."CreatedBy", p."Description", p."IsActive", p."LastModifiedAt", p."LastModifiedBy", p."Name", p."Price", p."ProductId", p."Rate", p."SLTKho"
      FROM "Product" AS p
      ORDER BY p."Id"
      LIMIT @p1 OFFSET @p
info: Onion.CleanArchitecture.WebApp.Server.Services.MicroserviceLauncherHostedService[0]
      [OrderAcceptService] info: Microsoft.EntityFrameworkCore.Database.Command[20101]
info: Onion.CleanArchitecture.WebApp.Server.Services.MicroserviceLauncherHostedService[0]
      [OrderAcceptService]       Executed DbCommand (2ms) [Parameters=[@now='?' (DbType = DateTime)], CommandType='Text', CommandTimeout='30']
info: Onion.CleanArchitecture.WebApp.Server.Services.MicroserviceLauncherHostedService[0]
      [OrderAcceptService]       SELECT o."Id", o."CreatedAt", o."CreatedBy", o."LastModifiedAt", o."LastModifiedBy", o."OrderId", o."Status", o."Timeout", o."TimerId", o."TimerStatus"
info: Onion.CleanArchitecture.WebApp.Server.Services.MicroserviceLauncherHostedService[0]
      [OrderAcceptService]       FROM "OrderTimers" AS o
info: Onion.CleanArchitecture.WebApp.Server.Services.MicroserviceLauncherHostedService[0]
      [OrderAcceptService]       WHERE o."TimerStatus" = 1 AND o."Timeout" <= @now
info: Onion.CleanArchitecture.WebApp.Server.Services.MicroserviceLauncherHostedService[0]
      [OrderAcceptService] info: Microsoft.EntityFrameworkCore.Database.Command[20101]
info: Onion.CleanArchitecture.WebApp.Server.Services.MicroserviceLauncherHostedService[0]
      [OrderAcceptService]       Executed DbCommand (1ms) [Parameters=[@now='?' (DbType = DateTime)], CommandType='Text', CommandTimeout='30']
info: Onion.CleanArchitecture.WebApp.Server.Services.MicroserviceLauncherHostedService[0]
      [OrderAcceptService]       SELECT o."Id", o."CreatedAt", o."CreatedBy", o."LastModifiedAt", o."LastModifiedBy", o."OrderId", o."Status", o."Timeout", o."TimerId", o."TimerStatus"
info: Onion.CleanArchitecture.WebApp.Server.Services.MicroserviceLauncherHostedService[0]
      [OrderAcceptService]       FROM "OrderTimers" AS o
info: Onion.CleanArchitecture.WebApp.Server.Services.MicroserviceLauncherHostedService[0]
      [OrderAcceptService]       WHERE o."TimerStatus" = 1 AND o."Timeout" <= @now
info: Onion.CleanArchitecture.WebApp.Server.Services.MicroserviceLauncherHostedService[0]
      [OrderAcceptService] info: Microsoft.EntityFrameworkCore.Database.Command[20101]
info: Onion.CleanArchitecture.WebApp.Server.Services.MicroserviceLauncherHostedService[0]
      [OrderAcceptService]       Executed DbCommand (1ms) [Parameters=[@now='?' (DbType = DateTime)], CommandType='Text', CommandTimeout='30']
info: Onion.CleanArchitecture.WebApp.Server.Services.MicroserviceLauncherHostedService[0]
      [OrderAcceptService]       SELECT o."Id", o."CreatedAt", o."CreatedBy", o."LastModifiedAt", o."LastModifiedBy", o."OrderId", o."Status", o."Timeout", o."TimerId", o."TimerStatus"
info: Onion.CleanArchitecture.WebApp.Server.Services.MicroserviceLauncherHostedService[0]
      [OrderAcceptService]       FROM "OrderTimers" AS o
info: Onion.CleanArchitecture.WebApp.Server.Services.MicroserviceLauncherHostedService[0]
      [OrderAcceptService]       WHERE o."TimerStatus" = 1 AND o."Timeout" <= @now
info: Onion.CleanArchitecture.WebApp.Server.Services.MicroserviceLauncherHostedService[0]
      [OrderAcceptService] info: Microsoft.EntityFrameworkCore.Database.Command[20101]
info: Onion.CleanArchitecture.WebApp.Server.Services.MicroserviceLauncherHostedService[0]
      [OrderAcceptService]       Executed DbCommand (1ms) [Parameters=[@now='?' (DbType = DateTime)], CommandType='Text', CommandTimeout='30']
info: Onion.CleanArchitecture.WebApp.Server.Services.MicroserviceLauncherHostedService[0]
      [OrderAcceptService]       SELECT o."Id", o."CreatedAt", o."CreatedBy", o."LastModifiedAt", o."LastModifiedBy", o."OrderId", o."Status", o."Timeout", o."TimerId", o."TimerStatus"
info: Onion.CleanArchitecture.WebApp.Server.Services.MicroserviceLauncherHostedService[0]
      [OrderAcceptService]       FROM "OrderTimers" AS o
info: Onion.CleanArchitecture.WebApp.Server.Services.MicroserviceLauncherHostedService[0]
      [OrderAcceptService]       WHERE o."TimerStatus" = 1 AND o."Timeout" <= @now
info: Onion.CleanArchitecture.WebApp.Server.Services.MicroserviceLauncherHostedService[0]
      [OrderAcceptService] info: Microsoft.EntityFrameworkCore.Database.Command[20101]
info: Onion.CleanArchitecture.WebApp.Server.Services.MicroserviceLauncherHostedService[0]
      [OrderAcceptService]       Executed DbCommand (1ms) [Parameters=[@now='?' (DbType = DateTime)], CommandType='Text', CommandTimeout='30']
info: Onion.CleanArchitecture.WebApp.Server.Services.MicroserviceLauncherHostedService[0]
      [OrderAcceptService]       SELECT o."Id", o."CreatedAt", o."CreatedBy", o."LastModifiedAt", o."LastModifiedBy", o."OrderId", o."Status", o."Timeout", o."TimerId", o."TimerStatus"
info: Onion.CleanArchitecture.WebApp.Server.Services.MicroserviceLauncherHostedService[0]
      [OrderAcceptService]       FROM "OrderTimers" AS o
info: Onion.CleanArchitecture.WebApp.Server.Services.MicroserviceLauncherHostedService[0]
      [OrderAcceptService]       WHERE o."TimerStatus" = 1 AND o."Timeout" <= @now
info: Onion.CleanArchitecture.WebApp.Server.Services.MicroserviceLauncherHostedService[0]
      [OrderAcceptService] info: Microsoft.EntityFrameworkCore.Database.Command[20101]
info: Onion.CleanArchitecture.WebApp.Server.Services.MicroserviceLauncherHostedService[0]
      [OrderAcceptService]       Executed DbCommand (1ms) [Parameters=[@now='?' (DbType = DateTime)], CommandType='Text', CommandTimeout='30']
info: Onion.CleanArchitecture.WebApp.Server.Services.MicroserviceLauncherHostedService[0]
      [OrderAcceptService]       SELECT o."Id", o."CreatedAt", o."CreatedBy", o."LastModifiedAt", o."LastModifiedBy", o."OrderId", o."Status", o."Timeout", o."TimerId", o."TimerStatus"
info: Onion.CleanArchitecture.WebApp.Server.Services.MicroserviceLauncherHostedService[0]
      [OrderAcceptService]       FROM "OrderTimers" AS o
info: Onion.CleanArchitecture.WebApp.Server.Services.MicroserviceLauncherHostedService[0]
      [OrderAcceptService]       WHERE o."TimerStatus" = 1 AND o."Timeout" <= @now
info: Microsoft.EntityFrameworkCore.Database.Command[20101]
      Executed DbCommand (46ms) [Parameters=[], CommandType='Text', CommandTimeout='30']
      SELECT count(*)::int
      FROM "Product" AS p
info: Microsoft.EntityFrameworkCore.Database.Command[20101]
      Executed DbCommand (3ms) [Parameters=[@p1='?' (DbType = Int32), @p='?' (DbType = Int32)], CommandType='Text', CommandTimeout='30']
      SELECT p."Id", p."Code", p."CreatedAt", p."CreatedBy", p."Description", p."IsActive", p."LastModifiedAt", p."LastModifiedBy", p."Name", p."Price", p."ProductId", p."Rate", p."SLTKho"
      FROM "Product" AS p
      ORDER BY p."Id"
      LIMIT @p1 OFFSET @p
info: Onion.CleanArchitecture.WebApp.Server.Services.MicroserviceLauncherHostedService[0]
      [OrderAcceptService] info: Microsoft.EntityFrameworkCore.Database.Command[20101]
info: Onion.CleanArchitecture.WebApp.Server.Services.MicroserviceLauncherHostedService[0]
      [OrderAcceptService]       Executed DbCommand (2ms) [Parameters=[@now='?' (DbType = DateTime)], CommandType='Text', CommandTimeout='30']
info: Onion.CleanArchitecture.WebApp.Server.Services.MicroserviceLauncherHostedService[0]
      [OrderAcceptService]       SELECT o."Id", o."CreatedAt", o."CreatedBy", o."LastModifiedAt", o."LastModifiedBy", o."OrderId", o."Status", o."Timeout", o."TimerId", o."TimerStatus"
info: Onion.CleanArchitecture.WebApp.Server.Services.MicroserviceLauncherHostedService[0]
      [OrderAcceptService]       FROM "OrderTimers" AS o
info: Onion.CleanArchitecture.WebApp.Server.Services.MicroserviceLauncherHostedService[0]
      [OrderAcceptService]       WHERE o."TimerStatus" = 1 AND o."Timeout" <= @now
info: Onion.CleanArchitecture.WebApp.Server.Services.MicroserviceLauncherHostedService[0]
      [OrderAcceptService] info: Microsoft.EntityFrameworkCore.Database.Command[20101]
info: Onion.CleanArchitecture.WebApp.Server.Services.MicroserviceLauncherHostedService[0]
      [OrderAcceptService]       Executed DbCommand (4ms) [Parameters=[@now='?' (DbType = DateTime)], CommandType='Text', CommandTimeout='30']
info: Onion.CleanArchitecture.WebApp.Server.Services.MicroserviceLauncherHostedService[0]
      [OrderAcceptService]       SELECT o."Id", o."CreatedAt", o."CreatedBy", o."LastModifiedAt", o."LastModifiedBy", o."OrderId", o."Status", o."Timeout", o."TimerId", o."TimerStatus"
info: Onion.CleanArchitecture.WebApp.Server.Services.MicroserviceLauncherHostedService[0]
      [OrderAcceptService]       FROM "OrderTimers" AS o
info: Onion.CleanArchitecture.WebApp.Server.Services.MicroserviceLauncherHostedService[0]
      [OrderAcceptService]       WHERE o."TimerStatus" = 1 AND o."Timeout" <= @now
info: Microsoft.EntityFrameworkCore.Database.Command[20101]
      Executed DbCommand (3ms) [Parameters=[], CommandType='Text', CommandTimeout='30']
      SELECT count(*)::int
      FROM "Product" AS p
info: Microsoft.EntityFrameworkCore.Database.Command[20101]
      Executed DbCommand (1ms) [Parameters=[@p1='?' (DbType = Int32), @p='?' (DbType = Int32)], CommandType='Text', CommandTimeout='30']
      SELECT p."Id", p."Code", p."CreatedAt", p."CreatedBy", p."Description", p."IsActive", p."LastModifiedAt", p."LastModifiedBy", p."Name", p."Price", p."ProductId", p."Rate", p."SLTKho"
      FROM "Product" AS p
      ORDER BY p."Id"
      LIMIT @p1 OFFSET @p
info: Onion.CleanArchitecture.WebApp.Server.Services.MicroserviceLauncherHostedService[0]
      [OrderAcceptService] info: Microsoft.EntityFrameworkCore.Database.Command[20101]
info: Onion.CleanArchitecture.WebApp.Server.Services.MicroserviceLauncherHostedService[0]
      [OrderAcceptService]       Executed DbCommand (1ms) [Parameters=[@now='?' (DbType = DateTime)], CommandType='Text', CommandTimeout='30']
info: Onion.CleanArchitecture.WebApp.Server.Services.MicroserviceLauncherHostedService[0]
      [OrderAcceptService]       SELECT o."Id", o."CreatedAt", o."CreatedBy", o."LastModifiedAt", o."LastModifiedBy", o."OrderId", o."Status", o."Timeout", o."TimerId", o."TimerStatus"
info: Onion.CleanArchitecture.WebApp.Server.Services.MicroserviceLauncherHostedService[0]
      [OrderAcceptService]       FROM "OrderTimers" AS o
info: Onion.CleanArchitecture.WebApp.Server.Services.MicroserviceLauncherHostedService[0]
      [OrderAcceptService]       WHERE o."TimerStatus" = 1 AND o."Timeout" <= @now
info: Onion.CleanArchitecture.WebApp.Server.Services.MicroserviceLauncherHostedService[0]
      [OrderAcceptService] info: Microsoft.EntityFrameworkCore.Database.Command[20101]
info: Onion.CleanArchitecture.WebApp.Server.Services.MicroserviceLauncherHostedService[0]
      [OrderAcceptService]       Executed DbCommand (1ms) [Parameters=[@now='?' (DbType = DateTime)], CommandType='Text', CommandTimeout='30']
info: Onion.CleanArchitecture.WebApp.Server.Services.MicroserviceLauncherHostedService[0]
      [OrderAcceptService]       SELECT o."Id", o."CreatedAt", o."CreatedBy", o."LastModifiedAt", o."LastModifiedBy", o."OrderId", o."Status", o."Timeout", o."TimerId", o."TimerStatus"
info: Onion.CleanArchitecture.WebApp.Server.Services.MicroserviceLauncherHostedService[0]
      [OrderAcceptService]       FROM "OrderTimers" AS o
info: Onion.CleanArchitecture.WebApp.Server.Services.MicroserviceLauncherHostedService[0]
      [OrderAcceptService]       WHERE o."TimerStatus" = 1 AND o."Timeout" <= @now
info: Onion.CleanArchitecture.WebApp.Server.Services.MicroserviceLauncherHostedService[0]
      [OrderAcceptService] info: Microsoft.EntityFrameworkCore.Database.Command[20101]
info: Onion.CleanArchitecture.WebApp.Server.Services.MicroserviceLauncherHostedService[0]
      [OrderAcceptService]       Executed DbCommand (1ms) [Parameters=[@now='?' (DbType = DateTime)], CommandType='Text', CommandTimeout='30']
info: Onion.CleanArchitecture.WebApp.Server.Services.MicroserviceLauncherHostedService[0]
      [OrderAcceptService]       SELECT o."Id", o."CreatedAt", o."CreatedBy", o."LastModifiedAt", o."LastModifiedBy", o."OrderId", o."Status", o."Timeout", o."TimerId", o."TimerStatus"
info: Onion.CleanArchitecture.WebApp.Server.Services.MicroserviceLauncherHostedService[0]
      [OrderAcceptService]       FROM "OrderTimers" AS o
info: Onion.CleanArchitecture.WebApp.Server.Services.MicroserviceLauncherHostedService[0]
      [OrderAcceptService]       WHERE o."TimerStatus" = 1 AND o."Timeout" <= @now
info: Microsoft.EntityFrameworkCore.Database.Command[20101]
      Executed DbCommand (12ms) [Parameters=[], CommandType='Text', CommandTimeout='30']
      SELECT count(*)::int
      FROM "Product" AS p
info: Microsoft.EntityFrameworkCore.Database.Command[20101]
      Executed DbCommand (2ms) [Parameters=[@p1='?' (DbType = Int32), @p='?' (DbType = Int32)], CommandType='Text', CommandTimeout='30']
      SELECT p."Id", p."Code", p."CreatedAt", p."CreatedBy", p."Description", p."IsActive", p."LastModifiedAt", p."LastModifiedBy", p."Name", p."Price", p."ProductId", p."Rate", p."SLTKho"
      FROM "Product" AS p
      ORDER BY p."Id"
      LIMIT @p1 OFFSET @p
info: Onion.CleanArchitecture.WebApp.Server.Services.MicroserviceLauncherHostedService[0]
      [OrderAcceptService] info: Microsoft.EntityFrameworkCore.Database.Command[20101]
info: Onion.CleanArchitecture.WebApp.Server.Services.MicroserviceLauncherHostedService[0]
      [OrderAcceptService]       Executed DbCommand (1ms) [Parameters=[@now='?' (DbType = DateTime)], CommandType='Text', CommandTimeout='30']
info: Onion.CleanArchitecture.WebApp.Server.Services.MicroserviceLauncherHostedService[0]
      [OrderAcceptService]       SELECT o."Id", o."CreatedAt", o."CreatedBy", o."LastModifiedAt", o."LastModifiedBy", o."OrderId", o."Status", o."Timeout", o."TimerId", o."TimerStatus"
info: Onion.CleanArchitecture.WebApp.Server.Services.MicroserviceLauncherHostedService[0]
      [OrderAcceptService]       FROM "OrderTimers" AS o
info: Onion.CleanArchitecture.WebApp.Server.Services.MicroserviceLauncherHostedService[0]
      [OrderAcceptService]       WHERE o."TimerStatus" = 1 AND o."Timeout" <= @now
info: Microsoft.EntityFrameworkCore.Database.Command[20101]
      Executed DbCommand (1ms) [Parameters=[], CommandType='Text', CommandTimeout='30']
      SELECT count(*)::int
      FROM "Product" AS p
info: Microsoft.EntityFrameworkCore.Database.Command[20101]
      Executed DbCommand (1ms) [Parameters=[@p1='?' (DbType = Int32), @p='?' (DbType = Int32)], CommandType='Text', CommandTimeout='30']
      SELECT p."Id", p."Code", p."CreatedAt", p."CreatedBy", p."Description", p."IsActive", p."LastModifiedAt", p."LastModifiedBy", p."Name", p."Price", p."ProductId", p."Rate", p."SLTKho"
      FROM "Product" AS p
      ORDER BY p."Id"
      LIMIT @p1 OFFSET @p
info: Onion.CleanArchitecture.WebApp.Server.Services.MicroserviceLauncherHostedService[0]
      [OrderAcceptService] info: Microsoft.EntityFrameworkCore.Database.Command[20101]
info: Onion.CleanArchitecture.WebApp.Server.Services.MicroserviceLauncherHostedService[0]
      [OrderAcceptService]       Executed DbCommand (1ms) [Parameters=[@now='?' (DbType = DateTime)], CommandType='Text', CommandTimeout='30']
info: Onion.CleanArchitecture.WebApp.Server.Services.MicroserviceLauncherHostedService[0]
      [OrderAcceptService]       SELECT o."Id", o."CreatedAt", o."CreatedBy", o."LastModifiedAt", o."LastModifiedBy", o."OrderId", o."Status", o."Timeout", o."TimerId", o."TimerStatus"
info: Onion.CleanArchitecture.WebApp.Server.Services.MicroserviceLauncherHostedService[0]
      [OrderAcceptService]       FROM "OrderTimers" AS o
info: Onion.CleanArchitecture.WebApp.Server.Services.MicroserviceLauncherHostedService[0]
      [OrderAcceptService]       WHERE o."TimerStatus" = 1 AND o."Timeout" <= @now
info: Onion.CleanArchitecture.WebApp.Server.Services.MicroserviceLauncherHostedService[0]
      [OrderAcceptService] info: Microsoft.EntityFrameworkCore.Database.Command[20101]
info: Onion.CleanArchitecture.WebApp.Server.Services.MicroserviceLauncherHostedService[0]
      [OrderAcceptService]       Executed DbCommand (1ms) [Parameters=[@now='?' (DbType = DateTime)], CommandType='Text', CommandTimeout='30']
info: Onion.CleanArchitecture.WebApp.Server.Services.MicroserviceLauncherHostedService[0]
      [OrderAcceptService]       SELECT o."Id", o."CreatedAt", o."CreatedBy", o."LastModifiedAt", o."LastModifiedBy", o."OrderId", o."Status", o."Timeout", o."TimerId", o."TimerStatus"
info: Onion.CleanArchitecture.WebApp.Server.Services.MicroserviceLauncherHostedService[0]
      [OrderAcceptService]       FROM "OrderTimers" AS o
info: Onion.CleanArchitecture.WebApp.Server.Services.MicroserviceLauncherHostedService[0]
      [OrderAcceptService]       WHERE o."TimerStatus" = 1 AND o."Timeout" <= @now
info: Onion.CleanArchitecture.WebApp.Server.Services.MicroserviceLauncherHostedService[0]
      [OrderAcceptService] info: Microsoft.EntityFrameworkCore.Database.Command[20101]
info: Onion.CleanArchitecture.WebApp.Server.Services.MicroserviceLauncherHostedService[0]
      [OrderAcceptService]       Executed DbCommand (1ms) [Parameters=[@now='?' (DbType = DateTime)], CommandType='Text', CommandTimeout='30']
info: Onion.CleanArchitecture.WebApp.Server.Services.MicroserviceLauncherHostedService[0]
      [OrderAcceptService]       SELECT o."Id", o."CreatedAt", o."CreatedBy", o."LastModifiedAt", o."LastModifiedBy", o."OrderId", o."Status", o."Timeout", o."TimerId", o."TimerStatus"
info: Onion.CleanArchitecture.WebApp.Server.Services.MicroserviceLauncherHostedService[0]
      [OrderAcceptService]       FROM "OrderTimers" AS o
info: Onion.CleanArchitecture.WebApp.Server.Services.MicroserviceLauncherHostedService[0]
      [OrderAcceptService]       WHERE o."TimerStatus" = 1 AND o."Timeout" <= @now
info: Onion.CleanArchitecture.WebApp.Server.Services.MicroserviceLauncherHostedService[0]
      [OrderAcceptService] info: Microsoft.EntityFrameworkCore.Database.Command[20101]
info: Onion.CleanArchitecture.WebApp.Server.Services.MicroserviceLauncherHostedService[0]
      [OrderAcceptService]       Executed DbCommand (1ms) [Parameters=[@now='?' (DbType = DateTime)], CommandType='Text', CommandTimeout='30']
info: Onion.CleanArchitecture.WebApp.Server.Services.MicroserviceLauncherHostedService[0]
      [OrderAcceptService]       SELECT o."Id", o."CreatedAt", o."CreatedBy", o."LastModifiedAt", o."LastModifiedBy", o."OrderId", o."Status", o."Timeout", o."TimerId", o."TimerStatus"
info: Onion.CleanArchitecture.WebApp.Server.Services.MicroserviceLauncherHostedService[0]
      [OrderAcceptService]       FROM "OrderTimers" AS o
info: Onion.CleanArchitecture.WebApp.Server.Services.MicroserviceLauncherHostedService[0]
      [OrderAcceptService]       WHERE o."TimerStatus" = 1 AND o."Timeout" <= @now
info: Onion.CleanArchitecture.WebApp.Server.Services.MicroserviceLauncherHostedService[0]
      [OrderAcceptService] info: Microsoft.EntityFrameworkCore.Database.Command[20101]
info: Onion.CleanArchitecture.WebApp.Server.Services.MicroserviceLauncherHostedService[0]
      [OrderAcceptService]       Executed DbCommand (2ms) [Parameters=[@now='?' (DbType = DateTime)], CommandType='Text', CommandTimeout='30']
info: Onion.CleanArchitecture.WebApp.Server.Services.MicroserviceLauncherHostedService[0]
      [OrderAcceptService]       SELECT o."Id", o."CreatedAt", o."CreatedBy", o."LastModifiedAt", o."LastModifiedBy", o."OrderId", o."Status", o."Timeout", o."TimerId", o."TimerStatus"
info: Onion.CleanArchitecture.WebApp.Server.Services.MicroserviceLauncherHostedService[0]
      [OrderAcceptService]       FROM "OrderTimers" AS o
info: Onion.CleanArchitecture.WebApp.Server.Services.MicroserviceLauncherHostedService[0]
      [OrderAcceptService]       WHERE o."TimerStatus" = 1 AND o."Timeout" <= @now
info: Microsoft.EntityFrameworkCore.Database.Command[20101]
      Executed DbCommand (31ms) [Parameters=[], CommandType='Text', CommandTimeout='30']
      SELECT count(*)::int
      FROM "Product" AS p
info: Microsoft.EntityFrameworkCore.Database.Command[20101]
      Executed DbCommand (5ms) [Parameters=[@p1='?' (DbType = Int32), @p='?' (DbType = Int32)], CommandType='Text', CommandTimeout='30']
      SELECT p."Id", p."Code", p."CreatedAt", p."CreatedBy", p."Description", p."IsActive", p."LastModifiedAt", p."LastModifiedBy", p."Name", p."Price", p."ProductId", p."Rate", p."SLTKho"
      FROM "Product" AS p
      ORDER BY p."Id"
      LIMIT @p1 OFFSET @p
info: Microsoft.EntityFrameworkCore.Database.Command[20101]
      Executed DbCommand (4ms) [Parameters=[@productId='?' (DbType = Guid)], CommandType='Text', CommandTimeout='30']
      SELECT p."Id", p."Code", p."CreatedAt", p."CreatedBy", p."Description", p."IsActive", p."LastModifiedAt", p."LastModifiedBy", p."Name", p."Price", p."ProductId", p."Rate", p."SLTKho"
      FROM "Product" AS p
      WHERE p."ProductId" = @productId
      LIMIT 1
info: Microsoft.EntityFrameworkCore.Database.Command[20101]
      Executed DbCommand (1ms) [Parameters=[@productId='?' (DbType = Guid)], CommandType='Text', CommandTimeout='30']
      SELECT p."Id", p."Code", p."CreatedAt", p."CreatedBy", p."Description", p."IsActive", p."LastModifiedAt", p."LastModifiedBy", p."Name", p."Price", p."ProductId", p."Rate", p."SLTKho"
      FROM "Product" AS p
      WHERE p."ProductId" = @productId
      LIMIT 1
info: Microsoft.EntityFrameworkCore.Database.Command[20101]
      Executed DbCommand (31ms) [Parameters=[@p0='?' (DbType = DateTime), @p1='?' (DbType = DateTime), @p2='?', @p3='?', @p4='?' (DbType = Boolean), @p5='?' (DbType = DateTime), @p6='?', @p7='?', @p8='?', @p9='?' (DbType = Guid), @p10='?' (DbType = DateTime), @p11='?', @p12='?' (DbType = Int32), @p13='?' (DbType = Decimal), @p14='?' (DbType = DateTime), @p15='?' (DbType = DateTime), @p16='?', @p17='?' (DbType = DateTime), @p18='?', @p19='?' (DbType = Guid), @p20='?' (DbType = Guid), @p21='?' (DbType = Guid), @p22='?', @p23='?' (DbType = Int32), @p24='?' (DbType = Decimal), @p25='?' (DbType = DateTime), @p26='?', @p27='?' (DbType = DateTime), @p28='?', @p29='?' (DbType = Guid), @p30='?' (DbType = Guid), @p31='?' (DbType = Guid), @p32='?', @p33='?' (DbType = Int32), @p34='?' (DbType = Decimal)], CommandType='Text', CommandTimeout='30']
      INSERT INTO "Orders" ("CompletedAt", "CreatedAt", "CreatedBy", "CustomerId", "IsReserved", "LastModifiedAt", "LastModifiedBy", "Note", "OrderCode", "OrderId", "RejectedAt", "ShippingAddress", "Status", "TotalAmount", "UpdatedAt")
      VALUES (@p0, @p1, @p2, @p3, @p4, @p5, @p6, @p7, @p8, @p9, @p10, @p11, @p12, @p13, @p14)
      RETURNING "Id";
      INSERT INTO "OrderItems" ("CreatedAt", "CreatedBy", "LastModifiedAt", "LastModifiedBy", "OrderId", "OrderItemId", "ProductId", "ProductName", "Quantity", "UnitPrice")
      VALUES (@p15, @p16, @p17, @p18, @p19, @p20, @p21, @p22, @p23, @p24)
      RETURNING "Id";
      INSERT INTO "OrderItems" ("CreatedAt", "CreatedBy", "LastModifiedAt", "LastModifiedBy", "OrderId", "OrderItemId", "ProductId", "ProductName", "Quantity", "UnitPrice")
      VALUES (@p25, @p26, @p27, @p28, @p29, @p30, @p31, @p32, @p33, @p34)
      RETURNING "Id";
info: Microsoft.EntityFrameworkCore.Database.Command[20101]
      Executed DbCommand (3ms) [Parameters=[], CommandType='Text', CommandTimeout='30']
      SELECT count(*)::int
      FROM "Orders" AS o
info: Microsoft.EntityFrameworkCore.Database.Command[20101]
      Executed DbCommand (3ms) [Parameters=[@p1='?' (DbType = Int32), @p='?' (DbType = Int32)], CommandType='Text', CommandTimeout='30']
      SELECT o."Id", o."CompletedAt", o."CreatedAt", o."CreatedBy", o."CustomerId", o."IsReserved", o."LastModifiedAt", o."LastModifiedBy", o."Note", o."OrderCode", o."OrderId", o."RejectedAt", o."ShippingAddress", o."Status", o."TotalAmount", o."UpdatedAt"
      FROM "Orders" AS o
      ORDER BY o."CreatedAt" DESC
      LIMIT @p1 OFFSET @p
info: Onion.CleanArchitecture.WebApp.Server.Services.MicroserviceLauncherHostedService[0]
      [OrderOrchestration] info: Microsoft.EntityFrameworkCore.Database.Command[20101]
info: Onion.CleanArchitecture.WebApp.Server.Services.MicroserviceLauncherHostedService[0]
      [OrderOrchestration]       Executed DbCommand (13ms) [Parameters=[p0='?' (DbType = Guid)], CommandType='Text', CommandTimeout='30']
info: Onion.CleanArchitecture.WebApp.Server.Services.MicroserviceLauncherHostedService[0]
      [OrderOrchestration]       SELECT o."CorrelationId", o."CreatedAt", o."CurrentState", o."CustomerId", o."ErrorReason", o."IsTimeout", o."Items", o."NeedReleaseInventory", o."TotalAmount"
info: Onion.CleanArchitecture.WebApp.Server.Services.MicroserviceLauncherHostedService[0]
      [OrderOrchestration]       FROM (
info: Onion.CleanArchitecture.WebApp.Server.Services.MicroserviceLauncherHostedService[0]
      [OrderOrchestration]           SELECT *, xmin FROM "OrderState" WHERE "CorrelationId" = @p0 FOR UPDATE
info: Onion.CleanArchitecture.WebApp.Server.Services.MicroserviceLauncherHostedService[0]
      [OrderOrchestration]       ) AS o
info: Onion.CleanArchitecture.WebApp.Server.Services.MicroserviceLauncherHostedService[0]
      [OrderOrchestration]       LIMIT 2
info: Onion.CleanArchitecture.WebApp.Server.Services.MicroserviceLauncherHostedService[0]
      [OrderOrchestration] info: Microsoft.EntityFrameworkCore.Database.Command[20101]
info: Onion.CleanArchitecture.WebApp.Server.Services.MicroserviceLauncherHostedService[0]
      [OrderOrchestration]       Executed DbCommand (3ms) [Parameters=[@p0='?' (DbType = Guid), @p1='?' (DbType = DateTime), @p2='?', @p3='?' (DbType = Guid), @p4='?', @p5='?' (DbType = Boolean), @p6='?' (DbType = Object), @p7='?' (DbType = Boolean), @p8='?' (DbType = Decimal)], CommandType='Text', CommandTimeout='30']
info: Onion.CleanArchitecture.WebApp.Server.Services.MicroserviceLauncherHostedService[0]
      [OrderOrchestration]       INSERT INTO "OrderState" ("CorrelationId", "CreatedAt", "CurrentState", "CustomerId", "ErrorReason", "IsTimeout", "Items", "NeedReleaseInventory", "TotalAmount")
info: Onion.CleanArchitecture.WebApp.Server.Services.MicroserviceLauncherHostedService[0]
      [OrderOrchestration]       VALUES (@p0, @p1, @p2, @p3, @p4, @p5, @p6, @p7, @p8);
info: Onion.CleanArchitecture.WebApp.Server.Services.MicroserviceLauncherHostedService[0]
      [OrderSubmitService] info: OrderSubmitService.OrderSubmitConsumer[0]
info: Onion.CleanArchitecture.WebApp.Server.Services.MicroserviceLauncherHostedService[0]
      [OrderSubmitService]       Nhận ValidateOrderCommand OrderId=f69e6c6f-b5b1-4cf9-8a36-9df17750b70c
info: Onion.CleanArchitecture.WebApp.Server.Services.MicroserviceLauncherHostedService[0]
      [OrderSubmitService] info: Microsoft.EntityFrameworkCore.Database.Command[20101]
info: Onion.CleanArchitecture.WebApp.Server.Services.MicroserviceLauncherHostedService[0]
      [OrderSubmitService]       Executed DbCommand (10ms) [Parameters=[@orderId='?' (DbType = Guid)], CommandType='Text', CommandTimeout='30']
info: Onion.CleanArchitecture.WebApp.Server.Services.MicroserviceLauncherHostedService[0]
      [OrderSubmitService]       SELECT o."Id", o."CompletedAt", o."CreatedAt", o."CreatedBy", o."CustomerId", o."IsReserved", o."LastModifiedAt", o."LastModifiedBy", o."Note", o."OrderCode", o."OrderId", o."RejectedAt", o."ShippingAddress", o."Status", o."TotalAmount", o."UpdatedAt"
info: Onion.CleanArchitecture.WebApp.Server.Services.MicroserviceLauncherHostedService[0]
      [OrderSubmitService]       FROM "Orders" AS o
info: Onion.CleanArchitecture.WebApp.Server.Services.MicroserviceLauncherHostedService[0]
      [OrderSubmitService]       WHERE o."OrderId" = @orderId
info: Onion.CleanArchitecture.WebApp.Server.Services.MicroserviceLauncherHostedService[0]
      [OrderSubmitService]       ORDER BY o."Id"
info: Onion.CleanArchitecture.WebApp.Server.Services.MicroserviceLauncherHostedService[0]
      [OrderSubmitService]       LIMIT 1
info: Onion.CleanArchitecture.WebApp.Server.Services.MicroserviceLauncherHostedService[0]
      [OrderSubmitService] info: Microsoft.EntityFrameworkCore.Database.Command[20101]
info: Onion.CleanArchitecture.WebApp.Server.Services.MicroserviceLauncherHostedService[0]
      [OrderSubmitService]       Executed DbCommand (7ms) [Parameters=[@orderId='?' (DbType = Guid)], CommandType='Text', CommandTimeout='30']
info: Onion.CleanArchitecture.WebApp.Server.Services.MicroserviceLauncherHostedService[0]
      [OrderSubmitService]       SELECT o0."Id", o0."CreatedAt", o0."CreatedBy", o0."LastModifiedAt", o0."LastModifiedBy", o0."OrderId", o0."OrderItemId", o0."ProductId", o0."ProductName", o0."Quantity", o0."UnitPrice", o1."Id"
info: Onion.CleanArchitecture.WebApp.Server.Services.MicroserviceLauncherHostedService[0]
      [OrderSubmitService]       FROM (
info: Onion.CleanArchitecture.WebApp.Server.Services.MicroserviceLauncherHostedService[0]
      [OrderSubmitService]           SELECT o."Id", o."OrderId"
info: Onion.CleanArchitecture.WebApp.Server.Services.MicroserviceLauncherHostedService[0]
      [OrderSubmitService]           FROM "Orders" AS o
info: Onion.CleanArchitecture.WebApp.Server.Services.MicroserviceLauncherHostedService[0]
      [OrderSubmitService]           WHERE o."OrderId" = @orderId
info: Onion.CleanArchitecture.WebApp.Server.Services.MicroserviceLauncherHostedService[0]
      [OrderSubmitService]           ORDER BY o."Id"
info: Onion.CleanArchitecture.WebApp.Server.Services.MicroserviceLauncherHostedService[0]
      [OrderSubmitService]           LIMIT 1
info: Onion.CleanArchitecture.WebApp.Server.Services.MicroserviceLauncherHostedService[0]
      [OrderSubmitService]       ) AS o1
info: Onion.CleanArchitecture.WebApp.Server.Services.MicroserviceLauncherHostedService[0]
      [OrderSubmitService]       INNER JOIN "OrderItems" AS o0 ON o1."OrderId" = o0."OrderId"
info: Onion.CleanArchitecture.WebApp.Server.Services.MicroserviceLauncherHostedService[0]
      [OrderSubmitService]       ORDER BY o1."Id"
info: Onion.CleanArchitecture.WebApp.Server.Services.MicroserviceLauncherHostedService[0]
      [OrderSubmitService] info: Microsoft.EntityFrameworkCore.Database.Command[20101]
info: Onion.CleanArchitecture.WebApp.Server.Services.MicroserviceLauncherHostedService[0]
      [OrderSubmitService]       Executed DbCommand (5ms) [Parameters=[@productId='?' (DbType = Guid)], CommandType='Text', CommandTimeout='30']
info: Onion.CleanArchitecture.WebApp.Server.Services.MicroserviceLauncherHostedService[0]
      [OrderSubmitService]       SELECT p."Id", p."Code", p."CreatedAt", p."CreatedBy", p."Description", p."IsActive", p."LastModifiedAt", p."LastModifiedBy", p."Name", p."Price", p."ProductId", p."Rate", p."SLTKho"
info: Onion.CleanArchitecture.WebApp.Server.Services.MicroserviceLauncherHostedService[0]
      [OrderSubmitService]       FROM "Product" AS p
info: Onion.CleanArchitecture.WebApp.Server.Services.MicroserviceLauncherHostedService[0]
      [OrderSubmitService]       WHERE p."ProductId" = @productId
info: Onion.CleanArchitecture.WebApp.Server.Services.MicroserviceLauncherHostedService[0]
      [OrderSubmitService]       LIMIT 1
info: Onion.CleanArchitecture.WebApp.Server.Services.MicroserviceLauncherHostedService[0]
      [OrderSubmitService] info: Microsoft.EntityFrameworkCore.Database.Command[20101]
info: Onion.CleanArchitecture.WebApp.Server.Services.MicroserviceLauncherHostedService[0]
      [OrderSubmitService]       Executed DbCommand (2ms) [Parameters=[@productId='?' (DbType = Guid)], CommandType='Text', CommandTimeout='30']
info: Onion.CleanArchitecture.WebApp.Server.Services.MicroserviceLauncherHostedService[0]
      [OrderSubmitService]       SELECT p."Id", p."Code", p."CreatedAt", p."CreatedBy", p."Description", p."IsActive", p."LastModifiedAt", p."LastModifiedBy", p."Name", p."Price", p."ProductId", p."Rate", p."SLTKho"
info: Onion.CleanArchitecture.WebApp.Server.Services.MicroserviceLauncherHostedService[0]
      [OrderSubmitService]       FROM "Product" AS p
info: Onion.CleanArchitecture.WebApp.Server.Services.MicroserviceLauncherHostedService[0]
      [OrderSubmitService]       WHERE p."ProductId" = @productId
info: Onion.CleanArchitecture.WebApp.Server.Services.MicroserviceLauncherHostedService[0]
      [OrderSubmitService]       LIMIT 1
info: Onion.CleanArchitecture.WebApp.Server.Services.MicroserviceLauncherHostedService[0]
      [OrderSubmitService] info: Microsoft.EntityFrameworkCore.Database.Command[20101]
info: Onion.CleanArchitecture.WebApp.Server.Services.MicroserviceLauncherHostedService[0]
      [OrderSubmitService]       Executed DbCommand (7ms) [Parameters=[@p14='?' (DbType = Int32), @p0='?' (DbType = DateTime), @p1='?' (DbType = DateTime), @p2='?', @p3='?', @p4='?' (DbType = Boolean), @p5='?' (DbType = DateTime), @p6='?', @p7='?', @p8='?', @p9='?' (DbType = DateTime), @p10='?', @p11='?' (DbType = Int32), @p12='?' (DbType = Decimal), @p13='?' (DbType = DateTime), @p27='?' (DbType = Int32), @p15='?', @p16='?' (DbType = DateTime), @p17='?', @p18='?', @p19='?' (DbType = Boolean), @p20='?' (DbType = DateTime), @p21='?', @p22='?', @p23='?' (DbType = Decimal), @p24='?' (DbType = Guid), @p25='?' (DbType = Decimal), @p26='?' (DbType = Int32), @p40='?' (DbType = Int32), @p28='?', @p29='?' (DbType = DateTime), @p30='?', @p31='?', @p32='?' (DbType = Boolean), @p33='?' (DbType = DateTime), @p34='?', @p35='?', @p36='?' (DbType = Decimal), @p37='?' (DbType = Guid), @p38='?' (DbType = Decimal), @p39='?' (DbType = Int32)], CommandType='Text', CommandTimeout='30']
info: Onion.CleanArchitecture.WebApp.Server.Services.MicroserviceLauncherHostedService[0]
      [OrderSubmitService]       UPDATE "Orders" SET "CompletedAt" = @p0, "CreatedAt" = @p1, "CreatedBy" = @p2, "CustomerId" = @p3, "IsReserved" = @p4, "LastModifiedAt" = @p5, "LastModifiedBy" = @p6, "Note" = @p7, "OrderCode" = @p8, "RejectedAt" = @p9, "ShippingAddress" = @p10, "Status" = @p11, "TotalAmount" = @p12, "UpdatedAt" = @p13
info: Onion.CleanArchitecture.WebApp.Server.Services.MicroserviceLauncherHostedService[0]
      [OrderSubmitService]       WHERE "Id" = @p14;
info: Onion.CleanArchitecture.WebApp.Server.Services.MicroserviceLauncherHostedService[0]
      [OrderSubmitService]       UPDATE "Product" SET "Code" = @p15, "CreatedAt" = @p16, "CreatedBy" = @p17, "Description" = @p18, "IsActive" = @p19, "LastModifiedAt" = @p20, "LastModifiedBy" = @p21, "Name" = @p22, "Price" = @p23, "ProductId" = @p24, "Rate" = @p25, "SLTKho" = @p26
info: Onion.CleanArchitecture.WebApp.Server.Services.MicroserviceLauncherHostedService[0]
      [OrderSubmitService]       WHERE "Id" = @p27;
info: Onion.CleanArchitecture.WebApp.Server.Services.MicroserviceLauncherHostedService[0]
      [OrderSubmitService]       UPDATE "Product" SET "Code" = @p28, "CreatedAt" = @p29, "CreatedBy" = @p30, "Description" = @p31, "IsActive" = @p32, "LastModifiedAt" = @p33, "LastModifiedBy" = @p34, "Name" = @p35, "Price" = @p36, "ProductId" = @p37, "Rate" = @p38, "SLTKho" = @p39
info: Onion.CleanArchitecture.WebApp.Server.Services.MicroserviceLauncherHostedService[0]
      [OrderSubmitService]       WHERE "Id" = @p40;
info: Onion.CleanArchitecture.WebApp.Server.Services.MicroserviceLauncherHostedService[0]
      [OrderSubmitService] info: Microsoft.EntityFrameworkCore.Database.Command[20101]
info: Onion.CleanArchitecture.WebApp.Server.Services.MicroserviceLauncherHostedService[0]
      [OrderSubmitService]       Executed DbCommand (5ms) [Parameters=[@p0='?', @p1='?' (DbType = DateTime), @p2='?', @p3='?', @p4='?' (DbType = Guid), @p5='?' (DbType = DateTime), @p6='?', @p7='?', @p8='?' (DbType = Guid), @p9='?' (DbType = Int32)], CommandType='Text', CommandTimeout='30']
info: Onion.CleanArchitecture.WebApp.Server.Services.MicroserviceLauncherHostedService[0]
      [OrderSubmitService]       INSERT INTO "OrderHistories" ("ConsumerName", "CreatedAt", "CreatedBy", "EventType", "HistoryId", "LastModifiedAt", "LastModifiedBy", "Message", "OrderId", "Status")
info: Onion.CleanArchitecture.WebApp.Server.Services.MicroserviceLauncherHostedService[0]
      [OrderSubmitService]       VALUES (@p0, @p1, @p2, @p3, @p4, @p5, @p6, @p7, @p8, @p9)
info: Onion.CleanArchitecture.WebApp.Server.Services.MicroserviceLauncherHostedService[0]
      [OrderSubmitService]       RETURNING "Id";
info: Onion.CleanArchitecture.WebApp.Server.Services.MicroserviceLauncherHostedService[0]
      [OrderSubmitService] info: OrderSubmitService.OrderSubmitConsumer[0]
info: Onion.CleanArchitecture.WebApp.Server.Services.MicroserviceLauncherHostedService[0]
      [OrderSubmitService]       Validate thành công OrderId=f69e6c6f-b5b1-4cf9-8a36-9df17750b70c, đã giữ chỗ 2 sản phẩm. Saga sẽ gửi AcceptOrderCommand
info: Onion.CleanArchitecture.WebApp.Server.Services.MicroserviceLauncherHostedService[0]
      [OrderOrchestration] info: Microsoft.EntityFrameworkCore.Database.Command[20101]
info: Onion.CleanArchitecture.WebApp.Server.Services.MicroserviceLauncherHostedService[0]
      [OrderOrchestration]       Executed DbCommand (5ms) [Parameters=[p0='?' (DbType = Guid)], CommandType='Text', CommandTimeout='30']
info: Onion.CleanArchitecture.WebApp.Server.Services.MicroserviceLauncherHostedService[0]
      [OrderOrchestration]       SELECT o."CorrelationId", o."CreatedAt", o."CurrentState", o."CustomerId", o."ErrorReason", o."IsTimeout", o."Items", o."NeedReleaseInventory", o."TotalAmount"
info: Onion.CleanArchitecture.WebApp.Server.Services.MicroserviceLauncherHostedService[0]
      [OrderOrchestration]       FROM (
info: Onion.CleanArchitecture.WebApp.Server.Services.MicroserviceLauncherHostedService[0]
      [OrderOrchestration]           SELECT *, xmin FROM "OrderState" WHERE "CorrelationId" = @p0 FOR UPDATE
info: Onion.CleanArchitecture.WebApp.Server.Services.MicroserviceLauncherHostedService[0]
      [OrderOrchestration]       ) AS o
info: Onion.CleanArchitecture.WebApp.Server.Services.MicroserviceLauncherHostedService[0]
      [OrderOrchestration]       LIMIT 2
info: Onion.CleanArchitecture.WebApp.Server.Services.MicroserviceLauncherHostedService[0]
      [OrderOrchestration] info: Microsoft.EntityFrameworkCore.Database.Command[20101]
info: Onion.CleanArchitecture.WebApp.Server.Services.MicroserviceLauncherHostedService[0]
      [OrderOrchestration]       Executed DbCommand (2ms) [Parameters=[@p2='?' (DbType = Guid), @p0='?', @p1='?' (DbType = Boolean)], CommandType='Text', CommandTimeout='30']
info: Onion.CleanArchitecture.WebApp.Server.Services.MicroserviceLauncherHostedService[0]
      [OrderOrchestration]       UPDATE "OrderState" SET "CurrentState" = @p0, "NeedReleaseInventory" = @p1
info: Onion.CleanArchitecture.WebApp.Server.Services.MicroserviceLauncherHostedService[0]
      [OrderOrchestration]       WHERE "CorrelationId" = @p2;
info: Onion.CleanArchitecture.WebApp.Server.Services.MicroserviceLauncherHostedService[0]
      [OrderAcceptService] info: Microsoft.EntityFrameworkCore.Database.Command[20101]
info: Onion.CleanArchitecture.WebApp.Server.Services.MicroserviceLauncherHostedService[0]
      [OrderAcceptService]       Executed DbCommand (19ms) [Parameters=[@orderId='?' (DbType = Guid)], CommandType='Text', CommandTimeout='30']
info: Onion.CleanArchitecture.WebApp.Server.Services.MicroserviceLauncherHostedService[0]
      [OrderAcceptService]       SELECT o."Id", o."CompletedAt", o."CreatedAt", o."CreatedBy", o."CustomerId", o."IsReserved", o."LastModifiedAt", o."LastModifiedBy", o."Note", o."OrderCode", o."OrderId", o."RejectedAt", o."ShippingAddress", o."Status", o."TotalAmount", o."UpdatedAt"
info: Onion.CleanArchitecture.WebApp.Server.Services.MicroserviceLauncherHostedService[0]
      [OrderAcceptService]       FROM "Orders" AS o
info: Onion.CleanArchitecture.WebApp.Server.Services.MicroserviceLauncherHostedService[0]
      [OrderAcceptService]       WHERE o."OrderId" = @orderId
info: Onion.CleanArchitecture.WebApp.Server.Services.MicroserviceLauncherHostedService[0]
      [OrderAcceptService]       ORDER BY o."Id"
info: Onion.CleanArchitecture.WebApp.Server.Services.MicroserviceLauncherHostedService[0]
      [OrderAcceptService]       LIMIT 1
info: Onion.CleanArchitecture.WebApp.Server.Services.MicroserviceLauncherHostedService[0]
      [OrderAcceptService] info: Microsoft.EntityFrameworkCore.Database.Command[20101]
info: Onion.CleanArchitecture.WebApp.Server.Services.MicroserviceLauncherHostedService[0]
      [OrderAcceptService]       Executed DbCommand (7ms) [Parameters=[@orderId='?' (DbType = Guid)], CommandType='Text', CommandTimeout='30']
info: Onion.CleanArchitecture.WebApp.Server.Services.MicroserviceLauncherHostedService[0]
      [OrderAcceptService]       SELECT o0."Id", o0."CreatedAt", o0."CreatedBy", o0."LastModifiedAt", o0."LastModifiedBy", o0."OrderId", o0."OrderItemId", o0."ProductId", o0."ProductName", o0."Quantity", o0."UnitPrice", o1."Id"
info: Onion.CleanArchitecture.WebApp.Server.Services.MicroserviceLauncherHostedService[0]
      [OrderAcceptService]       FROM (
info: Onion.CleanArchitecture.WebApp.Server.Services.MicroserviceLauncherHostedService[0]
      [OrderAcceptService]           SELECT o."Id", o."OrderId"
info: Onion.CleanArchitecture.WebApp.Server.Services.MicroserviceLauncherHostedService[0]
      [OrderAcceptService]           FROM "Orders" AS o
info: Onion.CleanArchitecture.WebApp.Server.Services.MicroserviceLauncherHostedService[0]
      [OrderAcceptService]           WHERE o."OrderId" = @orderId
info: Onion.CleanArchitecture.WebApp.Server.Services.MicroserviceLauncherHostedService[0]
      [OrderAcceptService]           ORDER BY o."Id"
info: Onion.CleanArchitecture.WebApp.Server.Services.MicroserviceLauncherHostedService[0]
      [OrderAcceptService]           LIMIT 1
info: Onion.CleanArchitecture.WebApp.Server.Services.MicroserviceLauncherHostedService[0]
      [OrderAcceptService]       ) AS o1
info: Onion.CleanArchitecture.WebApp.Server.Services.MicroserviceLauncherHostedService[0]
      [OrderAcceptService]       INNER JOIN "OrderItems" AS o0 ON o1."OrderId" = o0."OrderId"
info: Onion.CleanArchitecture.WebApp.Server.Services.MicroserviceLauncherHostedService[0]
      [OrderAcceptService]       ORDER BY o1."Id"
info: Onion.CleanArchitecture.WebApp.Server.Services.MicroserviceLauncherHostedService[0]
      [OrderAcceptService] info: OrderAcceptService.OrderAcceptConsumer[0]
info: Onion.CleanArchitecture.WebApp.Server.Services.MicroserviceLauncherHostedService[0]
      [OrderAcceptService]       Nhận AcceptOrderCommand OrderId=f69e6c6f-b5b1-4cf9-8a36-9df17750b70c
info: Onion.CleanArchitecture.WebApp.Server.Services.MicroserviceLauncherHostedService[0]
      [OrderAcceptService] info: Microsoft.EntityFrameworkCore.Database.Command[20101]
info: Onion.CleanArchitecture.WebApp.Server.Services.MicroserviceLauncherHostedService[0]
      [OrderAcceptService]       Executed DbCommand (5ms) [Parameters=[@productId='?' (DbType = Guid)], CommandType='Text', CommandTimeout='30']
info: Onion.CleanArchitecture.WebApp.Server.Services.MicroserviceLauncherHostedService[0]
      [OrderAcceptService]       SELECT p."Id", p."Code", p."CreatedAt", p."CreatedBy", p."Description", p."IsActive", p."LastModifiedAt", p."LastModifiedBy", p."Name", p."Price", p."ProductId", p."Rate", p."SLTKho"
info: Onion.CleanArchitecture.WebApp.Server.Services.MicroserviceLauncherHostedService[0]
      [OrderAcceptService]       FROM "Product" AS p
info: Onion.CleanArchitecture.WebApp.Server.Services.MicroserviceLauncherHostedService[0]
      [OrderAcceptService]       WHERE p."ProductId" = @productId
info: Onion.CleanArchitecture.WebApp.Server.Services.MicroserviceLauncherHostedService[0]
      [OrderAcceptService]       LIMIT 1
info: Onion.CleanArchitecture.WebApp.Server.Services.MicroserviceLauncherHostedService[0]
      [OrderAcceptService] info: Microsoft.EntityFrameworkCore.Database.Command[20101]
info: Onion.CleanArchitecture.WebApp.Server.Services.MicroserviceLauncherHostedService[0]
      [OrderAcceptService]       Executed DbCommand (3ms) [Parameters=[@productId='?' (DbType = Guid)], CommandType='Text', CommandTimeout='30']
info: Onion.CleanArchitecture.WebApp.Server.Services.MicroserviceLauncherHostedService[0]
      [OrderAcceptService]       SELECT p."Id", p."Code", p."CreatedAt", p."CreatedBy", p."Description", p."IsActive", p."LastModifiedAt", p."LastModifiedBy", p."Name", p."Price", p."ProductId", p."Rate", p."SLTKho"
info: Onion.CleanArchitecture.WebApp.Server.Services.MicroserviceLauncherHostedService[0]
      [OrderAcceptService]       FROM "Product" AS p
info: Onion.CleanArchitecture.WebApp.Server.Services.MicroserviceLauncherHostedService[0]
      [OrderAcceptService]       WHERE p."ProductId" = @productId
info: Onion.CleanArchitecture.WebApp.Server.Services.MicroserviceLauncherHostedService[0]
      [OrderAcceptService]       LIMIT 1
info: Onion.CleanArchitecture.WebApp.Server.Services.MicroserviceLauncherHostedService[0]
      [OrderAcceptService] info: Microsoft.EntityFrameworkCore.Database.Command[20101]
info: Onion.CleanArchitecture.WebApp.Server.Services.MicroserviceLauncherHostedService[0]
      [OrderAcceptService]       Executed DbCommand (6ms) [Parameters=[@p14='?' (DbType = Int32), @p0='?' (DbType = DateTime), @p1='?' (DbType = DateTime), @p2='?', @p3='?', @p4='?' (DbType = Boolean), @p5='?' (DbType = DateTime), @p6='?', @p7='?', @p8='?', @p9='?' (DbType = DateTime), @p10='?', @p11='?' (DbType = Int32), @p12='?' (DbType = Decimal), @p13='?' (DbType = DateTime)], CommandType='Text', CommandTimeout='30']
info: Onion.CleanArchitecture.WebApp.Server.Services.MicroserviceLauncherHostedService[0]
      [OrderAcceptService]       UPDATE "Orders" SET "CompletedAt" = @p0, "CreatedAt" = @p1, "CreatedBy" = @p2, "CustomerId" = @p3, "IsReserved" = @p4, "LastModifiedAt" = @p5, "LastModifiedBy" = @p6, "Note" = @p7, "OrderCode" = @p8, "RejectedAt" = @p9, "ShippingAddress" = @p10, "Status" = @p11, "TotalAmount" = @p12, "UpdatedAt" = @p13
info: Onion.CleanArchitecture.WebApp.Server.Services.MicroserviceLauncherHostedService[0]
      [OrderAcceptService]       WHERE "Id" = @p14;
info: Onion.CleanArchitecture.WebApp.Server.Services.MicroserviceLauncherHostedService[0]
      [OrderAcceptService] info: Microsoft.EntityFrameworkCore.Database.Command[20101]
info: Onion.CleanArchitecture.WebApp.Server.Services.MicroserviceLauncherHostedService[0]
      [OrderAcceptService]       Executed DbCommand (4ms) [Parameters=[@p0='?' (DbType = DateTime), @p1='?', @p2='?' (DbType = DateTime), @p3='?', @p4='?' (DbType = Guid), @p5='?' (DbType = Int32), @p6='?' (DbType = DateTime), @p7='?' (DbType = Guid), @p8='?' (DbType = Int32)], CommandType='Text', CommandTimeout='30']
info: Onion.CleanArchitecture.WebApp.Server.Services.MicroserviceLauncherHostedService[0]
      [OrderAcceptService]       INSERT INTO "OrderTimers" ("CreatedAt", "CreatedBy", "LastModifiedAt", "LastModifiedBy", "OrderId", "Status", "Timeout", "TimerId", "TimerStatus")
info: Onion.CleanArchitecture.WebApp.Server.Services.MicroserviceLauncherHostedService[0]
      [OrderAcceptService]       VALUES (@p0, @p1, @p2, @p3, @p4, @p5, @p6, @p7, @p8)
info: Onion.CleanArchitecture.WebApp.Server.Services.MicroserviceLauncherHostedService[0]
      [OrderAcceptService]       RETURNING "Id";
info: Onion.CleanArchitecture.WebApp.Server.Services.MicroserviceLauncherHostedService[0]
      [OrderAcceptService] info: Microsoft.EntityFrameworkCore.Database.Command[20101]
info: Onion.CleanArchitecture.WebApp.Server.Services.MicroserviceLauncherHostedService[0]
      [OrderAcceptService]       Executed DbCommand (8ms) [Parameters=[@p0='?', @p1='?' (DbType = DateTime), @p2='?', @p3='?', @p4='?' (DbType = Guid), @p5='?' (DbType = DateTime), @p6='?', @p7='?', @p8='?' (DbType = Guid), @p9='?' (DbType = Int32)], CommandType='Text', CommandTimeout='30']
info: Onion.CleanArchitecture.WebApp.Server.Services.MicroserviceLauncherHostedService[0]
      [OrderAcceptService]       INSERT INTO "OrderHistories" ("ConsumerName", "CreatedAt", "CreatedBy", "EventType", "HistoryId", "LastModifiedAt", "LastModifiedBy", "Message", "OrderId", "Status")
info: Onion.CleanArchitecture.WebApp.Server.Services.MicroserviceLauncherHostedService[0]
      [OrderAcceptService]       VALUES (@p0, @p1, @p2, @p3, @p4, @p5, @p6, @p7, @p8, @p9)
info: Onion.CleanArchitecture.WebApp.Server.Services.MicroserviceLauncherHostedService[0]
      [OrderAcceptService]       RETURNING "Id";
info: Onion.CleanArchitecture.WebApp.Server.Services.MicroserviceLauncherHostedService[0]
      [OrderAcceptService] info: OrderAcceptService.OrderAcceptConsumer[0]
info: Onion.CleanArchitecture.WebApp.Server.Services.MicroserviceLauncherHostedService[0]
      [OrderAcceptService]       Accept thành công OrderId=f69e6c6f-b5b1-4cf9-8a36-9df17750b70c, Saga sẽ gửi CompleteOrderCommand
info: Onion.CleanArchitecture.WebApp.Server.Services.MicroserviceLauncherHostedService[0]
      [OrderOrchestration] info: Microsoft.EntityFrameworkCore.Database.Command[20101]
info: Onion.CleanArchitecture.WebApp.Server.Services.MicroserviceLauncherHostedService[0]
      [OrderOrchestration]       Executed DbCommand (3ms) [Parameters=[p0='?' (DbType = Guid)], CommandType='Text', CommandTimeout='30']
info: Onion.CleanArchitecture.WebApp.Server.Services.MicroserviceLauncherHostedService[0]
      [OrderOrchestration]       SELECT o."CorrelationId", o."CreatedAt", o."CurrentState", o."CustomerId", o."ErrorReason", o."IsTimeout", o."Items", o."NeedReleaseInventory", o."TotalAmount"
info: Onion.CleanArchitecture.WebApp.Server.Services.MicroserviceLauncherHostedService[0]
      [OrderOrchestration]       FROM (
info: Onion.CleanArchitecture.WebApp.Server.Services.MicroserviceLauncherHostedService[0]
      [OrderOrchestration]           SELECT *, xmin FROM "OrderState" WHERE "CorrelationId" = @p0 FOR UPDATE
info: Onion.CleanArchitecture.WebApp.Server.Services.MicroserviceLauncherHostedService[0]
      [OrderOrchestration]       ) AS o
info: Onion.CleanArchitecture.WebApp.Server.Services.MicroserviceLauncherHostedService[0]
      [OrderOrchestration]       LIMIT 2
info: Onion.CleanArchitecture.WebApp.Server.Services.MicroserviceLauncherHostedService[0]
      [OrderOrchestration] info: Microsoft.EntityFrameworkCore.Database.Command[20101]
info: Onion.CleanArchitecture.WebApp.Server.Services.MicroserviceLauncherHostedService[0]
      [OrderOrchestration]       Executed DbCommand (1ms) [Parameters=[@p1='?' (DbType = Guid), @p0='?'], CommandType='Text', CommandTimeout='30']
info: Onion.CleanArchitecture.WebApp.Server.Services.MicroserviceLauncherHostedService[0]
      [OrderOrchestration]       UPDATE "OrderState" SET "CurrentState" = @p0
info: Onion.CleanArchitecture.WebApp.Server.Services.MicroserviceLauncherHostedService[0]
      [OrderOrchestration]       WHERE "CorrelationId" = @p1;
info: Onion.CleanArchitecture.WebApp.Server.Services.MicroserviceLauncherHostedService[0]
      [OrderCompleteService] info: Microsoft.EntityFrameworkCore.Database.Command[20101]
info: Onion.CleanArchitecture.WebApp.Server.Services.MicroserviceLauncherHostedService[0]
      [OrderCompleteService]       Executed DbCommand (8ms) [Parameters=[@orderId='?' (DbType = Guid)], CommandType='Text', CommandTimeout='30']
info: Onion.CleanArchitecture.WebApp.Server.Services.MicroserviceLauncherHostedService[0]
      [OrderCompleteService]       SELECT o."Id", o."CompletedAt", o."CreatedAt", o."CreatedBy", o."CustomerId", o."IsReserved", o."LastModifiedAt", o."LastModifiedBy", o."Note", o."OrderCode", o."OrderId", o."RejectedAt", o."ShippingAddress", o."Status", o."TotalAmount", o."UpdatedAt"
info: Onion.CleanArchitecture.WebApp.Server.Services.MicroserviceLauncherHostedService[0]
      [OrderCompleteService]       FROM "Orders" AS o
info: Onion.CleanArchitecture.WebApp.Server.Services.MicroserviceLauncherHostedService[0]
      [OrderCompleteService]       WHERE o."OrderId" = @orderId
info: Onion.CleanArchitecture.WebApp.Server.Services.MicroserviceLauncherHostedService[0]
      [OrderCompleteService]       ORDER BY o."Id"
info: Onion.CleanArchitecture.WebApp.Server.Services.MicroserviceLauncherHostedService[0]
      [OrderCompleteService]       LIMIT 1
info: Onion.CleanArchitecture.WebApp.Server.Services.MicroserviceLauncherHostedService[0]
      [OrderCompleteService] info: Microsoft.EntityFrameworkCore.Database.Command[20101]
info: Onion.CleanArchitecture.WebApp.Server.Services.MicroserviceLauncherHostedService[0]
      [OrderCompleteService]       Executed DbCommand (7ms) [Parameters=[@orderId='?' (DbType = Guid)], CommandType='Text', CommandTimeout='30']
info: Onion.CleanArchitecture.WebApp.Server.Services.MicroserviceLauncherHostedService[0]
      [OrderCompleteService]       SELECT o0."Id", o0."CreatedAt", o0."CreatedBy", o0."LastModifiedAt", o0."LastModifiedBy", o0."OrderId", o0."OrderItemId", o0."ProductId", o0."ProductName", o0."Quantity", o0."UnitPrice", o1."Id"
info: Onion.CleanArchitecture.WebApp.Server.Services.MicroserviceLauncherHostedService[0]
      [OrderCompleteService]       FROM (
info: Onion.CleanArchitecture.WebApp.Server.Services.MicroserviceLauncherHostedService[0]
      [OrderCompleteService]           SELECT o."Id", o."OrderId"
info: Onion.CleanArchitecture.WebApp.Server.Services.MicroserviceLauncherHostedService[0]
      [OrderCompleteService]           FROM "Orders" AS o
info: Onion.CleanArchitecture.WebApp.Server.Services.MicroserviceLauncherHostedService[0]
      [OrderCompleteService]           WHERE o."OrderId" = @orderId
info: Onion.CleanArchitecture.WebApp.Server.Services.MicroserviceLauncherHostedService[0]
      [OrderCompleteService]           ORDER BY o."Id"
info: Onion.CleanArchitecture.WebApp.Server.Services.MicroserviceLauncherHostedService[0]
      [OrderCompleteService]           LIMIT 1
info: Onion.CleanArchitecture.WebApp.Server.Services.MicroserviceLauncherHostedService[0]
      [OrderCompleteService]       ) AS o1
info: Onion.CleanArchitecture.WebApp.Server.Services.MicroserviceLauncherHostedService[0]
      [OrderCompleteService]       INNER JOIN "OrderItems" AS o0 ON o1."OrderId" = o0."OrderId"
info: Onion.CleanArchitecture.WebApp.Server.Services.MicroserviceLauncherHostedService[0]
      [OrderCompleteService]       ORDER BY o1."Id"
info: Onion.CleanArchitecture.WebApp.Server.Services.MicroserviceLauncherHostedService[0]
      [OrderCompleteService] info: OrderCompleteService.OrderCompleteConsumer[0]
info: Onion.CleanArchitecture.WebApp.Server.Services.MicroserviceLauncherHostedService[0]
      [OrderCompleteService]       Nhận CompleteOrderCommand OrderId=f69e6c6f-b5b1-4cf9-8a36-9df17750b70c
info: Onion.CleanArchitecture.WebApp.Server.Services.MicroserviceLauncherHostedService[0]
      [OrderCompleteService] info: Microsoft.EntityFrameworkCore.Database.Command[20101]
info: Onion.CleanArchitecture.WebApp.Server.Services.MicroserviceLauncherHostedService[0]
      [OrderCompleteService]       Executed DbCommand (5ms) [Parameters=[@orderId='?' (DbType = Guid)], CommandType='Text', CommandTimeout='30']
info: Onion.CleanArchitecture.WebApp.Server.Services.MicroserviceLauncherHostedService[0]
      [OrderCompleteService]       SELECT o."Id", o."CreatedAt", o."CreatedBy", o."LastModifiedAt", o."LastModifiedBy", o."OrderId", o."Status", o."Timeout", o."TimerId", o."TimerStatus"
info: Onion.CleanArchitecture.WebApp.Server.Services.MicroserviceLauncherHostedService[0]
      [OrderCompleteService]       FROM "OrderTimers" AS o
info: Onion.CleanArchitecture.WebApp.Server.Services.MicroserviceLauncherHostedService[0]
      [OrderCompleteService]       WHERE o."OrderId" = @orderId AND o."TimerStatus" = 1
info: Onion.CleanArchitecture.WebApp.Server.Services.MicroserviceLauncherHostedService[0]
      [OrderCompleteService]       LIMIT 1
info: Onion.CleanArchitecture.WebApp.Server.Services.MicroserviceLauncherHostedService[0]
      [OrderCompleteService] info: Microsoft.EntityFrameworkCore.Database.Command[20101]
info: Onion.CleanArchitecture.WebApp.Server.Services.MicroserviceLauncherHostedService[0]
      [OrderCompleteService]       Executed DbCommand (6ms) [Parameters=[@p14='?' (DbType = Int32), @p0='?' (DbType = DateTime), @p1='?' (DbType = DateTime), @p2='?', @p3='?', @p4='?' (DbType = Boolean), @p5='?' (DbType = DateTime), @p6='?', @p7='?', @p8='?', @p9='?' (DbType = DateTime), @p10='?', @p11='?' (DbType = Int32), @p12='?' (DbType = Decimal), @p13='?' (DbType = DateTime)], CommandType='Text', CommandTimeout='30']
info: Onion.CleanArchitecture.WebApp.Server.Services.MicroserviceLauncherHostedService[0]
      [OrderCompleteService]       UPDATE "Orders" SET "CompletedAt" = @p0, "CreatedAt" = @p1, "CreatedBy" = @p2, "CustomerId" = @p3, "IsReserved" = @p4, "LastModifiedAt" = @p5, "LastModifiedBy" = @p6, "Note" = @p7, "OrderCode" = @p8, "RejectedAt" = @p9, "ShippingAddress" = @p10, "Status" = @p11, "TotalAmount" = @p12, "UpdatedAt" = @p13
info: Onion.CleanArchitecture.WebApp.Server.Services.MicroserviceLauncherHostedService[0]
      [OrderCompleteService]       WHERE "Id" = @p14;
info: Onion.CleanArchitecture.WebApp.Server.Services.MicroserviceLauncherHostedService[0]
      [OrderCompleteService] info: Microsoft.EntityFrameworkCore.Database.Command[20101]
info: Onion.CleanArchitecture.WebApp.Server.Services.MicroserviceLauncherHostedService[0]
      [OrderCompleteService]       Executed DbCommand (3ms) [Parameters=[@p0='?', @p1='?' (DbType = DateTime), @p2='?', @p3='?', @p4='?' (DbType = Guid), @p5='?' (DbType = DateTime), @p6='?', @p7='?', @p8='?' (DbType = Guid), @p9='?' (DbType = Int32)], CommandType='Text', CommandTimeout='30']
info: Onion.CleanArchitecture.WebApp.Server.Services.MicroserviceLauncherHostedService[0]
      [OrderCompleteService]       INSERT INTO "OrderHistories" ("ConsumerName", "CreatedAt", "CreatedBy", "EventType", "HistoryId", "LastModifiedAt", "LastModifiedBy", "Message", "OrderId", "Status")
info: Onion.CleanArchitecture.WebApp.Server.Services.MicroserviceLauncherHostedService[0]
      [OrderCompleteService]       VALUES (@p0, @p1, @p2, @p3, @p4, @p5, @p6, @p7, @p8, @p9)
info: Onion.CleanArchitecture.WebApp.Server.Services.MicroserviceLauncherHostedService[0]
      [OrderCompleteService]       RETURNING "Id";
info: Onion.CleanArchitecture.WebApp.Server.Services.MicroserviceLauncherHostedService[0]
      [OrderCompleteService] info: OrderCompleteService.OrderCompleteConsumer[0]
info: Onion.CleanArchitecture.WebApp.Server.Services.MicroserviceLauncherHostedService[0]
      [OrderCompleteService]       Complete thành công OrderId=f69e6c6f-b5b1-4cf9-8a36-9df17750b70c.
info: Onion.CleanArchitecture.WebApp.Server.Services.MicroserviceLauncherHostedService[0]
      [OrderOrchestration] info: Microsoft.EntityFrameworkCore.Database.Command[20101]
info: Onion.CleanArchitecture.WebApp.Server.Services.MicroserviceLauncherHostedService[0]
      [OrderOrchestration]       Executed DbCommand (2ms) [Parameters=[p0='?' (DbType = Guid)], CommandType='Text', CommandTimeout='30']
info: Onion.CleanArchitecture.WebApp.Server.Services.MicroserviceLauncherHostedService[0]
      [OrderOrchestration]       SELECT o."CorrelationId", o."CreatedAt", o."CurrentState", o."CustomerId", o."ErrorReason", o."IsTimeout", o."Items", o."NeedReleaseInventory", o."TotalAmount"
info: Onion.CleanArchitecture.WebApp.Server.Services.MicroserviceLauncherHostedService[0]
      [OrderOrchestration]       FROM (
info: Onion.CleanArchitecture.WebApp.Server.Services.MicroserviceLauncherHostedService[0]
      [OrderOrchestration]           SELECT *, xmin FROM "OrderState" WHERE "CorrelationId" = @p0 FOR UPDATE
info: Onion.CleanArchitecture.WebApp.Server.Services.MicroserviceLauncherHostedService[0]
      [OrderOrchestration]       ) AS o
info: Onion.CleanArchitecture.WebApp.Server.Services.MicroserviceLauncherHostedService[0]
      [OrderOrchestration]       LIMIT 2
info: Onion.CleanArchitecture.WebApp.Server.Services.MicroserviceLauncherHostedService[0]
      [OrderOrchestration] info: Microsoft.EntityFrameworkCore.Database.Command[20101]
info: Onion.CleanArchitecture.WebApp.Server.Services.MicroserviceLauncherHostedService[0]
      [OrderOrchestration]       Executed DbCommand (1ms) [Parameters=[@p1='?' (DbType = Guid), @p0='?'], CommandType='Text', CommandTimeout='30']
info: Onion.CleanArchitecture.WebApp.Server.Services.MicroserviceLauncherHostedService[0]
      [OrderOrchestration]       UPDATE "OrderState" SET "CurrentState" = @p0
info: Onion.CleanArchitecture.WebApp.Server.Services.MicroserviceLauncherHostedService[0]
      [OrderOrchestration]       WHERE "CorrelationId" = @p1;
info: Onion.CleanArchitecture.WebApp.Server.Services.MicroserviceLauncherHostedService[0]
      [NotificationService] info: NotificationService.Consumers.OrderCompleteSuccessConsumer[0]
info: Onion.CleanArchitecture.WebApp.Server.Services.MicroserviceLauncherHostedService[0]
      [NotificationService]       Nhận OrderCompleteSuccessResponse OrderId=f69e6c6f-b5b1-4cf9-8a36-9df17750b70c
info: Microsoft.EntityFrameworkCore.Database.Command[20101]
      Executed DbCommand (2ms) [Parameters=[], CommandType='Text', CommandTimeout='30']
      SELECT count(*)::int
      FROM "Orders" AS o
info: Microsoft.EntityFrameworkCore.Database.Command[20101]
      Executed DbCommand (2ms) [Parameters=[@p1='?' (DbType = Int32), @p='?' (DbType = Int32)], CommandType='Text', CommandTimeout='30']
      SELECT o."Id", o."CompletedAt", o."CreatedAt", o."CreatedBy", o."CustomerId", o."IsReserved", o."LastModifiedAt", o."LastModifiedBy", o."Note", o."OrderCode", o."OrderId", o."RejectedAt", o."ShippingAddress", o."Status", o."TotalAmount", o."UpdatedAt"
      FROM "Orders" AS o
      ORDER BY o."CreatedAt" DESC
      LIMIT @p1 OFFSET @p
info: Onion.CleanArchitecture.WebApp.Server.Services.MicroserviceLauncherHostedService[0]
      [NotificationService] info: Microsoft.EntityFrameworkCore.Database.Command[20101]
info: Onion.CleanArchitecture.WebApp.Server.Services.MicroserviceLauncherHostedService[0]
      [NotificationService]       Executed DbCommand (9ms) [Parameters=[@p0='?' (DbType = DateTime), @p1='?', @p2='?' (DbType = Boolean), @p3='?' (DbType = DateTime), @p4='?', @p5='?', @p6='?' (DbType = Guid), @p7='?' (DbType = Guid), @p8='?' (DbType = DateTime), @p9='?' (DbType = Guid), @p10='?', @p11='?'], CommandType='Text', CommandTimeout='30']
info: Onion.CleanArchitecture.WebApp.Server.Services.MicroserviceLauncherHostedService[0]
      [NotificationService]       INSERT INTO "Notifications" ("CreatedAt", "CreatedBy", "IsRead", "LastModifiedAt", "LastModifiedBy", "Message", "NotifyId", "OrderId", "SendAt", "TargetUserId", "Title", "Type")
info: Onion.CleanArchitecture.WebApp.Server.Services.MicroserviceLauncherHostedService[0]
      [NotificationService]       VALUES (@p0, @p1, @p2, @p3, @p4, @p5, @p6, @p7, @p8, @p9, @p10, @p11)
info: Onion.CleanArchitecture.WebApp.Server.Services.MicroserviceLauncherHostedService[0]
      [NotificationService]       RETURNING "Id";
info: Onion.CleanArchitecture.WebApp.Server.Services.MicroserviceLauncherHostedService[0]
      [OrderAcceptService] info: Microsoft.EntityFrameworkCore.Database.Command[20101]
info: Onion.CleanArchitecture.WebApp.Server.Services.MicroserviceLauncherHostedService[0]
      [OrderAcceptService]       Executed DbCommand (1ms) [Parameters=[@now='?' (DbType = DateTime)], CommandType='Text', CommandTimeout='30']
info: Onion.CleanArchitecture.WebApp.Server.Services.MicroserviceLauncherHostedService[0]
      [OrderAcceptService]       SELECT o."Id", o."CreatedAt", o."CreatedBy", o."LastModifiedAt", o."LastModifiedBy", o."OrderId", o."Status", o."Timeout", o."TimerId", o."TimerStatus"
info: Onion.CleanArchitecture.WebApp.Server.Services.MicroserviceLauncherHostedService[0]
      [OrderAcceptService]       FROM "OrderTimers" AS o
info: Onion.CleanArchitecture.WebApp.Server.Services.MicroserviceLauncherHostedService[0]
      [OrderAcceptService]       WHERE o."TimerStatus" = 1 AND o."Timeout" <= @now
info: Onion.CleanArchitecture.WebApp.Server.Services.MicroserviceLauncherHostedService[0]
      [OrderAcceptService] info: Microsoft.EntityFrameworkCore.Database.Command[20101]
info: Onion.CleanArchitecture.WebApp.Server.Services.MicroserviceLauncherHostedService[0]
      [OrderAcceptService]       Executed DbCommand (2ms) [Parameters=[@now='?' (DbType = DateTime)], CommandType='Text', CommandTimeout='30']
info: Onion.CleanArchitecture.WebApp.Server.Services.MicroserviceLauncherHostedService[0]
      [OrderAcceptService]       SELECT o."Id", o."CreatedAt", o."CreatedBy", o."LastModifiedAt", o."LastModifiedBy", o."OrderId", o."Status", o."Timeout", o."TimerId", o."TimerStatus"
info: Onion.CleanArchitecture.WebApp.Server.Services.MicroserviceLauncherHostedService[0]
      [OrderAcceptService]       FROM "OrderTimers" AS o
info: Onion.CleanArchitecture.WebApp.Server.Services.MicroserviceLauncherHostedService[0]
      [OrderAcceptService]       WHERE o."TimerStatus" = 1 AND o."Timeout" <= @now
info: Onion.CleanArchitecture.WebApp.Server.Services.MicroserviceLauncherHostedService[0]
      [OrderAcceptService] info: Microsoft.EntityFrameworkCore.Database.Command[20101]
info: Onion.CleanArchitecture.WebApp.Server.Services.MicroserviceLauncherHostedService[0]
      [OrderAcceptService]       Executed DbCommand (2ms) [Parameters=[@now='?' (DbType = DateTime)], CommandType='Text', CommandTimeout='30']
info: Onion.CleanArchitecture.WebApp.Server.Services.MicroserviceLauncherHostedService[0]
      [OrderAcceptService]       SELECT o."Id", o."CreatedAt", o."CreatedBy", o."LastModifiedAt", o."LastModifiedBy", o."OrderId", o."Status", o."Timeout", o."TimerId", o."TimerStatus"
info: Onion.CleanArchitecture.WebApp.Server.Services.MicroserviceLauncherHostedService[0]
      [OrderAcceptService]       FROM "OrderTimers" AS o
info: Onion.CleanArchitecture.WebApp.Server.Services.MicroserviceLauncherHostedService[0]
      [OrderAcceptService]       WHERE o."TimerStatus" = 1 AND o."Timeout" <= @now
info: Onion.CleanArchitecture.WebApp.Server.Services.MicroserviceLauncherHostedService[0]
      [OrderAcceptService] info: OrderAcceptService.Services.TimerWatcherBackgroundService[0]
info: Onion.CleanArchitecture.WebApp.Server.Services.MicroserviceLauncherHostedService[0]
      [OrderAcceptService]       Tìm thấy 1 OrderTimer hết hạn cần xử lý.
info: Onion.CleanArchitecture.WebApp.Server.Services.MicroserviceLauncherHostedService[0]
      [OrderAcceptService] info: Microsoft.EntityFrameworkCore.Database.Command[20101]
info: Onion.CleanArchitecture.WebApp.Server.Services.MicroserviceLauncherHostedService[0]
      [OrderAcceptService]       Executed DbCommand (4ms) [Parameters=[@p9='?' (DbType = Int32), @p0='?' (DbType = DateTime), @p1='?', @p2='?' (DbType = DateTime), @p3='?', @p4='?' (DbType = Guid), @p5='?' (DbType = Int32), @p6='?' (DbType = DateTime), @p7='?' (DbType = Guid), @p8='?' (DbType = Int32)], CommandType='Text', CommandTimeout='30']
info: Onion.CleanArchitecture.WebApp.Server.Services.MicroserviceLauncherHostedService[0]
      [OrderAcceptService]       UPDATE "OrderTimers" SET "CreatedAt" = @p0, "CreatedBy" = @p1, "LastModifiedAt" = @p2, "LastModifiedBy" = @p3, "OrderId" = @p4, "Status" = @p5, "Timeout" = @p6, "TimerId" = @p7, "TimerStatus" = @p8
info: Onion.CleanArchitecture.WebApp.Server.Services.MicroserviceLauncherHostedService[0]
      [OrderAcceptService]       WHERE "Id" = @p9;
info: Onion.CleanArchitecture.WebApp.Server.Services.MicroserviceLauncherHostedService[0]
      [OrderOrchestration] info: Microsoft.EntityFrameworkCore.Database.Command[20101]
info: Onion.CleanArchitecture.WebApp.Server.Services.MicroserviceLauncherHostedService[0]
      [OrderOrchestration]       Executed DbCommand (6ms) [Parameters=[p0='?' (DbType = Guid)], CommandType='Text', CommandTimeout='30']
info: Onion.CleanArchitecture.WebApp.Server.Services.MicroserviceLauncherHostedService[0]
      [OrderOrchestration]       SELECT o."CorrelationId", o."CreatedAt", o."CurrentState", o."CustomerId", o."ErrorReason", o."IsTimeout", o."Items", o."NeedReleaseInventory", o."TotalAmount"
info: Onion.CleanArchitecture.WebApp.Server.Services.MicroserviceLauncherHostedService[0]
      [OrderOrchestration]       FROM (
info: Onion.CleanArchitecture.WebApp.Server.Services.MicroserviceLauncherHostedService[0]
      [OrderOrchestration]           SELECT *, xmin FROM "OrderState" WHERE "CorrelationId" = @p0 FOR UPDATE
info: Onion.CleanArchitecture.WebApp.Server.Services.MicroserviceLauncherHostedService[0]
      [OrderOrchestration]       ) AS o
info: Onion.CleanArchitecture.WebApp.Server.Services.MicroserviceLauncherHostedService[0]
      [OrderOrchestration]       LIMIT 2
info: Onion.CleanArchitecture.WebApp.Server.Services.MicroserviceLauncherHostedService[0]
      [OrderAcceptService] info: OrderAcceptService.Services.TimerWatcherBackgroundService[0]
info: Onion.CleanArchitecture.WebApp.Server.Services.MicroserviceLauncherHostedService[0]
      [OrderAcceptService]       Đã publish OrderTimeoutExpiredEvent OrderId=f69e6c6f-b5b1-4cf9-8a36-9df17750b70c, TargetAction=Complete.
info: Onion.CleanArchitecture.WebApp.Server.Services.MicroserviceLauncherHostedService[0]
      [OrderOrchestration] info: Microsoft.EntityFrameworkCore.Database.Command[20101]
info: Onion.CleanArchitecture.WebApp.Server.Services.MicroserviceLauncherHostedService[0]
      [OrderOrchestration]       Executed DbCommand (1ms) [Parameters=[@p3='?' (DbType = Guid), @p0='?', @p1='?', @p2='?' (DbType = Boolean)], CommandType='Text', CommandTimeout='30']
info: Onion.CleanArchitecture.WebApp.Server.Services.MicroserviceLauncherHostedService[0]
      [OrderOrchestration]       UPDATE "OrderState" SET "CurrentState" = @p0, "ErrorReason" = @p1, "IsTimeout" = @p2
info: Onion.CleanArchitecture.WebApp.Server.Services.MicroserviceLauncherHostedService[0]
      [OrderOrchestration]       WHERE "CorrelationId" = @p3;
info: Onion.CleanArchitecture.WebApp.Server.Services.MicroserviceLauncherHostedService[0]
      [OrderCompleteService] info: Microsoft.EntityFrameworkCore.Database.Command[20101]
info: Onion.CleanArchitecture.WebApp.Server.Services.MicroserviceLauncherHostedService[0]
      [OrderCompleteService]       Executed DbCommand (2ms) [Parameters=[@orderId='?' (DbType = Guid)], CommandType='Text', CommandTimeout='30']
info: Onion.CleanArchitecture.WebApp.Server.Services.MicroserviceLauncherHostedService[0]
      [OrderCompleteService]       SELECT o."Id", o."CompletedAt", o."CreatedAt", o."CreatedBy", o."CustomerId", o."IsReserved", o."LastModifiedAt", o."LastModifiedBy", o."Note", o."OrderCode", o."OrderId", o."RejectedAt", o."ShippingAddress", o."Status", o."TotalAmount", o."UpdatedAt"
info: Onion.CleanArchitecture.WebApp.Server.Services.MicroserviceLauncherHostedService[0]
      [OrderCompleteService]       FROM "Orders" AS o
info: Onion.CleanArchitecture.WebApp.Server.Services.MicroserviceLauncherHostedService[0]
      [OrderCompleteService]       WHERE o."OrderId" = @orderId
info: Onion.CleanArchitecture.WebApp.Server.Services.MicroserviceLauncherHostedService[0]
      [OrderCompleteService]       ORDER BY o."Id"
info: Onion.CleanArchitecture.WebApp.Server.Services.MicroserviceLauncherHostedService[0]
      [OrderCompleteService]       LIMIT 1
info: Onion.CleanArchitecture.WebApp.Server.Services.MicroserviceLauncherHostedService[0]
      [OrderCompleteService] info: Microsoft.EntityFrameworkCore.Database.Command[20101]
info: Onion.CleanArchitecture.WebApp.Server.Services.MicroserviceLauncherHostedService[0]
      [OrderCompleteService]       Executed DbCommand (1ms) [Parameters=[@orderId='?' (DbType = Guid)], CommandType='Text', CommandTimeout='30']
info: Onion.CleanArchitecture.WebApp.Server.Services.MicroserviceLauncherHostedService[0]
      [OrderCompleteService]       SELECT o0."Id", o0."CreatedAt", o0."CreatedBy", o0."LastModifiedAt", o0."LastModifiedBy", o0."OrderId", o0."OrderItemId", o0."ProductId", o0."ProductName", o0."Quantity", o0."UnitPrice", o1."Id"
info: Onion.CleanArchitecture.WebApp.Server.Services.MicroserviceLauncherHostedService[0]
      [OrderCompleteService]       FROM (
info: Onion.CleanArchitecture.WebApp.Server.Services.MicroserviceLauncherHostedService[0]
      [OrderCompleteService]           SELECT o."Id", o."OrderId"
info: Onion.CleanArchitecture.WebApp.Server.Services.MicroserviceLauncherHostedService[0]
      [OrderCompleteService]           FROM "Orders" AS o
info: Onion.CleanArchitecture.WebApp.Server.Services.MicroserviceLauncherHostedService[0]
      [OrderCompleteService]           WHERE o."OrderId" = @orderId
info: Onion.CleanArchitecture.WebApp.Server.Services.MicroserviceLauncherHostedService[0]
      [OrderCompleteService]           ORDER BY o."Id"
info: Onion.CleanArchitecture.WebApp.Server.Services.MicroserviceLauncherHostedService[0]
      [OrderCompleteService]           LIMIT 1
info: Onion.CleanArchitecture.WebApp.Server.Services.MicroserviceLauncherHostedService[0]
      [OrderCompleteService]       ) AS o1
info: Onion.CleanArchitecture.WebApp.Server.Services.MicroserviceLauncherHostedService[0]
      [OrderCompleteService]       INNER JOIN "OrderItems" AS o0 ON o1."OrderId" = o0."OrderId"
info: Onion.CleanArchitecture.WebApp.Server.Services.MicroserviceLauncherHostedService[0]
      [OrderCompleteService]       ORDER BY o1."Id"
info: Onion.CleanArchitecture.WebApp.Server.Services.MicroserviceLauncherHostedService[0]
      [OrderCompleteService] info: OrderCompleteService.OrderCompleteConsumer[0]
info: Onion.CleanArchitecture.WebApp.Server.Services.MicroserviceLauncherHostedService[0]
      [OrderCompleteService]       Nhận CompleteOrderCommand OrderId=f69e6c6f-b5b1-4cf9-8a36-9df17750b70c
info: Onion.CleanArchitecture.WebApp.Server.Services.MicroserviceLauncherHostedService[0]
      [OrderCompleteService] fail: OrderCompleteService.OrderCompleteConsumer[0]
info: Onion.CleanArchitecture.WebApp.Server.Services.MicroserviceLauncherHostedService[0]
      [OrderCompleteService]       OrderId=f69e6c6f-b5b1-4cf9-8a36-9df17750b70c không ở trạng thái Accepted.
info: Onion.CleanArchitecture.WebApp.Server.Services.MicroserviceLauncherHostedService[0]
      [OrderCompleteService] info: OrderCompleteService.ReleaseInventoryConsumer[0]
info: Onion.CleanArchitecture.WebApp.Server.Services.MicroserviceLauncherHostedService[0]
      [OrderCompleteService]       Nhận ReleaseInventoryCommand OrderId=f69e6c6f-b5b1-4cf9-8a36-9df17750b70c, bắt đầu bồi hoàn tồn kho.
info: Onion.CleanArchitecture.WebApp.Server.Services.MicroserviceLauncherHostedService[0]
      [OrderCompleteService] info: Microsoft.EntityFrameworkCore.Database.Command[20101]
info: Onion.CleanArchitecture.WebApp.Server.Services.MicroserviceLauncherHostedService[0]
      [OrderCompleteService]       Executed DbCommand (2ms) [Parameters=[@orderId='?' (DbType = Guid)], CommandType='Text', CommandTimeout='30']
info: Onion.CleanArchitecture.WebApp.Server.Services.MicroserviceLauncherHostedService[0]
      [OrderCompleteService]       SELECT o."Id", o."CompletedAt", o."CreatedAt", o."CreatedBy", o."CustomerId", o."IsReserved", o."LastModifiedAt", o."LastModifiedBy", o."Note", o."OrderCode", o."OrderId", o."RejectedAt", o."ShippingAddress", o."Status", o."TotalAmount", o."UpdatedAt"
info: Onion.CleanArchitecture.WebApp.Server.Services.MicroserviceLauncherHostedService[0]
      [OrderCompleteService]       FROM "Orders" AS o
info: Onion.CleanArchitecture.WebApp.Server.Services.MicroserviceLauncherHostedService[0]
      [OrderCompleteService]       WHERE o."OrderId" = @orderId
info: Onion.CleanArchitecture.WebApp.Server.Services.MicroserviceLauncherHostedService[0]
      [OrderCompleteService]       ORDER BY o."Id"
info: Onion.CleanArchitecture.WebApp.Server.Services.MicroserviceLauncherHostedService[0]
      [OrderCompleteService]       LIMIT 1
info: Onion.CleanArchitecture.WebApp.Server.Services.MicroserviceLauncherHostedService[0]
      [OrderCompleteService] info: Microsoft.EntityFrameworkCore.Database.Command[20101]
info: Onion.CleanArchitecture.WebApp.Server.Services.MicroserviceLauncherHostedService[0]
      [OrderCompleteService]       Executed DbCommand (2ms) [Parameters=[@orderId='?' (DbType = Guid)], CommandType='Text', CommandTimeout='30']
info: Onion.CleanArchitecture.WebApp.Server.Services.MicroserviceLauncherHostedService[0]
      [OrderCompleteService]       SELECT o0."Id", o0."CreatedAt", o0."CreatedBy", o0."LastModifiedAt", o0."LastModifiedBy", o0."OrderId", o0."OrderItemId", o0."ProductId", o0."ProductName", o0."Quantity", o0."UnitPrice", o1."Id"
info: Onion.CleanArchitecture.WebApp.Server.Services.MicroserviceLauncherHostedService[0]
      [OrderCompleteService]       FROM (
info: Onion.CleanArchitecture.WebApp.Server.Services.MicroserviceLauncherHostedService[0]
      [OrderCompleteService]           SELECT o."Id", o."OrderId"
info: Onion.CleanArchitecture.WebApp.Server.Services.MicroserviceLauncherHostedService[0]
      [OrderCompleteService]           FROM "Orders" AS o
info: Onion.CleanArchitecture.WebApp.Server.Services.MicroserviceLauncherHostedService[0]
      [OrderCompleteService]           WHERE o."OrderId" = @orderId
info: Onion.CleanArchitecture.WebApp.Server.Services.MicroserviceLauncherHostedService[0]
      [OrderCompleteService]           ORDER BY o."Id"
info: Onion.CleanArchitecture.WebApp.Server.Services.MicroserviceLauncherHostedService[0]
      [OrderCompleteService]           LIMIT 1
info: Onion.CleanArchitecture.WebApp.Server.Services.MicroserviceLauncherHostedService[0]
      [OrderCompleteService]       ) AS o1
info: Onion.CleanArchitecture.WebApp.Server.Services.MicroserviceLauncherHostedService[0]
      [OrderCompleteService]       INNER JOIN "OrderItems" AS o0 ON o1."OrderId" = o0."OrderId"
info: Onion.CleanArchitecture.WebApp.Server.Services.MicroserviceLauncherHostedService[0]
      [OrderCompleteService]       ORDER BY o1."Id"
info: Onion.CleanArchitecture.WebApp.Server.Services.MicroserviceLauncherHostedService[0]
      [OrderCompleteService] info: Microsoft.EntityFrameworkCore.Database.Command[20101]
info: Onion.CleanArchitecture.WebApp.Server.Services.MicroserviceLauncherHostedService[0]
      [OrderCompleteService]       Executed DbCommand (4ms) [Parameters=[@productId='?' (DbType = Guid)], CommandType='Text', CommandTimeout='30']
info: Onion.CleanArchitecture.WebApp.Server.Services.MicroserviceLauncherHostedService[0]
      [OrderCompleteService]       SELECT p."Id", p."Code", p."CreatedAt", p."CreatedBy", p."Description", p."IsActive", p."LastModifiedAt", p."LastModifiedBy", p."Name", p."Price", p."ProductId", p."Rate", p."SLTKho"
info: Onion.CleanArchitecture.WebApp.Server.Services.MicroserviceLauncherHostedService[0]
      [OrderCompleteService]       FROM "Product" AS p
info: Onion.CleanArchitecture.WebApp.Server.Services.MicroserviceLauncherHostedService[0]
      [OrderCompleteService]       WHERE p."ProductId" = @productId
info: Onion.CleanArchitecture.WebApp.Server.Services.MicroserviceLauncherHostedService[0]
      [OrderCompleteService]       LIMIT 1
info: Onion.CleanArchitecture.WebApp.Server.Services.MicroserviceLauncherHostedService[0]
      [OrderCompleteService] info: Microsoft.EntityFrameworkCore.Database.Command[20101]
info: Onion.CleanArchitecture.WebApp.Server.Services.MicroserviceLauncherHostedService[0]
      [OrderCompleteService]       Executed DbCommand (1ms) [Parameters=[@productId='?' (DbType = Guid)], CommandType='Text', CommandTimeout='30']
info: Onion.CleanArchitecture.WebApp.Server.Services.MicroserviceLauncherHostedService[0]
      [OrderCompleteService]       SELECT p."Id", p."Code", p."CreatedAt", p."CreatedBy", p."Description", p."IsActive", p."LastModifiedAt", p."LastModifiedBy", p."Name", p."Price", p."ProductId", p."Rate", p."SLTKho"
info: Onion.CleanArchitecture.WebApp.Server.Services.MicroserviceLauncherHostedService[0]
      [OrderCompleteService]       FROM "Product" AS p
info: Onion.CleanArchitecture.WebApp.Server.Services.MicroserviceLauncherHostedService[0]
      [OrderCompleteService]       WHERE p."ProductId" = @productId
info: Onion.CleanArchitecture.WebApp.Server.Services.MicroserviceLauncherHostedService[0]
      [OrderCompleteService]       LIMIT 1
info: Onion.CleanArchitecture.WebApp.Server.Services.MicroserviceLauncherHostedService[0]
      [OrderCompleteService] info: Microsoft.EntityFrameworkCore.Database.Command[20101]
info: Onion.CleanArchitecture.WebApp.Server.Services.MicroserviceLauncherHostedService[0]
      [OrderCompleteService]       Executed DbCommand (2ms) [Parameters=[@p14='?' (DbType = Int32), @p0='?' (DbType = DateTime), @p1='?' (DbType = DateTime), @p2='?', @p3='?', @p4='?' (DbType = Boolean), @p5='?' (DbType = DateTime), @p6='?', @p7='?', @p8='?', @p9='?' (DbType = DateTime), @p10='?', @p11='?' (DbType = Int32), @p12='?' (DbType = Decimal), @p13='?' (DbType = DateTime), @p27='?' (DbType = Int32), @p15='?', @p16='?' (DbType = DateTime), @p17='?', @p18='?', @p19='?' (DbType = Boolean), @p20='?' (DbType = DateTime), @p21='?', @p22='?', @p23='?' (DbType = Decimal), @p24='?' (DbType = Guid), @p25='?' (DbType = Decimal), @p26='?' (DbType = Int32), @p40='?' (DbType = Int32), @p28='?', @p29='?' (DbType = DateTime), @p30='?', @p31='?', @p32='?' (DbType = Boolean), @p33='?' (DbType = DateTime), @p34='?', @p35='?', @p36='?' (DbType = Decimal), @p37='?' (DbType = Guid), @p38='?' (DbType = Decimal), @p39='?' (DbType = Int32)], CommandType='Text', CommandTimeout='30']
info: Onion.CleanArchitecture.WebApp.Server.Services.MicroserviceLauncherHostedService[0]
      [OrderCompleteService]       UPDATE "Orders" SET "CompletedAt" = @p0, "CreatedAt" = @p1, "CreatedBy" = @p2, "CustomerId" = @p3, "IsReserved" = @p4, "LastModifiedAt" = @p5, "LastModifiedBy" = @p6, "Note" = @p7, "OrderCode" = @p8, "RejectedAt" = @p9, "ShippingAddress" = @p10, "Status" = @p11, "TotalAmount" = @p12, "UpdatedAt" = @p13
info: Onion.CleanArchitecture.WebApp.Server.Services.MicroserviceLauncherHostedService[0]
      [OrderCompleteService]       WHERE "Id" = @p14;
info: Onion.CleanArchitecture.WebApp.Server.Services.MicroserviceLauncherHostedService[0]
      [OrderCompleteService]       UPDATE "Product" SET "Code" = @p15, "CreatedAt" = @p16, "CreatedBy" = @p17, "Description" = @p18, "IsActive" = @p19, "LastModifiedAt" = @p20, "LastModifiedBy" = @p21, "Name" = @p22, "Price" = @p23, "ProductId" = @p24, "Rate" = @p25, "SLTKho" = @p26
info: Onion.CleanArchitecture.WebApp.Server.Services.MicroserviceLauncherHostedService[0]
      [OrderCompleteService]       WHERE "Id" = @p27;
info: Onion.CleanArchitecture.WebApp.Server.Services.MicroserviceLauncherHostedService[0]
      [OrderCompleteService]       UPDATE "Product" SET "Code" = @p28, "CreatedAt" = @p29, "CreatedBy" = @p30, "Description" = @p31, "IsActive" = @p32, "LastModifiedAt" = @p33, "LastModifiedBy" = @p34, "Name" = @p35, "Price" = @p36, "ProductId" = @p37, "Rate" = @p38, "SLTKho" = @p39
info: Onion.CleanArchitecture.WebApp.Server.Services.MicroserviceLauncherHostedService[0]
      [OrderCompleteService]       WHERE "Id" = @p40;
info: Onion.CleanArchitecture.WebApp.Server.Services.MicroserviceLauncherHostedService[0]
      [OrderCompleteService] info: Microsoft.EntityFrameworkCore.Database.Command[20101]
info: Onion.CleanArchitecture.WebApp.Server.Services.MicroserviceLauncherHostedService[0]
      [OrderCompleteService]       Executed DbCommand (2ms) [Parameters=[@p0='?', @p1='?' (DbType = DateTime), @p2='?', @p3='?', @p4='?' (DbType = Guid), @p5='?' (DbType = DateTime), @p6='?', @p7='?', @p8='?' (DbType = Guid), @p9='?' (DbType = Int32)], CommandType='Text', CommandTimeout='30']
info: Onion.CleanArchitecture.WebApp.Server.Services.MicroserviceLauncherHostedService[0]
      [OrderCompleteService]       INSERT INTO "OrderHistories" ("ConsumerName", "CreatedAt", "CreatedBy", "EventType", "HistoryId", "LastModifiedAt", "LastModifiedBy", "Message", "OrderId", "Status")
info: Onion.CleanArchitecture.WebApp.Server.Services.MicroserviceLauncherHostedService[0]
      [OrderCompleteService]       VALUES (@p0, @p1, @p2, @p3, @p4, @p5, @p6, @p7, @p8, @p9)
info: Onion.CleanArchitecture.WebApp.Server.Services.MicroserviceLauncherHostedService[0]
      [OrderCompleteService]       RETURNING "Id";
info: Onion.CleanArchitecture.WebApp.Server.Services.MicroserviceLauncherHostedService[0]
      [OrderCompleteService] info: OrderCompleteService.ReleaseInventoryConsumer[0]
info: Onion.CleanArchitecture.WebApp.Server.Services.MicroserviceLauncherHostedService[0]
      [OrderCompleteService]       Bồi hoàn tồn kho thành công OrderId=f69e6c6f-b5b1-4cf9-8a36-9df17750b70c.
info: Onion.CleanArchitecture.WebApp.Server.Services.MicroserviceLauncherHostedService[0]
      [OrderOrchestration] info: Microsoft.EntityFrameworkCore.Database.Command[20101]
info: Onion.CleanArchitecture.WebApp.Server.Services.MicroserviceLauncherHostedService[0]
      [OrderOrchestration]       Executed DbCommand (3ms) [Parameters=[p0='?' (DbType = Guid)], CommandType='Text', CommandTimeout='30']
info: Onion.CleanArchitecture.WebApp.Server.Services.MicroserviceLauncherHostedService[0]
      [OrderOrchestration]       SELECT o."CorrelationId", o."CreatedAt", o."CurrentState", o."CustomerId", o."ErrorReason", o."IsTimeout", o."Items", o."NeedReleaseInventory", o."TotalAmount"
info: Onion.CleanArchitecture.WebApp.Server.Services.MicroserviceLauncherHostedService[0]
      [OrderOrchestration]       FROM (
info: Onion.CleanArchitecture.WebApp.Server.Services.MicroserviceLauncherHostedService[0]
      [OrderOrchestration]           SELECT *, xmin FROM "OrderState" WHERE "CorrelationId" = @p0 FOR UPDATE
info: Onion.CleanArchitecture.WebApp.Server.Services.MicroserviceLauncherHostedService[0]
      [OrderOrchestration]       ) AS o
info: Onion.CleanArchitecture.WebApp.Server.Services.MicroserviceLauncherHostedService[0]
      [OrderOrchestration]       LIMIT 2
info: Onion.CleanArchitecture.WebApp.Server.Services.MicroserviceLauncherHostedService[0]
      [OrderAcceptService] info: OrderAcceptService.CancelOrderConsumer[0]
info: Onion.CleanArchitecture.WebApp.Server.Services.MicroserviceLauncherHostedService[0]
      [OrderAcceptService]       Nhận CancelOrderCommand OrderId=f69e6c6f-b5b1-4cf9-8a36-9df17750b70c, Reason=Hết thời gian xử lý đơn hàng (auto timeout), bắt đầu bồi hoàn bước Accept.
info: Onion.CleanArchitecture.WebApp.Server.Services.MicroserviceLauncherHostedService[0]
      [OrderAcceptService] info: Microsoft.EntityFrameworkCore.Database.Command[20101]
info: Onion.CleanArchitecture.WebApp.Server.Services.MicroserviceLauncherHostedService[0]
      [OrderAcceptService]       Executed DbCommand (6ms) [Parameters=[@orderId='?' (DbType = Guid)], CommandType='Text', CommandTimeout='30']
info: Onion.CleanArchitecture.WebApp.Server.Services.MicroserviceLauncherHostedService[0]
      [OrderAcceptService]       SELECT o."Id", o."CompletedAt", o."CreatedAt", o."CreatedBy", o."CustomerId", o."IsReserved", o."LastModifiedAt", o."LastModifiedBy", o."Note", o."OrderCode", o."OrderId", o."RejectedAt", o."ShippingAddress", o."Status", o."TotalAmount", o."UpdatedAt"
info: Onion.CleanArchitecture.WebApp.Server.Services.MicroserviceLauncherHostedService[0]
      [OrderAcceptService]       FROM "Orders" AS o
info: Onion.CleanArchitecture.WebApp.Server.Services.MicroserviceLauncherHostedService[0]
      [OrderAcceptService]       WHERE o."OrderId" = @orderId
info: Onion.CleanArchitecture.WebApp.Server.Services.MicroserviceLauncherHostedService[0]
      [OrderAcceptService]       ORDER BY o."Id"
info: Onion.CleanArchitecture.WebApp.Server.Services.MicroserviceLauncherHostedService[0]
      [OrderAcceptService]       LIMIT 1
info: Onion.CleanArchitecture.WebApp.Server.Services.MicroserviceLauncherHostedService[0]
      [OrderAcceptService] info: Microsoft.EntityFrameworkCore.Database.Command[20101]
info: Onion.CleanArchitecture.WebApp.Server.Services.MicroserviceLauncherHostedService[0]
      [OrderAcceptService]       Executed DbCommand (5ms) [Parameters=[@orderId='?' (DbType = Guid)], CommandType='Text', CommandTimeout='30']
info: Onion.CleanArchitecture.WebApp.Server.Services.MicroserviceLauncherHostedService[0]
      [OrderAcceptService]       SELECT o0."Id", o0."CreatedAt", o0."CreatedBy", o0."LastModifiedAt", o0."LastModifiedBy", o0."OrderId", o0."OrderItemId", o0."ProductId", o0."ProductName", o0."Quantity", o0."UnitPrice", o1."Id"
info: Onion.CleanArchitecture.WebApp.Server.Services.MicroserviceLauncherHostedService[0]
      [OrderAcceptService]       FROM (
info: Onion.CleanArchitecture.WebApp.Server.Services.MicroserviceLauncherHostedService[0]
      [OrderAcceptService]           SELECT o."Id", o."OrderId"
info: Onion.CleanArchitecture.WebApp.Server.Services.MicroserviceLauncherHostedService[0]
      [OrderAcceptService]           FROM "Orders" AS o
info: Onion.CleanArchitecture.WebApp.Server.Services.MicroserviceLauncherHostedService[0]
      [OrderAcceptService]           WHERE o."OrderId" = @orderId
info: Onion.CleanArchitecture.WebApp.Server.Services.MicroserviceLauncherHostedService[0]
      [OrderAcceptService]           ORDER BY o."Id"
info: Onion.CleanArchitecture.WebApp.Server.Services.MicroserviceLauncherHostedService[0]
      [OrderAcceptService]           LIMIT 1
info: Onion.CleanArchitecture.WebApp.Server.Services.MicroserviceLauncherHostedService[0]
      [OrderAcceptService]       ) AS o1
info: Onion.CleanArchitecture.WebApp.Server.Services.MicroserviceLauncherHostedService[0]
      [OrderAcceptService]       INNER JOIN "OrderItems" AS o0 ON o1."OrderId" = o0."OrderId"
info: Onion.CleanArchitecture.WebApp.Server.Services.MicroserviceLauncherHostedService[0]
      [OrderAcceptService]       ORDER BY o1."Id"
info: Onion.CleanArchitecture.WebApp.Server.Services.MicroserviceLauncherHostedService[0]
      [OrderAcceptService] info: Microsoft.EntityFrameworkCore.Database.Command[20101]
info: Onion.CleanArchitecture.WebApp.Server.Services.MicroserviceLauncherHostedService[0]
      [OrderAcceptService]       Executed DbCommand (1ms) [Parameters=[@orderId='?' (DbType = Guid)], CommandType='Text', CommandTimeout='30']
info: Onion.CleanArchitecture.WebApp.Server.Services.MicroserviceLauncherHostedService[0]
      [OrderAcceptService]       SELECT o."Id", o."CreatedAt", o."CreatedBy", o."LastModifiedAt", o."LastModifiedBy", o."OrderId", o."Status", o."Timeout", o."TimerId", o."TimerStatus"
info: Onion.CleanArchitecture.WebApp.Server.Services.MicroserviceLauncherHostedService[0]
      [OrderAcceptService]       FROM "OrderTimers" AS o
info: Onion.CleanArchitecture.WebApp.Server.Services.MicroserviceLauncherHostedService[0]
      [OrderAcceptService]       WHERE o."OrderId" = @orderId AND o."TimerStatus" = 1
info: Onion.CleanArchitecture.WebApp.Server.Services.MicroserviceLauncherHostedService[0]
      [OrderAcceptService]       LIMIT 1
info: Onion.CleanArchitecture.WebApp.Server.Services.MicroserviceLauncherHostedService[0]
      [OrderAcceptService] info: Microsoft.EntityFrameworkCore.Database.Command[20101]
info: Onion.CleanArchitecture.WebApp.Server.Services.MicroserviceLauncherHostedService[0]
      [OrderAcceptService]       Executed DbCommand (3ms) [Parameters=[@p14='?' (DbType = Int32), @p0='?' (DbType = DateTime), @p1='?' (DbType = DateTime), @p2='?', @p3='?', @p4='?' (DbType = Boolean), @p5='?' (DbType = DateTime), @p6='?', @p7='?', @p8='?', @p9='?' (DbType = DateTime), @p10='?', @p11='?' (DbType = Int32), @p12='?' (DbType = Decimal), @p13='?' (DbType = DateTime)], CommandType='Text', CommandTimeout='30']
info: Onion.CleanArchitecture.WebApp.Server.Services.MicroserviceLauncherHostedService[0]
      [OrderAcceptService]       UPDATE "Orders" SET "CompletedAt" = @p0, "CreatedAt" = @p1, "CreatedBy" = @p2, "CustomerId" = @p3, "IsReserved" = @p4, "LastModifiedAt" = @p5, "LastModifiedBy" = @p6, "Note" = @p7, "OrderCode" = @p8, "RejectedAt" = @p9, "ShippingAddress" = @p10, "Status" = @p11, "TotalAmount" = @p12, "UpdatedAt" = @p13
info: Onion.CleanArchitecture.WebApp.Server.Services.MicroserviceLauncherHostedService[0]
      [OrderAcceptService]       WHERE "Id" = @p14;
info: Onion.CleanArchitecture.WebApp.Server.Services.MicroserviceLauncherHostedService[0]
      [OrderAcceptService] info: Microsoft.EntityFrameworkCore.Database.Command[20101]
info: Onion.CleanArchitecture.WebApp.Server.Services.MicroserviceLauncherHostedService[0]
      [OrderAcceptService]       Executed DbCommand (4ms) [Parameters=[@p0='?', @p1='?' (DbType = DateTime), @p2='?', @p3='?', @p4='?' (DbType = Guid), @p5='?' (DbType = DateTime), @p6='?', @p7='?', @p8='?' (DbType = Guid), @p9='?' (DbType = Int32)], CommandType='Text', CommandTimeout='30']
info: Onion.CleanArchitecture.WebApp.Server.Services.MicroserviceLauncherHostedService[0]
      [OrderAcceptService]       INSERT INTO "OrderHistories" ("ConsumerName", "CreatedAt", "CreatedBy", "EventType", "HistoryId", "LastModifiedAt", "LastModifiedBy", "Message", "OrderId", "Status")
info: Onion.CleanArchitecture.WebApp.Server.Services.MicroserviceLauncherHostedService[0]
      [OrderAcceptService]       VALUES (@p0, @p1, @p2, @p3, @p4, @p5, @p6, @p7, @p8, @p9)
info: Onion.CleanArchitecture.WebApp.Server.Services.MicroserviceLauncherHostedService[0]
      [OrderAcceptService]       RETURNING "Id";
info: Onion.CleanArchitecture.WebApp.Server.Services.MicroserviceLauncherHostedService[0]
      [OrderAcceptService] info: OrderAcceptService.CancelOrderConsumer[0]
info: Onion.CleanArchitecture.WebApp.Server.Services.MicroserviceLauncherHostedService[0]
      [OrderAcceptService]       Bồi hoàn thành công OrderId=f69e6c6f-b5b1-4cf9-8a36-9df17750b70c.
info: Onion.CleanArchitecture.WebApp.Server.Services.MicroserviceLauncherHostedService[0]
      [OrderOrchestration] info: Microsoft.EntityFrameworkCore.Database.Command[20101]
info: Onion.CleanArchitecture.WebApp.Server.Services.MicroserviceLauncherHostedService[0]
      [OrderOrchestration]       Executed DbCommand (2ms) [Parameters=[p0='?' (DbType = Guid)], CommandType='Text', CommandTimeout='30']
info: Onion.CleanArchitecture.WebApp.Server.Services.MicroserviceLauncherHostedService[0]
      [OrderOrchestration]       SELECT o."CorrelationId", o."CreatedAt", o."CurrentState", o."CustomerId", o."ErrorReason", o."IsTimeout", o."Items", o."NeedReleaseInventory", o."TotalAmount"
info: Onion.CleanArchitecture.WebApp.Server.Services.MicroserviceLauncherHostedService[0]
      [OrderOrchestration]       FROM (
info: Onion.CleanArchitecture.WebApp.Server.Services.MicroserviceLauncherHostedService[0]
      [OrderOrchestration]           SELECT *, xmin FROM "OrderState" WHERE "CorrelationId" = @p0 FOR UPDATE
info: Onion.CleanArchitecture.WebApp.Server.Services.MicroserviceLauncherHostedService[0]
      [OrderOrchestration]       ) AS o
info: Onion.CleanArchitecture.WebApp.Server.Services.MicroserviceLauncherHostedService[0]
      [OrderOrchestration]       LIMIT 2
info: Onion.CleanArchitecture.WebApp.Server.Services.MicroserviceLauncherHostedService[0]
      [NotificationService] warn: NotificationService.Consumers.OrderAcceptFailedConsumer[0]
info: Onion.CleanArchitecture.WebApp.Server.Services.MicroserviceLauncherHostedService[0]
      [NotificationService]       Nhận OrderAcceptFailedResponse OrderId=f69e6c6f-b5b1-4cf9-8a36-9df17750b70c: Timeout
info: Onion.CleanArchitecture.WebApp.Server.Services.MicroserviceLauncherHostedService[0]
      [OrderOrchestration] info: Microsoft.EntityFrameworkCore.Database.Command[20101]
info: Onion.CleanArchitecture.WebApp.Server.Services.MicroserviceLauncherHostedService[0]
      [OrderOrchestration]       Executed DbCommand (3ms) [Parameters=[@p1='?' (DbType = Guid), @p0='?'], CommandType='Text', CommandTimeout='30']
info: Onion.CleanArchitecture.WebApp.Server.Services.MicroserviceLauncherHostedService[0]
      [OrderOrchestration]       UPDATE "OrderState" SET "CurrentState" = @p0
info: Onion.CleanArchitecture.WebApp.Server.Services.MicroserviceLauncherHostedService[0]
      [OrderOrchestration]       WHERE "CorrelationId" = @p1;
info: Onion.CleanArchitecture.WebApp.Server.Services.MicroserviceLauncherHostedService[0]
      [NotificationService] info: Microsoft.EntityFrameworkCore.Database.Command[20101]
info: Onion.CleanArchitecture.WebApp.Server.Services.MicroserviceLauncherHostedService[0]
      [NotificationService]       Executed DbCommand (2ms) [Parameters=[@p0='?' (DbType = DateTime), @p1='?', @p2='?' (DbType = Boolean), @p3='?' (DbType = DateTime), @p4='?', @p5='?', @p6='?' (DbType = Guid), @p7='?' (DbType = Guid), @p8='?' (DbType = DateTime), @p9='?' (DbType = Guid), @p10='?', @p11='?'], CommandType='Text', CommandTimeout='30']
info: Onion.CleanArchitecture.WebApp.Server.Services.MicroserviceLauncherHostedService[0]
      [NotificationService]       INSERT INTO "Notifications" ("CreatedAt", "CreatedBy", "IsRead", "LastModifiedAt", "LastModifiedBy", "Message", "NotifyId", "OrderId", "SendAt", "TargetUserId", "Title", "Type")
info: Onion.CleanArchitecture.WebApp.Server.Services.MicroserviceLauncherHostedService[0]
      [NotificationService]       VALUES (@p0, @p1, @p2, @p3, @p4, @p5, @p6, @p7, @p8, @p9, @p10, @p11)
info: Onion.CleanArchitecture.WebApp.Server.Services.MicroserviceLauncherHostedService[0]
      [NotificationService]       RETURNING "Id";
info: Microsoft.EntityFrameworkCore.Database.Command[20101]
      Executed DbCommand (1ms) [Parameters=[], CommandType='Text', CommandTimeout='30']
      SELECT count(*)::int
      FROM "Orders" AS o
info: Microsoft.EntityFrameworkCore.Database.Command[20101]
      Executed DbCommand (1ms) [Parameters=[@p1='?' (DbType = Int32), @p='?' (DbType = Int32)], CommandType='Text', CommandTimeout='30']
      SELECT o."Id", o."CompletedAt", o."CreatedAt", o."CreatedBy", o."CustomerId", o."IsReserved", o."LastModifiedAt", o."LastModifiedBy", o."Note", o."OrderCode", o."OrderId", o."RejectedAt", o."ShippingAddress", o."Status", o."TotalAmount", o."UpdatedAt"
      FROM "Orders" AS o
      ORDER BY o."CreatedAt" DESC
      LIMIT @p1 OFFSET @p
info: Onion.CleanArchitecture.WebApp.Server.Services.MicroserviceLauncherHostedService[0]
      [OrderAcceptService] info: Microsoft.EntityFrameworkCore.Database.Command[20101]
info: Onion.CleanArchitecture.WebApp.Server.Services.MicroserviceLauncherHostedService[0]
      [OrderAcceptService]       Executed DbCommand (1ms) [Parameters=[@now='?' (DbType = DateTime)], CommandType='Text', CommandTimeout='30']
info: Onion.CleanArchitecture.WebApp.Server.Services.MicroserviceLauncherHostedService[0]
      [OrderAcceptService]       SELECT o."Id", o."CreatedAt", o."CreatedBy", o."LastModifiedAt", o."LastModifiedBy", o."OrderId", o."Status", o."Timeout", o."TimerId", o."TimerStatus"
info: Onion.CleanArchitecture.WebApp.Server.Services.MicroserviceLauncherHostedService[0]
      [OrderAcceptService]       FROM "OrderTimers" AS o
info: Onion.CleanArchitecture.WebApp.Server.Services.MicroserviceLauncherHostedService[0]
      [OrderAcceptService]       WHERE o."TimerStatus" = 1 AND o."Timeout" <= @now
info: Onion.CleanArchitecture.WebApp.Server.Services.MicroserviceLauncherHostedService[0]
      [OrderAcceptService] info: Microsoft.EntityFrameworkCore.Database.Command[20101]
info: Onion.CleanArchitecture.WebApp.Server.Services.MicroserviceLauncherHostedService[0]
      [OrderAcceptService]       Executed DbCommand (1ms) [Parameters=[@now='?' (DbType = DateTime)], CommandType='Text', CommandTimeout='30']
info: Onion.CleanArchitecture.WebApp.Server.Services.MicroserviceLauncherHostedService[0]
      [OrderAcceptService]       SELECT o."Id", o."CreatedAt", o."CreatedBy", o."LastModifiedAt", o."LastModifiedBy", o."OrderId", o."Status", o."Timeout", o."TimerId", o."TimerStatus"
info: Onion.CleanArchitecture.WebApp.Server.Services.MicroserviceLauncherHostedService[0]
      [OrderAcceptService]       FROM "OrderTimers" AS o
info: Onion.CleanArchitecture.WebApp.Server.Services.MicroserviceLauncherHostedService[0]
      [OrderAcceptService]       WHERE o."TimerStatus" = 1 AND o."Timeout" <= @now
info: Onion.CleanArchitecture.WebApp.Server.Services.MicroserviceLauncherHostedService[0]
      [OrderAcceptService] info: Microsoft.EntityFrameworkCore.Database.Command[20101]
info: Onion.CleanArchitecture.WebApp.Server.Services.MicroserviceLauncherHostedService[0]
      [OrderAcceptService]       Executed DbCommand (2ms) [Parameters=[@now='?' (DbType = DateTime)], CommandType='Text', CommandTimeout='30']
info: Onion.CleanArchitecture.WebApp.Server.Services.MicroserviceLauncherHostedService[0]
      [OrderAcceptService]       SELECT o."Id", o."CreatedAt", o."CreatedBy", o."LastModifiedAt", o."LastModifiedBy", o."OrderId", o."Status", o."Timeout", o."TimerId", o."TimerStatus"
info: Onion.CleanArchitecture.WebApp.Server.Services.MicroserviceLauncherHostedService[0]
      [OrderAcceptService]       FROM "OrderTimers" AS o
info: Onion.CleanArchitecture.WebApp.Server.Services.MicroserviceLauncherHostedService[0]
      [OrderAcceptService]       WHERE o."TimerStatus" = 1 AND o."Timeout" <= @now
