Using launch settings from D:\Univer\Nam_4\VB\Demo-Saga\Onion.CleanArchitecture\Onion.CleanArchitecture.WebApp.Server\Properties\launchSettings.json...
Building...
info: Microsoft.EntityFrameworkCore.Database.Command[20101]
      Executed DbCommand (82ms) [Parameters=[], CommandType='Text', CommandTimeout='30']
      SELECT "MigrationId", "ProductVersion"
      FROM "__EFMigrationsHistory"
      ORDER BY "MigrationId";
info: Microsoft.EntityFrameworkCore.Database.Command[20101]
      Executed DbCommand (23ms) [Parameters=[], CommandType='Text', CommandTimeout='30']
      SELECT 1
info: Microsoft.EntityFrameworkCore.Database.Command[20101]
      Executed DbCommand (17ms) [Parameters=[], CommandType='Text', CommandTimeout='30']
      CREATE TABLE IF NOT EXISTS "__EFMigrationsHistory" (
          "MigrationId" character varying(150) NOT NULL,
          "ProductVersion" character varying(32) NOT NULL,
          CONSTRAINT "PK___EFMigrationsHistory" PRIMARY KEY ("MigrationId")
      );
info: Microsoft.EntityFrameworkCore.Database.Command[20101]
      Executed DbCommand (7ms) [Parameters=[], CommandType='Text', CommandTimeout='30']
      LOCK TABLE "__EFMigrationsHistory" IN ACCESS EXCLUSIVE MODE
info: Microsoft.EntityFrameworkCore.Database.Command[20101]
      Executed DbCommand (4ms) [Parameters=[], CommandType='Text', CommandTimeout='30']
      SELECT "MigrationId", "ProductVersion"
      FROM "__EFMigrationsHistory"
      ORDER BY "MigrationId";
info: Microsoft.EntityFrameworkCore.Migrations[20405]
      No migrations were applied. The database is already up to date.
info: Microsoft.EntityFrameworkCore.Database.Command[20101]
      Executed DbCommand (1ms) [Parameters=[], CommandType='Text', CommandTimeout='30']
      SELECT "MigrationId", "ProductVersion"
      FROM "__EFMigrationsHistory"
      ORDER BY "MigrationId";
info: Microsoft.EntityFrameworkCore.Database.Command[20101]
      Executed DbCommand (1ms) [Parameters=[], CommandType='Text', CommandTimeout='30']
      SELECT 1
info: Microsoft.EntityFrameworkCore.Database.Command[20101]
      Executed DbCommand (1ms) [Parameters=[], CommandType='Text', CommandTimeout='30']
      CREATE TABLE IF NOT EXISTS "__EFMigrationsHistory" (
          "MigrationId" character varying(150) NOT NULL,
          "ProductVersion" character varying(32) NOT NULL,
          CONSTRAINT "PK___EFMigrationsHistory" PRIMARY KEY ("MigrationId")
      );
info: Microsoft.EntityFrameworkCore.Database.Command[20101]
      Executed DbCommand (1ms) [Parameters=[], CommandType='Text', CommandTimeout='30']
      LOCK TABLE "__EFMigrationsHistory" IN ACCESS EXCLUSIVE MODE
info: Microsoft.EntityFrameworkCore.Database.Command[20101]
      Executed DbCommand (1ms) [Parameters=[], CommandType='Text', CommandTimeout='30']
      SELECT "MigrationId", "ProductVersion"
      FROM "__EFMigrationsHistory"
      ORDER BY "MigrationId";
info: Microsoft.EntityFrameworkCore.Migrations[20405]
      No migrations were applied. The database is already up to date.
info: Microsoft.EntityFrameworkCore.Database.Command[20101]
      Executed DbCommand (27ms) [Parameters=[@normalizedName='?'], CommandType='Text', CommandTimeout='30']
      SELECT r."Id", r."ConcurrencyStamp", r."Name", r."NormalizedName"
      FROM "Identity"."Role" AS r
      WHERE r."NormalizedName" = @normalizedName
      LIMIT 1
warn: Microsoft.AspNetCore.Identity.RoleManager[0]
      Role 47b47dbf-fa89-4b8a-bb86-d9d85e3b36f5 validation failed: DuplicateRoleName.
info: Microsoft.EntityFrameworkCore.Database.Command[20101]
      Executed DbCommand (1ms) [Parameters=[@normalizedName='?'], CommandType='Text', CommandTimeout='30']
      SELECT r."Id", r."ConcurrencyStamp", r."Name", r."NormalizedName"
      FROM "Identity"."Role" AS r
      WHERE r."NormalizedName" = @normalizedName
      LIMIT 1
warn: Microsoft.AspNetCore.Identity.RoleManager[0]
      Role 19e53d5d-350f-44b8-a3d0-0b138fa5dd34 validation failed: DuplicateRoleName.
info: Microsoft.EntityFrameworkCore.Database.Command[20101]
      Executed DbCommand (1ms) [Parameters=[@normalizedName='?'], CommandType='Text', CommandTimeout='30']
      SELECT r."Id", r."ConcurrencyStamp", r."Name", r."NormalizedName"
      FROM "Identity"."Role" AS r
      WHERE r."NormalizedName" = @normalizedName
      LIMIT 1
warn: Microsoft.AspNetCore.Identity.RoleManager[0]
      Role ed3f2ab6-c9fc-4fb2-8714-ce633974f549 validation failed: DuplicateRoleName.
info: Microsoft.EntityFrameworkCore.Database.Command[20101]
      Executed DbCommand (2ms) [Parameters=[@normalizedName='?'], CommandType='Text', CommandTimeout='30']
      SELECT r."Id", r."ConcurrencyStamp", r."Name", r."NormalizedName"
      FROM "Identity"."Role" AS r
      WHERE r."NormalizedName" = @normalizedName
      LIMIT 1
warn: Microsoft.AspNetCore.Identity.RoleManager[0]
      Role fb25e1be-d7f3-475a-96b1-356d29762543 validation failed: DuplicateRoleName.
info: Microsoft.EntityFrameworkCore.Database.Command[20101]
      Executed DbCommand (10ms) [Parameters=[@normalizedEmail='?'], CommandType='Text', CommandTimeout='30']
      SELECT u."Id", u."AccessFailedCount", u."ConcurrencyStamp", u."Email", u."EmailConfirmed", u."FirstName", u."LastName", u."LockoutEnabled", u."LockoutEnd", u."NormalizedEmail", u."NormalizedUserName", u."PasswordHash", u."PhoneNumber", u."PhoneNumberConfirmed", u."SecurityStamp", u."TwoFactorEnabled", u."UserName"
      FROM "Identity"."User" AS u
      WHERE u."NormalizedEmail" = @normalizedEmail
      LIMIT 2
info: Microsoft.EntityFrameworkCore.Database.Command[20101]
      Executed DbCommand (2ms) [Parameters=[@normalizedUserName='?'], CommandType='Text', CommandTimeout='30']
      SELECT u."Id", u."AccessFailedCount", u."ConcurrencyStamp", u."Email", u."EmailConfirmed", u."FirstName", u."LastName", u."LockoutEnabled", u."LockoutEnd", u."NormalizedEmail", u."NormalizedUserName", u."PasswordHash", u."PhoneNumber", u."PhoneNumberConfirmed", u."SecurityStamp", u."TwoFactorEnabled", u."UserName"
      FROM "Identity"."User" AS u
      WHERE u."NormalizedUserName" = @normalizedUserName
      LIMIT 1
info: Microsoft.EntityFrameworkCore.Database.Command[20101]
      Executed DbCommand (18ms) [Parameters=[@p16='?', @p0='?' (DbType = Int32), @p1='?', @p17='?', @p2='?', @p3='?' (DbType = Boolean), @p4='?', @p5='?', @p6='?' (DbType = Boolean), @p7='?' (DbType = DateTime), @p8='?', @p9='?', @p10='?', @p11='?', @p12='?' (DbType = Boolean), @p13='?', @p14='?' (DbType = Boolean), @p15='?'], CommandType='Text', CommandTimeout='30']
      UPDATE "Identity"."User" SET "AccessFailedCount" = @p0, "ConcurrencyStamp" = @p1, "Email" = @p2, "EmailConfirmed" = @p3, "FirstName" = @p4, "LastName" = @p5, "LockoutEnabled" = @p6, "LockoutEnd" = @p7, "NormalizedEmail" = @p8, "NormalizedUserName" = @p9, "PasswordHash" = @p10, "PhoneNumber" = @p11, "PhoneNumberConfirmed" = @p12, "SecurityStamp" = @p13, "TwoFactorEnabled" = @p14, "UserName" = @p15
      WHERE "Id" = @p16 AND "ConcurrencyStamp" = @p17;
info: Microsoft.EntityFrameworkCore.Database.Command[20101]
      Executed DbCommand (2ms) [Parameters=[@normalizedRoleName='?'], CommandType='Text', CommandTimeout='30']
      SELECT r."Id", r."ConcurrencyStamp", r."Name", r."NormalizedName"
      FROM "Identity"."Role" AS r
      WHERE r."NormalizedName" = @normalizedRoleName
      LIMIT 2
info: Microsoft.EntityFrameworkCore.Database.Command[20101]
      Executed DbCommand (6ms) [Parameters=[@p='?', @p1='?'], CommandType='Text', CommandTimeout='30']
      SELECT u."UserId", u."RoleId"
      FROM "Identity"."UserRoles" AS u
      WHERE u."UserId" = @p AND u."RoleId" = @p1
      LIMIT 1
info: Microsoft.EntityFrameworkCore.Database.Command[20101]
      Executed DbCommand (1ms) [Parameters=[@normalizedName='?'], CommandType='Text', CommandTimeout='30']
      SELECT r."Id", r."ConcurrencyStamp", r."Name", r."NormalizedName"
      FROM "Identity"."Role" AS r
      WHERE r."NormalizedName" = @normalizedName
      LIMIT 1
info: Microsoft.EntityFrameworkCore.Database.Command[20101]
      Executed DbCommand (15ms) [Parameters=[@role_Id='?'], CommandType='Text', CommandTimeout='30']
      SELECT r."ClaimType", r."ClaimValue"
      FROM "Identity"."RoleClaims" AS r
      WHERE r."RoleId" = @role_Id
info: Microsoft.EntityFrameworkCore.Database.Command[20101]
      Executed DbCommand (10ms) [Parameters=[@defaultUser_Id='?'], CommandType='Text', CommandTimeout='30']
      SELECT NOT EXISTS (
          SELECT 1
          FROM "Identity"."User" AS u
          WHERE u."Id" = @defaultUser_Id)
info: Microsoft.EntityFrameworkCore.Database.Command[20101]
      Executed DbCommand (3ms) [Parameters=[@normalizedEmail='?'], CommandType='Text', CommandTimeout='30']
      SELECT u."Id", u."AccessFailedCount", u."ConcurrencyStamp", u."Email", u."EmailConfirmed", u."FirstName", u."LastName", u."LockoutEnabled", u."LockoutEnd", u."NormalizedEmail", u."NormalizedUserName", u."PasswordHash", u."PhoneNumber", u."PhoneNumberConfirmed", u."SecurityStamp", u."TwoFactorEnabled", u."UserName"
      FROM "Identity"."User" AS u
      WHERE u."NormalizedEmail" = @normalizedEmail
      LIMIT 2
[11:19:20 INF] Hoàn thành khởi tạo dữ liệu mặc định
[11:19:20 INF] BẮT ĐẦU KHỞI TẠO DỮ LIỆU MẪU
info: MassTransit.SqlTransport.SqlTransportMigrationHostedService[0]
      MassTransit SQL Transport creating database LearnSaga
info: MassTransit.SqlTransport.SqlTransportMigrationHostedService[0]
      MassTransit SQL Transport creating schema for database LearnSaga
info: MassTransit.SqlTransport.SqlTransportMigrationHostedService[0]
      MassTransit SQL Transport creating infrastructure for database LearnSaga
info: Onion.CleanArchitecture.WebApp.Server.Services.MicroserviceLauncherHostedService[0]
      [Launcher] Started OrderSubmitService (PID 6504)
info: Onion.CleanArchitecture.WebApp.Server.Services.MicroserviceLauncherHostedService[0]
      [Launcher] Started OrderOrchestration (PID 19184)
info: Onion.CleanArchitecture.WebApp.Server.Services.MicroserviceLauncherHostedService[0]
      [Launcher] Started OrderAcceptService (PID 7560)
info: Onion.CleanArchitecture.WebApp.Server.Services.MicroserviceLauncherHostedService[0]
      [Launcher] Started OrderCompleteService (PID 13052)
info: Onion.CleanArchitecture.WebApp.Server.Services.MicroserviceLauncherHostedService[0]
      [Launcher] Started NotificationService (PID 16004)
info: MassTransit[0]
      Bus started: db://localhost/
info: Microsoft.Hosting.Lifetime[14]
      Now listening on: https://localhost:7058
info: Microsoft.Hosting.Lifetime[14]
      Now listening on: http://localhost:5220
info: Microsoft.Hosting.Lifetime[0]
      Application started. Press Ctrl+C to shut down.
info: Microsoft.Hosting.Lifetime[0]
      Hosting environment: Development
info: Microsoft.Hosting.Lifetime[0]
      Content root path: D:\Univer\Nam_4\VB\Demo-Saga\Onion.CleanArchitecture\Onion.CleanArchitecture.WebApp.Server
info: Onion.CleanArchitecture.WebApp.Server.Services.MicroserviceLauncherHostedService[0]
      [NotificationService] Using launch settings from D:\Univer\Nam_4\VB\Demo-Saga\NotificationService\Properties\launchSettings.json...
info: Onion.CleanArchitecture.WebApp.Server.Services.MicroserviceLauncherHostedService[0]
      [NotificationService] Building...
info: Onion.CleanArchitecture.WebApp.Server.Services.MicroserviceLauncherHostedService[0]
      [OrderSubmitService] info: MassTransit[0]
info: Onion.CleanArchitecture.WebApp.Server.Services.MicroserviceLauncherHostedService[0]
      [OrderSubmitService]       Configured endpoint order-validation-queue, Consumer: OrderSubmitService.OrderSubmitConsumer
info: Onion.CleanArchitecture.WebApp.Server.Services.MicroserviceLauncherHostedService[0]
      [OrderSubmitService] info: Microsoft.Hosting.Lifetime[0]
info: Onion.CleanArchitecture.WebApp.Server.Services.MicroserviceLauncherHostedService[0]
      [OrderSubmitService]       Application started. Press Ctrl+C to shut down.
info: Onion.CleanArchitecture.WebApp.Server.Services.MicroserviceLauncherHostedService[0]
      [OrderSubmitService] info: Microsoft.Hosting.Lifetime[0]
info: Onion.CleanArchitecture.WebApp.Server.Services.MicroserviceLauncherHostedService[0]
      [OrderSubmitService]       Hosting environment: Production
info: Onion.CleanArchitecture.WebApp.Server.Services.MicroserviceLauncherHostedService[0]
      [OrderSubmitService] info: Microsoft.Hosting.Lifetime[0]
info: Onion.CleanArchitecture.WebApp.Server.Services.MicroserviceLauncherHostedService[0]
      [OrderSubmitService]       Content root path: D:\Univer\Nam_4\VB\Demo-Saga\OrderSubmitService
info: Onion.CleanArchitecture.WebApp.Server.Services.MicroserviceLauncherHostedService[0]
      [OrderSubmitService] info: MassTransit[0]
info: Onion.CleanArchitecture.WebApp.Server.Services.MicroserviceLauncherHostedService[0]
      [OrderSubmitService]       Bus started: db://localhost/
info: Onion.CleanArchitecture.WebApp.Server.Services.MicroserviceLauncherHostedService[0]
      [OrderAcceptService] info: MassTransit[0]
info: Onion.CleanArchitecture.WebApp.Server.Services.MicroserviceLauncherHostedService[0]
      [OrderAcceptService]       Configured endpoint order-accept-queue, Consumer: OrderAcceptService.OrderAcceptConsumer
info: Onion.CleanArchitecture.WebApp.Server.Services.MicroserviceLauncherHostedService[0]
      [OrderAcceptService] info: MassTransit[0]
info: Onion.CleanArchitecture.WebApp.Server.Services.MicroserviceLauncherHostedService[0]
      [OrderAcceptService]       Configured endpoint order-cancel-queue, Consumer: OrderAcceptService.CancelOrderConsumer
info: Onion.CleanArchitecture.WebApp.Server.Services.MicroserviceLauncherHostedService[0]
      [OrderAcceptService] info: Microsoft.Hosting.Lifetime[0]
info: Onion.CleanArchitecture.WebApp.Server.Services.MicroserviceLauncherHostedService[0]
      [OrderAcceptService]       Application started. Press Ctrl+C to shut down.
info: Onion.CleanArchitecture.WebApp.Server.Services.MicroserviceLauncherHostedService[0]
      [OrderAcceptService] info: Microsoft.Hosting.Lifetime[0]
info: Onion.CleanArchitecture.WebApp.Server.Services.MicroserviceLauncherHostedService[0]
      [OrderAcceptService]       Hosting environment: Production
info: Onion.CleanArchitecture.WebApp.Server.Services.MicroserviceLauncherHostedService[0]
      [OrderAcceptService] info: Microsoft.Hosting.Lifetime[0]
info: Onion.CleanArchitecture.WebApp.Server.Services.MicroserviceLauncherHostedService[0]
      [OrderAcceptService]       Content root path: D:\Univer\Nam_4\VB\Demo-Saga\OrderAcceptService
info: Onion.CleanArchitecture.WebApp.Server.Services.MicroserviceLauncherHostedService[0]
      [OrderAcceptService] info: OrderAcceptService.Services.TimerWatcherBackgroundService[0]
info: Onion.CleanArchitecture.WebApp.Server.Services.MicroserviceLauncherHostedService[0]
      [OrderAcceptService]       TimerWatcherBackgroundService đã khởi động.
info: Onion.CleanArchitecture.WebApp.Server.Services.MicroserviceLauncherHostedService[0]
      [OrderCompleteService] info: MassTransit[0]
info: Onion.CleanArchitecture.WebApp.Server.Services.MicroserviceLauncherHostedService[0]
      [OrderCompleteService]       Configured endpoint order-complete-queue, Consumer: OrderCompleteService.OrderCompleteConsumer
info: Onion.CleanArchitecture.WebApp.Server.Services.MicroserviceLauncherHostedService[0]
      [OrderCompleteService] info: MassTransit[0]
info: Onion.CleanArchitecture.WebApp.Server.Services.MicroserviceLauncherHostedService[0]
      [OrderCompleteService]       Configured endpoint order-release-inventory-queue, Consumer: OrderCompleteService.ReleaseInventoryConsumer
info: Onion.CleanArchitecture.WebApp.Server.Services.MicroserviceLauncherHostedService[0]
      [OrderCompleteService] info: Microsoft.Hosting.Lifetime[0]
info: Onion.CleanArchitecture.WebApp.Server.Services.MicroserviceLauncherHostedService[0]
      [OrderCompleteService]       Application started. Press Ctrl+C to shut down.
info: Onion.CleanArchitecture.WebApp.Server.Services.MicroserviceLauncherHostedService[0]
      [OrderCompleteService] info: Microsoft.Hosting.Lifetime[0]
info: Onion.CleanArchitecture.WebApp.Server.Services.MicroserviceLauncherHostedService[0]
      [OrderCompleteService]       Hosting environment: Production
info: Onion.CleanArchitecture.WebApp.Server.Services.MicroserviceLauncherHostedService[0]
      [OrderCompleteService] info: Microsoft.Hosting.Lifetime[0]
info: Onion.CleanArchitecture.WebApp.Server.Services.MicroserviceLauncherHostedService[0]
      [OrderCompleteService]       Content root path: D:\Univer\Nam_4\VB\Demo-Saga\OrderCompleteService
info: Onion.CleanArchitecture.WebApp.Server.Services.MicroserviceLauncherHostedService[0]
      [OrderAcceptService] info: MassTransit[0]
info: Onion.CleanArchitecture.WebApp.Server.Services.MicroserviceLauncherHostedService[0]
      [OrderAcceptService]       Bus started: db://localhost/
info: Onion.CleanArchitecture.WebApp.Server.Services.MicroserviceLauncherHostedService[0]
      [OrderCompleteService] info: MassTransit[0]
info: Onion.CleanArchitecture.WebApp.Server.Services.MicroserviceLauncherHostedService[0]
      [OrderCompleteService]       Bus started: db://localhost/
info: Onion.CleanArchitecture.WebApp.Server.Services.MicroserviceLauncherHostedService[0]
      [OrderSubmitService] info: OrderSubmitService.OrderSubmitConsumer[0]
info: Onion.CleanArchitecture.WebApp.Server.Services.MicroserviceLauncherHostedService[0]
      [OrderSubmitService]       Nhận ValidateOrderCommand OrderId=838a2089-9d0d-43d4-8dd1-adb62a89252c
info: Onion.CleanArchitecture.WebApp.Server.Services.MicroserviceLauncherHostedService[0]
      [OrderOrchestration] warn: Microsoft.EntityFrameworkCore.Model.Validation[10620]
info: Onion.CleanArchitecture.WebApp.Server.Services.MicroserviceLauncherHostedService[0]
      [OrderOrchestration]       The property 'OrderState.Items' is a collection or enumeration type with a value converter but with no value comparer. Set a value comparer to ensure the collection/enumeration elements are compared correctly.
info: Onion.CleanArchitecture.WebApp.Server.Services.MicroserviceLauncherHostedService[0]
      [OrderSubmitService] info: Microsoft.EntityFrameworkCore.Database.Command[20101]
info: Onion.CleanArchitecture.WebApp.Server.Services.MicroserviceLauncherHostedService[0]
      [OrderSubmitService]       Executed DbCommand (29ms) [Parameters=[@orderId='?' (DbType = Guid)], CommandType='Text', CommandTimeout='30']
info: Onion.CleanArchitecture.WebApp.Server.Services.MicroserviceLauncherHostedService[0]
      [OrderSubmitService]       SELECT o."Id", o."CompletedAt", o."CreatedAt", o."CreatedBy", o."CustomerId", o."IsReserved", o."LastModifiedAt", o."LastModifiedBy", o."Note", o."OrderCode", o."OrderId", o."RejectedAt", o."ShippingAddress", o."Status", o."TotalAmount", o."UpdatedAt"
info: Onion.CleanArchitecture.WebApp.Server.Services.MicroserviceLauncherHostedService[0]
      [OrderSubmitService]       FROM "Orders" AS o
info: Onion.CleanArchitecture.WebApp.Server.Services.MicroserviceLauncherHostedService[0]
      [OrderSubmitService]       WHERE o."OrderId" = @orderId
info: Onion.CleanArchitecture.WebApp.Server.Services.MicroserviceLauncherHostedService[0]
      [OrderSubmitService]       ORDER BY o."Id"
info: Onion.CleanArchitecture.WebApp.Server.Services.MicroserviceLauncherHostedService[0]
      [OrderSubmitService]       LIMIT 1
info: Onion.CleanArchitecture.WebApp.Server.Services.MicroserviceLauncherHostedService[0]
      [OrderSubmitService] info: Microsoft.EntityFrameworkCore.Database.Command[20101]
info: Onion.CleanArchitecture.WebApp.Server.Services.MicroserviceLauncherHostedService[0]
      [OrderSubmitService]       Executed DbCommand (12ms) [Parameters=[@orderId='?' (DbType = Guid)], CommandType='Text', CommandTimeout='30']
info: Onion.CleanArchitecture.WebApp.Server.Services.MicroserviceLauncherHostedService[0]
      [OrderSubmitService]       SELECT o0."Id", o0."CreatedAt", o0."CreatedBy", o0."LastModifiedAt", o0."LastModifiedBy", o0."OrderId", o0."OrderItemId", o0."ProductId", o0."ProductName", o0."Quantity", o0."UnitPrice", o1."Id"
info: Onion.CleanArchitecture.WebApp.Server.Services.MicroserviceLauncherHostedService[0]
      [OrderSubmitService]       FROM (
info: Onion.CleanArchitecture.WebApp.Server.Services.MicroserviceLauncherHostedService[0]
      [OrderSubmitService]           SELECT o."Id", o."OrderId"
info: Onion.CleanArchitecture.WebApp.Server.Services.MicroserviceLauncherHostedService[0]
      [OrderSubmitService]           FROM "Orders" AS o
info: Onion.CleanArchitecture.WebApp.Server.Services.MicroserviceLauncherHostedService[0]
      [OrderSubmitService]           WHERE o."OrderId" = @orderId
info: Onion.CleanArchitecture.WebApp.Server.Services.MicroserviceLauncherHostedService[0]
      [OrderSubmitService]           ORDER BY o."Id"
info: Onion.CleanArchitecture.WebApp.Server.Services.MicroserviceLauncherHostedService[0]
      [OrderSubmitService]           LIMIT 1
info: Onion.CleanArchitecture.WebApp.Server.Services.MicroserviceLauncherHostedService[0]
      [OrderSubmitService]       ) AS o1
info: Onion.CleanArchitecture.WebApp.Server.Services.MicroserviceLauncherHostedService[0]
      [OrderSubmitService]       INNER JOIN "OrderItems" AS o0 ON o1."OrderId" = o0."OrderId"
info: Onion.CleanArchitecture.WebApp.Server.Services.MicroserviceLauncherHostedService[0]
      [OrderSubmitService]       ORDER BY o1."Id"
info: Onion.CleanArchitecture.WebApp.Server.Services.MicroserviceLauncherHostedService[0]
      [OrderSubmitService] info: Microsoft.EntityFrameworkCore.Database.Command[20101]
info: Onion.CleanArchitecture.WebApp.Server.Services.MicroserviceLauncherHostedService[0]
      [OrderSubmitService]       Executed DbCommand (9ms) [Parameters=[@productId='?' (DbType = Guid)], CommandType='Text', CommandTimeout='30']
info: Onion.CleanArchitecture.WebApp.Server.Services.MicroserviceLauncherHostedService[0]
      [OrderSubmitService]       SELECT p."Id", p."Code", p."CreatedAt", p."CreatedBy", p."Description", p."IsActive", p."LastModifiedAt", p."LastModifiedBy", p."Name", p."Price", p."ProductId", p."Rate", p."SLTKho"
info: Onion.CleanArchitecture.WebApp.Server.Services.MicroserviceLauncherHostedService[0]
      [OrderSubmitService]       FROM "Product" AS p
info: Onion.CleanArchitecture.WebApp.Server.Services.MicroserviceLauncherHostedService[0]
      [OrderSubmitService]       WHERE p."ProductId" = @productId
info: Onion.CleanArchitecture.WebApp.Server.Services.MicroserviceLauncherHostedService[0]
      [OrderSubmitService]       LIMIT 1
info: Onion.CleanArchitecture.WebApp.Server.Services.MicroserviceLauncherHostedService[0]
      [OrderAcceptService] info: Microsoft.EntityFrameworkCore.Database.Command[20101]
info: Onion.CleanArchitecture.WebApp.Server.Services.MicroserviceLauncherHostedService[0]
      [OrderAcceptService]       Executed DbCommand (35ms) [Parameters=[@now='?' (DbType = DateTime)], CommandType='Text', CommandTimeout='30']
info: Onion.CleanArchitecture.WebApp.Server.Services.MicroserviceLauncherHostedService[0]
      [OrderAcceptService]       SELECT o."Id", o."CreatedAt", o."CreatedBy", o."LastModifiedAt", o."LastModifiedBy", o."OrderId", o."Status", o."Timeout", o."TimerId", o."TimerStatus"
info: Onion.CleanArchitecture.WebApp.Server.Services.MicroserviceLauncherHostedService[0]
      [OrderAcceptService]       FROM "OrderTimers" AS o
info: Onion.CleanArchitecture.WebApp.Server.Services.MicroserviceLauncherHostedService[0]
      [OrderAcceptService]       WHERE o."TimerStatus" = 1 AND o."Timeout" <= @now
info: Onion.CleanArchitecture.WebApp.Server.Services.MicroserviceLauncherHostedService[0]
      [OrderOrchestration] info: Microsoft.EntityFrameworkCore.Database.Command[20101]
info: Onion.CleanArchitecture.WebApp.Server.Services.MicroserviceLauncherHostedService[0]
      [OrderOrchestration]       Executed DbCommand (49ms) [Parameters=[], CommandType='Text', CommandTimeout='30']
info: Onion.CleanArchitecture.WebApp.Server.Services.MicroserviceLauncherHostedService[0]
      [OrderOrchestration]       SELECT "MigrationId", "ProductVersion"
info: Onion.CleanArchitecture.WebApp.Server.Services.MicroserviceLauncherHostedService[0]
      [OrderOrchestration]       FROM "__EFMigrationsHistory"
info: Onion.CleanArchitecture.WebApp.Server.Services.MicroserviceLauncherHostedService[0]
      [OrderOrchestration]       ORDER BY "MigrationId";
info: Onion.CleanArchitecture.WebApp.Server.Services.MicroserviceLauncherHostedService[0]
      [NotificationService] info: MassTransit[0]
info: Onion.CleanArchitecture.WebApp.Server.Services.MicroserviceLauncherHostedService[0]
      [NotificationService]       Configured endpoint notification-queue, Consumer: NotificationService.Consumers.OrderSubmitFailedConsumer
info: Onion.CleanArchitecture.WebApp.Server.Services.MicroserviceLauncherHostedService[0]
      [NotificationService] info: MassTransit[0]
info: Onion.CleanArchitecture.WebApp.Server.Services.MicroserviceLauncherHostedService[0]
      [NotificationService]       Configured endpoint notification-queue, Consumer: NotificationService.Consumers.OrderAcceptFailedConsumer
info: Onion.CleanArchitecture.WebApp.Server.Services.MicroserviceLauncherHostedService[0]
      [NotificationService] info: MassTransit[0]
info: Onion.CleanArchitecture.WebApp.Server.Services.MicroserviceLauncherHostedService[0]
      [NotificationService]       Configured endpoint notification-queue, Consumer: NotificationService.Consumers.OrderCompleteSuccessConsumer
info: Onion.CleanArchitecture.WebApp.Server.Services.MicroserviceLauncherHostedService[0]
      [NotificationService] info: MassTransit[0]
info: Onion.CleanArchitecture.WebApp.Server.Services.MicroserviceLauncherHostedService[0]
      [NotificationService]       Configured endpoint notification-queue, Consumer: NotificationService.Consumers.OrderCompleteFailedConsumer
info: Onion.CleanArchitecture.WebApp.Server.Services.MicroserviceLauncherHostedService[0]
      [OrderSubmitService] info: Microsoft.EntityFrameworkCore.Database.Command[20101]
info: Onion.CleanArchitecture.WebApp.Server.Services.MicroserviceLauncherHostedService[0]
      [OrderSubmitService]       Executed DbCommand (15ms) [Parameters=[@p14='?' (DbType = Int32), @p0='?' (DbType = DateTime), @p1='?' (DbType = DateTime), @p2='?', @p3='?', @p4='?' (DbType = Boolean), @p5='?' (DbType = DateTime), @p6='?', @p7='?', @p8='?', @p9='?' (DbType = DateTime), @p10='?', @p11='?' (DbType = Int32), @p12='?' (DbType = Decimal), @p13='?' (DbType = DateTime), @p27='?' (DbType = Int32), @p15='?', @p16='?' (DbType = DateTime), @p17='?', @p18='?', @p19='?' (DbType = Boolean), @p20='?' (DbType = DateTime), @p21='?', @p22='?', @p23='?' (DbType = Decimal), @p24='?' (DbType = Guid), @p25='?' (DbType = Decimal), @p26='?' (DbType = Int32)], CommandType='Text', CommandTimeout='30']
info: Onion.CleanArchitecture.WebApp.Server.Services.MicroserviceLauncherHostedService[0]
      [OrderSubmitService]       UPDATE "Orders" SET "CompletedAt" = @p0, "CreatedAt" = @p1, "CreatedBy" = @p2, "CustomerId" = @p3, "IsReserved" = @p4, "LastModifiedAt" = @p5, "LastModifiedBy" = @p6, "Note" = @p7, "OrderCode" = @p8, "RejectedAt" = @p9, "ShippingAddress" = @p10, "Status" = @p11, "TotalAmount" = @p12, "UpdatedAt" = @p13
info: Onion.CleanArchitecture.WebApp.Server.Services.MicroserviceLauncherHostedService[0]
      [OrderSubmitService]       WHERE "Id" = @p14;
info: Onion.CleanArchitecture.WebApp.Server.Services.MicroserviceLauncherHostedService[0]
      [OrderSubmitService]       UPDATE "Product" SET "Code" = @p15, "CreatedAt" = @p16, "CreatedBy" = @p17, "Description" = @p18, "IsActive" = @p19, "LastModifiedAt" = @p20, "LastModifiedBy" = @p21, "Name" = @p22, "Price" = @p23, "ProductId" = @p24, "Rate" = @p25, "SLTKho" = @p26
info: Onion.CleanArchitecture.WebApp.Server.Services.MicroserviceLauncherHostedService[0]
      [OrderSubmitService]       WHERE "Id" = @p27;
info: Onion.CleanArchitecture.WebApp.Server.Services.MicroserviceLauncherHostedService[0]
      [OrderOrchestration] info: Microsoft.EntityFrameworkCore.Database.Command[20101]
info: Onion.CleanArchitecture.WebApp.Server.Services.MicroserviceLauncherHostedService[0]
      [OrderOrchestration]       Executed DbCommand (7ms) [Parameters=[], CommandType='Text', CommandTimeout='30']
info: Onion.CleanArchitecture.WebApp.Server.Services.MicroserviceLauncherHostedService[0]
      [OrderOrchestration]       SELECT 1
info: Onion.CleanArchitecture.WebApp.Server.Services.MicroserviceLauncherHostedService[0]
      [OrderSubmitService] info: Microsoft.EntityFrameworkCore.Database.Command[20101]
info: Onion.CleanArchitecture.WebApp.Server.Services.MicroserviceLauncherHostedService[0]
      [OrderSubmitService]       Executed DbCommand (12ms) [Parameters=[@p0='?', @p1='?' (DbType = DateTime), @p2='?', @p3='?', @p4='?' (DbType = Guid), @p5='?' (DbType = DateTime), @p6='?', @p7='?', @p8='?' (DbType = Guid), @p9='?' (DbType = Int32)], CommandType='Text', CommandTimeout='30']
info: Onion.CleanArchitecture.WebApp.Server.Services.MicroserviceLauncherHostedService[0]
      [OrderSubmitService]       INSERT INTO "OrderHistories" ("ConsumerName", "CreatedAt", "CreatedBy", "EventType", "HistoryId", "LastModifiedAt", "LastModifiedBy", "Message", "OrderId", "Status")
info: Onion.CleanArchitecture.WebApp.Server.Services.MicroserviceLauncherHostedService[0]
      [OrderSubmitService]       VALUES (@p0, @p1, @p2, @p3, @p4, @p5, @p6, @p7, @p8, @p9)
info: Onion.CleanArchitecture.WebApp.Server.Services.MicroserviceLauncherHostedService[0]
      [OrderSubmitService]       RETURNING "Id";
info: Onion.CleanArchitecture.WebApp.Server.Services.MicroserviceLauncherHostedService[0]
      [OrderOrchestration] info: Microsoft.EntityFrameworkCore.Database.Command[20101]
info: Onion.CleanArchitecture.WebApp.Server.Services.MicroserviceLauncherHostedService[0]
      [OrderOrchestration]       Executed DbCommand (6ms) [Parameters=[], CommandType='Text', CommandTimeout='30']
info: Onion.CleanArchitecture.WebApp.Server.Services.MicroserviceLauncherHostedService[0]
      [OrderOrchestration]       CREATE TABLE IF NOT EXISTS "__EFMigrationsHistory" (
info: Onion.CleanArchitecture.WebApp.Server.Services.MicroserviceLauncherHostedService[0]
      [OrderOrchestration]           "MigrationId" character varying(150) NOT NULL,
info: Onion.CleanArchitecture.WebApp.Server.Services.MicroserviceLauncherHostedService[0]
      [OrderOrchestration]           "ProductVersion" character varying(32) NOT NULL,
info: Onion.CleanArchitecture.WebApp.Server.Services.MicroserviceLauncherHostedService[0]
      [OrderOrchestration]           CONSTRAINT "PK___EFMigrationsHistory" PRIMARY KEY ("MigrationId")
info: Onion.CleanArchitecture.WebApp.Server.Services.MicroserviceLauncherHostedService[0]
      [OrderOrchestration]       );
info: Onion.CleanArchitecture.WebApp.Server.Services.MicroserviceLauncherHostedService[0]
      [OrderOrchestration] info: Microsoft.EntityFrameworkCore.Migrations[20411]
info: Onion.CleanArchitecture.WebApp.Server.Services.MicroserviceLauncherHostedService[0]
      [OrderOrchestration]       Acquiring an exclusive lock for migration application. See https://aka.ms/efcore-docs-migrations-lock for more information if this takes too long.
info: Onion.CleanArchitecture.WebApp.Server.Services.MicroserviceLauncherHostedService[0]
      [OrderOrchestration] info: Microsoft.EntityFrameworkCore.Database.Command[20101]
info: Onion.CleanArchitecture.WebApp.Server.Services.MicroserviceLauncherHostedService[0]
      [OrderOrchestration]       Executed DbCommand (1ms) [Parameters=[], CommandType='Text', CommandTimeout='30']
info: Onion.CleanArchitecture.WebApp.Server.Services.MicroserviceLauncherHostedService[0]
      [OrderOrchestration]       LOCK TABLE "__EFMigrationsHistory" IN ACCESS EXCLUSIVE MODE
info: Onion.CleanArchitecture.WebApp.Server.Services.MicroserviceLauncherHostedService[0]
      [OrderOrchestration] info: Microsoft.EntityFrameworkCore.Database.Command[20101]
info: Onion.CleanArchitecture.WebApp.Server.Services.MicroserviceLauncherHostedService[0]
      [OrderOrchestration]       Executed DbCommand (1ms) [Parameters=[], CommandType='Text', CommandTimeout='30']
info: Onion.CleanArchitecture.WebApp.Server.Services.MicroserviceLauncherHostedService[0]
      [OrderOrchestration]       SELECT "MigrationId", "ProductVersion"
info: Onion.CleanArchitecture.WebApp.Server.Services.MicroserviceLauncherHostedService[0]
      [OrderOrchestration]       FROM "__EFMigrationsHistory"
info: Onion.CleanArchitecture.WebApp.Server.Services.MicroserviceLauncherHostedService[0]
      [OrderOrchestration]       ORDER BY "MigrationId";
info: Onion.CleanArchitecture.WebApp.Server.Services.MicroserviceLauncherHostedService[0]
      [OrderOrchestration] info: Microsoft.EntityFrameworkCore.Migrations[20405]
info: Onion.CleanArchitecture.WebApp.Server.Services.MicroserviceLauncherHostedService[0]
      [OrderOrchestration]       No migrations were applied. The database is already up to date.
info: Onion.CleanArchitecture.WebApp.Server.Services.MicroserviceLauncherHostedService[0]
      [OrderSubmitService] info: OrderSubmitService.OrderSubmitConsumer[0]
info: Onion.CleanArchitecture.WebApp.Server.Services.MicroserviceLauncherHostedService[0]
      [OrderSubmitService]       Validate thành công OrderId=838a2089-9d0d-43d4-8dd1-adb62a89252c, đã giữ chỗ 1 sản phẩm. Saga sẽ gửi AcceptOrderCommand
info: Onion.CleanArchitecture.WebApp.Server.Services.MicroserviceLauncherHostedService[0]
      [NotificationService] info: Microsoft.Hosting.Lifetime[14]
info: Onion.CleanArchitecture.WebApp.Server.Services.MicroserviceLauncherHostedService[0]
      [NotificationService]       Now listening on: https://localhost:7201
info: Onion.CleanArchitecture.WebApp.Server.Services.MicroserviceLauncherHostedService[0]
      [NotificationService] info: Microsoft.Hosting.Lifetime[14]
info: Onion.CleanArchitecture.WebApp.Server.Services.MicroserviceLauncherHostedService[0]
      [NotificationService]       Now listening on: http://localhost:5213
info: Onion.CleanArchitecture.WebApp.Server.Services.MicroserviceLauncherHostedService[0]
      [NotificationService] crit: Microsoft.AspNetCore.Hosting.Diagnostics[11]
info: Onion.CleanArchitecture.WebApp.Server.Services.MicroserviceLauncherHostedService[0]
      [NotificationService]       Hosting startup assembly exception
info: Onion.CleanArchitecture.WebApp.Server.Services.MicroserviceLauncherHostedService[0]
      [NotificationService]       System.InvalidOperationException: Startup assembly Microsoft.AspNetCore.SpaProxy failed to execute. See the inner exception for more details.
info: Onion.CleanArchitecture.WebApp.Server.Services.MicroserviceLauncherHostedService[0]
      [NotificationService]        ---> System.IO.FileNotFoundException: Could not load file or assembly 'Microsoft.AspNetCore.SpaProxy, Culture=neutral, PublicKeyToken=null'. The system cannot find the file specified.
info: Onion.CleanArchitecture.WebApp.Server.Services.MicroserviceLauncherHostedService[0]
      [NotificationService]       File name: 'Microsoft.AspNetCore.SpaProxy, Culture=neutral, PublicKeyToken=null'
info: Onion.CleanArchitecture.WebApp.Server.Services.MicroserviceLauncherHostedService[0]
      [NotificationService]          at System.Reflection.RuntimeAssembly.InternalLoad(AssemblyName assemblyName, StackCrawlMark& stackMark, AssemblyLoadContext assemblyLoadContext, RuntimeAssembly requestingAssembly, Boolean throwOnFileNotFound)
info: Onion.CleanArchitecture.WebApp.Server.Services.MicroserviceLauncherHostedService[0]
      [NotificationService]          at System.Reflection.Assembly.Load(AssemblyName assemblyRef)
info: Onion.CleanArchitecture.WebApp.Server.Services.MicroserviceLauncherHostedService[0]
      [NotificationService]          at Microsoft.AspNetCore.Hosting.GenericWebHostBuilder.ExecuteHostingStartups()
info: Onion.CleanArchitecture.WebApp.Server.Services.MicroserviceLauncherHostedService[0]
      [NotificationService]          --- End of inner exception stack trace ---
info: Onion.CleanArchitecture.WebApp.Server.Services.MicroserviceLauncherHostedService[0]
      [NotificationService] info: Microsoft.Hosting.Lifetime[0]
info: Onion.CleanArchitecture.WebApp.Server.Services.MicroserviceLauncherHostedService[0]
      [NotificationService]       Application started. Press Ctrl+C to shut down.
info: Onion.CleanArchitecture.WebApp.Server.Services.MicroserviceLauncherHostedService[0]
      [NotificationService] info: Microsoft.Hosting.Lifetime[0]
info: Onion.CleanArchitecture.WebApp.Server.Services.MicroserviceLauncherHostedService[0]
      [NotificationService]       Hosting environment: Development
info: Onion.CleanArchitecture.WebApp.Server.Services.MicroserviceLauncherHostedService[0]
      [NotificationService] info: Microsoft.Hosting.Lifetime[0]
info: Onion.CleanArchitecture.WebApp.Server.Services.MicroserviceLauncherHostedService[0]
      [NotificationService]       Content root path: D:\Univer\Nam_4\VB\Demo-Saga\NotificationService
info: Onion.CleanArchitecture.WebApp.Server.Services.MicroserviceLauncherHostedService[0]
      [NotificationService] info: MassTransit[0]
info: Onion.CleanArchitecture.WebApp.Server.Services.MicroserviceLauncherHostedService[0]
      [NotificationService]       Bus started: db://localhost/
info: Onion.CleanArchitecture.WebApp.Server.Services.MicroserviceLauncherHostedService[0]
      [OrderOrchestration] info: MassTransit[0]
info: Onion.CleanArchitecture.WebApp.Server.Services.MicroserviceLauncherHostedService[0]
      [OrderOrchestration]       Configured endpoint order-state, Saga: OrderOrchestration.OrderState, State Machine: OrderOrchestration.OrderSagaStateMachine
info: Onion.CleanArchitecture.WebApp.Server.Services.MicroserviceLauncherHostedService[0]
      [OrderOrchestration] info: Microsoft.Hosting.Lifetime[0]
info: Onion.CleanArchitecture.WebApp.Server.Services.MicroserviceLauncherHostedService[0]
      [OrderOrchestration]       Application started. Press Ctrl+C to shut down.
info: Onion.CleanArchitecture.WebApp.Server.Services.MicroserviceLauncherHostedService[0]
      [OrderOrchestration] info: Microsoft.Hosting.Lifetime[0]
info: Onion.CleanArchitecture.WebApp.Server.Services.MicroserviceLauncherHostedService[0]
      [OrderOrchestration]       Hosting environment: Production
info: Onion.CleanArchitecture.WebApp.Server.Services.MicroserviceLauncherHostedService[0]
      [OrderOrchestration] info: Microsoft.Hosting.Lifetime[0]
info: Onion.CleanArchitecture.WebApp.Server.Services.MicroserviceLauncherHostedService[0]
      [OrderOrchestration]       Content root path: D:\Univer\Nam_4\VB\Demo-Saga\OrderOrchestration
info: Onion.CleanArchitecture.WebApp.Server.Services.MicroserviceLauncherHostedService[0]
      [OrderOrchestration] info: MassTransit[0]
info: Onion.CleanArchitecture.WebApp.Server.Services.MicroserviceLauncherHostedService[0]
      [OrderOrchestration]       Bus started: db://localhost/
info: Onion.CleanArchitecture.WebApp.Server.Services.MicroserviceLauncherHostedService[0]
      [OrderOrchestration] info: Microsoft.EntityFrameworkCore.Database.Command[20101]
info: Onion.CleanArchitecture.WebApp.Server.Services.MicroserviceLauncherHostedService[0]
      [OrderOrchestration]       Executed DbCommand (9ms) [Parameters=[p0='?' (DbType = Guid)], CommandType='Text', CommandTimeout='30']
info: Onion.CleanArchitecture.WebApp.Server.Services.MicroserviceLauncherHostedService[0]
      [OrderOrchestration]       SELECT o."CorrelationId", o."CreatedAt", o."CurrentState", o."CustomerId", o."ErrorReason", o."IsTimeout", o."Items", o."NeedReleaseInventory", o."TotalAmount"
info: Onion.CleanArchitecture.WebApp.Server.Services.MicroserviceLauncherHostedService[0]
      [OrderOrchestration]       FROM (
info: Onion.CleanArchitecture.WebApp.Server.Services.MicroserviceLauncherHostedService[0]
      [OrderOrchestration]           SELECT *, xmin FROM "OrderState" WHERE "CorrelationId" = @p0 FOR UPDATE
info: Onion.CleanArchitecture.WebApp.Server.Services.MicroserviceLauncherHostedService[0]
      [OrderOrchestration]       ) AS o
info: Onion.CleanArchitecture.WebApp.Server.Services.MicroserviceLauncherHostedService[0]
      [OrderOrchestration]       LIMIT 2
info: Onion.CleanArchitecture.WebApp.Server.Services.MicroserviceLauncherHostedService[0]
      [OrderOrchestration] info: Microsoft.EntityFrameworkCore.Database.Command[20101]
info: Onion.CleanArchitecture.WebApp.Server.Services.MicroserviceLauncherHostedService[0]
      [OrderOrchestration]       Executed DbCommand (3ms) [Parameters=[@p2='?' (DbType = Guid), @p0='?', @p1='?' (DbType = Boolean)], CommandType='Text', CommandTimeout='30']
info: Onion.CleanArchitecture.WebApp.Server.Services.MicroserviceLauncherHostedService[0]
      [OrderOrchestration]       UPDATE "OrderState" SET "CurrentState" = @p0, "NeedReleaseInventory" = @p1
info: Onion.CleanArchitecture.WebApp.Server.Services.MicroserviceLauncherHostedService[0]
      [OrderOrchestration]       WHERE "CorrelationId" = @p2;
info: Onion.CleanArchitecture.WebApp.Server.Services.MicroserviceLauncherHostedService[0]
      [OrderAcceptService] info: Microsoft.EntityFrameworkCore.Database.Command[20101]
info: Onion.CleanArchitecture.WebApp.Server.Services.MicroserviceLauncherHostedService[0]
      [OrderAcceptService]       Executed DbCommand (6ms) [Parameters=[@orderId='?' (DbType = Guid)], CommandType='Text', CommandTimeout='30']
info: Onion.CleanArchitecture.WebApp.Server.Services.MicroserviceLauncherHostedService[0]
      [OrderAcceptService]       SELECT o."Id", o."CompletedAt", o."CreatedAt", o."CreatedBy", o."CustomerId", o."IsReserved", o."LastModifiedAt", o."LastModifiedBy", o."Note", o."OrderCode", o."OrderId", o."RejectedAt", o."ShippingAddress", o."Status", o."TotalAmount", o."UpdatedAt"
info: Onion.CleanArchitecture.WebApp.Server.Services.MicroserviceLauncherHostedService[0]
      [OrderAcceptService]       FROM "Orders" AS o
info: Onion.CleanArchitecture.WebApp.Server.Services.MicroserviceLauncherHostedService[0]
      [OrderAcceptService]       WHERE o."OrderId" = @orderId
info: Onion.CleanArchitecture.WebApp.Server.Services.MicroserviceLauncherHostedService[0]
      [OrderAcceptService]       ORDER BY o."Id"
info: Onion.CleanArchitecture.WebApp.Server.Services.MicroserviceLauncherHostedService[0]
      [OrderAcceptService]       LIMIT 1
info: Onion.CleanArchitecture.WebApp.Server.Services.MicroserviceLauncherHostedService[0]
      [OrderAcceptService] info: Microsoft.EntityFrameworkCore.Database.Command[20101]
info: Onion.CleanArchitecture.WebApp.Server.Services.MicroserviceLauncherHostedService[0]
      [OrderAcceptService]       Executed DbCommand (7ms) [Parameters=[@orderId='?' (DbType = Guid)], CommandType='Text', CommandTimeout='30']
info: Onion.CleanArchitecture.WebApp.Server.Services.MicroserviceLauncherHostedService[0]
      [OrderAcceptService]       SELECT o0."Id", o0."CreatedAt", o0."CreatedBy", o0."LastModifiedAt", o0."LastModifiedBy", o0."OrderId", o0."OrderItemId", o0."ProductId", o0."ProductName", o0."Quantity", o0."UnitPrice", o1."Id"
info: Onion.CleanArchitecture.WebApp.Server.Services.MicroserviceLauncherHostedService[0]
      [OrderAcceptService]       FROM (
info: Onion.CleanArchitecture.WebApp.Server.Services.MicroserviceLauncherHostedService[0]
      [OrderAcceptService]           SELECT o."Id", o."OrderId"
info: Onion.CleanArchitecture.WebApp.Server.Services.MicroserviceLauncherHostedService[0]
      [OrderAcceptService]           FROM "Orders" AS o
info: Onion.CleanArchitecture.WebApp.Server.Services.MicroserviceLauncherHostedService[0]
      [OrderAcceptService]           WHERE o."OrderId" = @orderId
info: Onion.CleanArchitecture.WebApp.Server.Services.MicroserviceLauncherHostedService[0]
      [OrderAcceptService]           ORDER BY o."Id"
info: Onion.CleanArchitecture.WebApp.Server.Services.MicroserviceLauncherHostedService[0]
      [OrderAcceptService]           LIMIT 1
info: Onion.CleanArchitecture.WebApp.Server.Services.MicroserviceLauncherHostedService[0]
      [OrderAcceptService]       ) AS o1
info: Onion.CleanArchitecture.WebApp.Server.Services.MicroserviceLauncherHostedService[0]
      [OrderAcceptService]       INNER JOIN "OrderItems" AS o0 ON o1."OrderId" = o0."OrderId"
info: Onion.CleanArchitecture.WebApp.Server.Services.MicroserviceLauncherHostedService[0]
      [OrderAcceptService]       ORDER BY o1."Id"
info: Onion.CleanArchitecture.WebApp.Server.Services.MicroserviceLauncherHostedService[0]
      [OrderAcceptService] info: OrderAcceptService.OrderAcceptConsumer[0]
info: Onion.CleanArchitecture.WebApp.Server.Services.MicroserviceLauncherHostedService[0]
      [OrderAcceptService]       Nhận AcceptOrderCommand OrderId=838a2089-9d0d-43d4-8dd1-adb62a89252c
info: Onion.CleanArchitecture.WebApp.Server.Services.MicroserviceLauncherHostedService[0]
      [OrderAcceptService] info: Microsoft.EntityFrameworkCore.Database.Command[20101]
info: Onion.CleanArchitecture.WebApp.Server.Services.MicroserviceLauncherHostedService[0]
      [OrderAcceptService]       Executed DbCommand (3ms) [Parameters=[@productId='?' (DbType = Guid)], CommandType='Text', CommandTimeout='30']
info: Onion.CleanArchitecture.WebApp.Server.Services.MicroserviceLauncherHostedService[0]
      [OrderAcceptService]       SELECT p."Id", p."Code", p."CreatedAt", p."CreatedBy", p."Description", p."IsActive", p."LastModifiedAt", p."LastModifiedBy", p."Name", p."Price", p."ProductId", p."Rate", p."SLTKho"
info: Onion.CleanArchitecture.WebApp.Server.Services.MicroserviceLauncherHostedService[0]
      [OrderAcceptService]       FROM "Product" AS p
info: Onion.CleanArchitecture.WebApp.Server.Services.MicroserviceLauncherHostedService[0]
      [OrderAcceptService]       WHERE p."ProductId" = @productId
info: Onion.CleanArchitecture.WebApp.Server.Services.MicroserviceLauncherHostedService[0]
      [OrderAcceptService]       LIMIT 1
info: Onion.CleanArchitecture.WebApp.Server.Services.MicroserviceLauncherHostedService[0]
      [OrderAcceptService] info: Microsoft.EntityFrameworkCore.Database.Command[20101]
info: Onion.CleanArchitecture.WebApp.Server.Services.MicroserviceLauncherHostedService[0]
      [OrderAcceptService]       Executed DbCommand (8ms) [Parameters=[@p14='?' (DbType = Int32), @p0='?' (DbType = DateTime), @p1='?' (DbType = DateTime), @p2='?', @p3='?', @p4='?' (DbType = Boolean), @p5='?' (DbType = DateTime), @p6='?', @p7='?', @p8='?', @p9='?' (DbType = DateTime), @p10='?', @p11='?' (DbType = Int32), @p12='?' (DbType = Decimal), @p13='?' (DbType = DateTime)], CommandType='Text', CommandTimeout='30']
info: Onion.CleanArchitecture.WebApp.Server.Services.MicroserviceLauncherHostedService[0]
      [OrderAcceptService]       UPDATE "Orders" SET "CompletedAt" = @p0, "CreatedAt" = @p1, "CreatedBy" = @p2, "CustomerId" = @p3, "IsReserved" = @p4, "LastModifiedAt" = @p5, "LastModifiedBy" = @p6, "Note" = @p7, "OrderCode" = @p8, "RejectedAt" = @p9, "ShippingAddress" = @p10, "Status" = @p11, "TotalAmount" = @p12, "UpdatedAt" = @p13
info: Onion.CleanArchitecture.WebApp.Server.Services.MicroserviceLauncherHostedService[0]
      [OrderAcceptService]       WHERE "Id" = @p14;
info: Onion.CleanArchitecture.WebApp.Server.Services.MicroserviceLauncherHostedService[0]
      [OrderAcceptService] info: Microsoft.EntityFrameworkCore.Database.Command[20101]
info: Onion.CleanArchitecture.WebApp.Server.Services.MicroserviceLauncherHostedService[0]
      [OrderAcceptService]       Executed DbCommand (3ms) [Parameters=[@p0='?' (DbType = DateTime), @p1='?', @p2='?' (DbType = DateTime), @p3='?', @p4='?' (DbType = Guid), @p5='?' (DbType = Int32), @p6='?' (DbType = DateTime), @p7='?' (DbType = Guid), @p8='?' (DbType = Int32)], CommandType='Text', CommandTimeout='30']
info: Onion.CleanArchitecture.WebApp.Server.Services.MicroserviceLauncherHostedService[0]
      [OrderAcceptService]       INSERT INTO "OrderTimers" ("CreatedAt", "CreatedBy", "LastModifiedAt", "LastModifiedBy", "OrderId", "Status", "Timeout", "TimerId", "TimerStatus")
info: Onion.CleanArchitecture.WebApp.Server.Services.MicroserviceLauncherHostedService[0]
      [OrderAcceptService]       VALUES (@p0, @p1, @p2, @p3, @p4, @p5, @p6, @p7, @p8)
info: Onion.CleanArchitecture.WebApp.Server.Services.MicroserviceLauncherHostedService[0]
      [OrderAcceptService]       RETURNING "Id";
info: Onion.CleanArchitecture.WebApp.Server.Services.MicroserviceLauncherHostedService[0]
      [OrderAcceptService] info: Microsoft.EntityFrameworkCore.Database.Command[20101]
info: Onion.CleanArchitecture.WebApp.Server.Services.MicroserviceLauncherHostedService[0]
      [OrderAcceptService]       Executed DbCommand (3ms) [Parameters=[@p0='?', @p1='?' (DbType = DateTime), @p2='?', @p3='?', @p4='?' (DbType = Guid), @p5='?' (DbType = DateTime), @p6='?', @p7='?', @p8='?' (DbType = Guid), @p9='?' (DbType = Int32)], CommandType='Text', CommandTimeout='30']
info: Onion.CleanArchitecture.WebApp.Server.Services.MicroserviceLauncherHostedService[0]
      [OrderAcceptService]       INSERT INTO "OrderHistories" ("ConsumerName", "CreatedAt", "CreatedBy", "EventType", "HistoryId", "LastModifiedAt", "LastModifiedBy", "Message", "OrderId", "Status")
info: Onion.CleanArchitecture.WebApp.Server.Services.MicroserviceLauncherHostedService[0]
      [OrderAcceptService]       VALUES (@p0, @p1, @p2, @p3, @p4, @p5, @p6, @p7, @p8, @p9)
info: Onion.CleanArchitecture.WebApp.Server.Services.MicroserviceLauncherHostedService[0]
      [OrderAcceptService]       RETURNING "Id";
info: Onion.CleanArchitecture.WebApp.Server.Services.MicroserviceLauncherHostedService[0]
      [OrderAcceptService] info: OrderAcceptService.OrderAcceptConsumer[0]
info: Onion.CleanArchitecture.WebApp.Server.Services.MicroserviceLauncherHostedService[0]
      [OrderAcceptService]       Accept thành công OrderId=838a2089-9d0d-43d4-8dd1-adb62a89252c, Saga sẽ gửi CompleteOrderCommand
info: Onion.CleanArchitecture.WebApp.Server.Services.MicroserviceLauncherHostedService[0]
      [OrderOrchestration] info: Microsoft.EntityFrameworkCore.Database.Command[20101]
info: Onion.CleanArchitecture.WebApp.Server.Services.MicroserviceLauncherHostedService[0]
      [OrderOrchestration]       Executed DbCommand (1ms) [Parameters=[p0='?' (DbType = Guid)], CommandType='Text', CommandTimeout='30']
info: Onion.CleanArchitecture.WebApp.Server.Services.MicroserviceLauncherHostedService[0]
      [OrderOrchestration]       SELECT o."CorrelationId", o."CreatedAt", o."CurrentState", o."CustomerId", o."ErrorReason", o."IsTimeout", o."Items", o."NeedReleaseInventory", o."TotalAmount"
info: Onion.CleanArchitecture.WebApp.Server.Services.MicroserviceLauncherHostedService[0]
      [OrderOrchestration]       FROM (
info: Onion.CleanArchitecture.WebApp.Server.Services.MicroserviceLauncherHostedService[0]
      [OrderOrchestration]           SELECT *, xmin FROM "OrderState" WHERE "CorrelationId" = @p0 FOR UPDATE
info: Onion.CleanArchitecture.WebApp.Server.Services.MicroserviceLauncherHostedService[0]
      [OrderOrchestration]       ) AS o
info: Onion.CleanArchitecture.WebApp.Server.Services.MicroserviceLauncherHostedService[0]
      [OrderOrchestration]       LIMIT 2
info: Onion.CleanArchitecture.WebApp.Server.Services.MicroserviceLauncherHostedService[0]
      [OrderOrchestration] info: Microsoft.EntityFrameworkCore.Database.Command[20101]
info: Onion.CleanArchitecture.WebApp.Server.Services.MicroserviceLauncherHostedService[0]
      [OrderOrchestration]       Executed DbCommand (1ms) [Parameters=[@p1='?' (DbType = Guid), @p0='?'], CommandType='Text', CommandTimeout='30']
info: Onion.CleanArchitecture.WebApp.Server.Services.MicroserviceLauncherHostedService[0]
      [OrderOrchestration]       UPDATE "OrderState" SET "CurrentState" = @p0
info: Onion.CleanArchitecture.WebApp.Server.Services.MicroserviceLauncherHostedService[0]
      [OrderOrchestration]       WHERE "CorrelationId" = @p1;
info: Onion.CleanArchitecture.WebApp.Server.Services.MicroserviceLauncherHostedService[0]
      [OrderCompleteService] info: Microsoft.EntityFrameworkCore.Database.Command[20101]
info: Onion.CleanArchitecture.WebApp.Server.Services.MicroserviceLauncherHostedService[0]
      [OrderCompleteService]       Executed DbCommand (17ms) [Parameters=[@orderId='?' (DbType = Guid)], CommandType='Text', CommandTimeout='30']
info: Onion.CleanArchitecture.WebApp.Server.Services.MicroserviceLauncherHostedService[0]
      [OrderCompleteService]       SELECT o."Id", o."CompletedAt", o."CreatedAt", o."CreatedBy", o."CustomerId", o."IsReserved", o."LastModifiedAt", o."LastModifiedBy", o."Note", o."OrderCode", o."OrderId", o."RejectedAt", o."ShippingAddress", o."Status", o."TotalAmount", o."UpdatedAt"
info: Onion.CleanArchitecture.WebApp.Server.Services.MicroserviceLauncherHostedService[0]
      [OrderCompleteService]       FROM "Orders" AS o
info: Onion.CleanArchitecture.WebApp.Server.Services.MicroserviceLauncherHostedService[0]
      [OrderCompleteService]       WHERE o."OrderId" = @orderId
info: Onion.CleanArchitecture.WebApp.Server.Services.MicroserviceLauncherHostedService[0]
      [OrderCompleteService]       ORDER BY o."Id"
info: Onion.CleanArchitecture.WebApp.Server.Services.MicroserviceLauncherHostedService[0]
      [OrderCompleteService]       LIMIT 1
info: Onion.CleanArchitecture.WebApp.Server.Services.MicroserviceLauncherHostedService[0]
      [OrderCompleteService] info: Microsoft.EntityFrameworkCore.Database.Command[20101]
info: Onion.CleanArchitecture.WebApp.Server.Services.MicroserviceLauncherHostedService[0]
      [OrderCompleteService]       Executed DbCommand (4ms) [Parameters=[@orderId='?' (DbType = Guid)], CommandType='Text', CommandTimeout='30']
info: Onion.CleanArchitecture.WebApp.Server.Services.MicroserviceLauncherHostedService[0]
      [OrderCompleteService]       SELECT o0."Id", o0."CreatedAt", o0."CreatedBy", o0."LastModifiedAt", o0."LastModifiedBy", o0."OrderId", o0."OrderItemId", o0."ProductId", o0."ProductName", o0."Quantity", o0."UnitPrice", o1."Id"
info: Onion.CleanArchitecture.WebApp.Server.Services.MicroserviceLauncherHostedService[0]
      [OrderCompleteService]       FROM (
info: Onion.CleanArchitecture.WebApp.Server.Services.MicroserviceLauncherHostedService[0]
      [OrderCompleteService]           SELECT o."Id", o."OrderId"
info: Onion.CleanArchitecture.WebApp.Server.Services.MicroserviceLauncherHostedService[0]
      [OrderCompleteService]           FROM "Orders" AS o
info: Onion.CleanArchitecture.WebApp.Server.Services.MicroserviceLauncherHostedService[0]
      [OrderCompleteService]           WHERE o."OrderId" = @orderId
info: Onion.CleanArchitecture.WebApp.Server.Services.MicroserviceLauncherHostedService[0]
      [OrderCompleteService]           ORDER BY o."Id"
info: Onion.CleanArchitecture.WebApp.Server.Services.MicroserviceLauncherHostedService[0]
      [OrderCompleteService]           LIMIT 1
info: Onion.CleanArchitecture.WebApp.Server.Services.MicroserviceLauncherHostedService[0]
      [OrderCompleteService]       ) AS o1
info: Onion.CleanArchitecture.WebApp.Server.Services.MicroserviceLauncherHostedService[0]
      [OrderCompleteService]       INNER JOIN "OrderItems" AS o0 ON o1."OrderId" = o0."OrderId"
info: Onion.CleanArchitecture.WebApp.Server.Services.MicroserviceLauncherHostedService[0]
      [OrderCompleteService]       ORDER BY o1."Id"
info: Onion.CleanArchitecture.WebApp.Server.Services.MicroserviceLauncherHostedService[0]
      [OrderCompleteService] info: OrderCompleteService.OrderCompleteConsumer[0]
info: Onion.CleanArchitecture.WebApp.Server.Services.MicroserviceLauncherHostedService[0]
      [OrderCompleteService]       Nhận CompleteOrderCommand OrderId=838a2089-9d0d-43d4-8dd1-adb62a89252c
info: Onion.CleanArchitecture.WebApp.Server.Services.MicroserviceLauncherHostedService[0]
      [OrderCompleteService] info: Microsoft.EntityFrameworkCore.Database.Command[20101]
info: Onion.CleanArchitecture.WebApp.Server.Services.MicroserviceLauncherHostedService[0]
      [OrderCompleteService]       Executed DbCommand (3ms) [Parameters=[@orderId='?' (DbType = Guid)], CommandType='Text', CommandTimeout='30']
info: Onion.CleanArchitecture.WebApp.Server.Services.MicroserviceLauncherHostedService[0]
      [OrderCompleteService]       SELECT o."Id", o."CreatedAt", o."CreatedBy", o."LastModifiedAt", o."LastModifiedBy", o."OrderId", o."Status", o."Timeout", o."TimerId", o."TimerStatus"
info: Onion.CleanArchitecture.WebApp.Server.Services.MicroserviceLauncherHostedService[0]
      [OrderCompleteService]       FROM "OrderTimers" AS o
info: Onion.CleanArchitecture.WebApp.Server.Services.MicroserviceLauncherHostedService[0]
      [OrderCompleteService]       WHERE o."OrderId" = @orderId AND o."TimerStatus" = 1
info: Onion.CleanArchitecture.WebApp.Server.Services.MicroserviceLauncherHostedService[0]
      [OrderCompleteService]       LIMIT 1
info: Onion.CleanArchitecture.WebApp.Server.Services.MicroserviceLauncherHostedService[0]
      [OrderCompleteService] info: Microsoft.EntityFrameworkCore.Database.Command[20101]
info: Onion.CleanArchitecture.WebApp.Server.Services.MicroserviceLauncherHostedService[0]
      [OrderCompleteService]       Executed DbCommand (4ms) [Parameters=[@p9='?' (DbType = Int32), @p0='?' (DbType = DateTime), @p1='?', @p2='?' (DbType = DateTime), @p3='?', @p4='?' (DbType = Guid), @p5='?' (DbType = Int32), @p6='?' (DbType = DateTime), @p7='?' (DbType = Guid), @p8='?' (DbType = Int32)], CommandType='Text', CommandTimeout='30']
info: Onion.CleanArchitecture.WebApp.Server.Services.MicroserviceLauncherHostedService[0]
      [OrderCompleteService]       UPDATE "OrderTimers" SET "CreatedAt" = @p0, "CreatedBy" = @p1, "LastModifiedAt" = @p2, "LastModifiedBy" = @p3, "OrderId" = @p4, "Status" = @p5, "Timeout" = @p6, "TimerId" = @p7, "TimerStatus" = @p8
info: Onion.CleanArchitecture.WebApp.Server.Services.MicroserviceLauncherHostedService[0]
      [OrderCompleteService]       WHERE "Id" = @p9;
info: Onion.CleanArchitecture.WebApp.Server.Services.MicroserviceLauncherHostedService[0]
      [OrderCompleteService] info: Microsoft.EntityFrameworkCore.Database.Command[20101]
info: Onion.CleanArchitecture.WebApp.Server.Services.MicroserviceLauncherHostedService[0]
      [OrderCompleteService]       Executed DbCommand (4ms) [Parameters=[@p14='?' (DbType = Int32), @p0='?' (DbType = DateTime), @p1='?' (DbType = DateTime), @p2='?', @p3='?', @p4='?' (DbType = Boolean), @p5='?' (DbType = DateTime), @p6='?', @p7='?', @p8='?', @p9='?' (DbType = DateTime), @p10='?', @p11='?' (DbType = Int32), @p12='?' (DbType = Decimal), @p13='?' (DbType = DateTime)], CommandType='Text', CommandTimeout='30']
info: Onion.CleanArchitecture.WebApp.Server.Services.MicroserviceLauncherHostedService[0]
      [OrderCompleteService]       UPDATE "Orders" SET "CompletedAt" = @p0, "CreatedAt" = @p1, "CreatedBy" = @p2, "CustomerId" = @p3, "IsReserved" = @p4, "LastModifiedAt" = @p5, "LastModifiedBy" = @p6, "Note" = @p7, "OrderCode" = @p8, "RejectedAt" = @p9, "ShippingAddress" = @p10, "Status" = @p11, "TotalAmount" = @p12, "UpdatedAt" = @p13
info: Onion.CleanArchitecture.WebApp.Server.Services.MicroserviceLauncherHostedService[0]
      [OrderCompleteService]       WHERE "Id" = @p14;
info: Onion.CleanArchitecture.WebApp.Server.Services.MicroserviceLauncherHostedService[0]
      [OrderCompleteService] info: Microsoft.EntityFrameworkCore.Database.Command[20101]
info: Onion.CleanArchitecture.WebApp.Server.Services.MicroserviceLauncherHostedService[0]
      [OrderCompleteService]       Executed DbCommand (3ms) [Parameters=[@p0='?', @p1='?' (DbType = DateTime), @p2='?', @p3='?', @p4='?' (DbType = Guid), @p5='?' (DbType = DateTime), @p6='?', @p7='?', @p8='?' (DbType = Guid), @p9='?' (DbType = Int32)], CommandType='Text', CommandTimeout='30']
info: Onion.CleanArchitecture.WebApp.Server.Services.MicroserviceLauncherHostedService[0]
      [OrderCompleteService]       INSERT INTO "OrderHistories" ("ConsumerName", "CreatedAt", "CreatedBy", "EventType", "HistoryId", "LastModifiedAt", "LastModifiedBy", "Message", "OrderId", "Status")
info: Onion.CleanArchitecture.WebApp.Server.Services.MicroserviceLauncherHostedService[0]
      [OrderCompleteService]       VALUES (@p0, @p1, @p2, @p3, @p4, @p5, @p6, @p7, @p8, @p9)
info: Onion.CleanArchitecture.WebApp.Server.Services.MicroserviceLauncherHostedService[0]
      [OrderCompleteService]       RETURNING "Id";
info: Onion.CleanArchitecture.WebApp.Server.Services.MicroserviceLauncherHostedService[0]
      [OrderCompleteService] info: OrderCompleteService.OrderCompleteConsumer[0]
info: Onion.CleanArchitecture.WebApp.Server.Services.MicroserviceLauncherHostedService[0]
      [OrderCompleteService]       Complete thành công OrderId=838a2089-9d0d-43d4-8dd1-adb62a89252c.
info: Onion.CleanArchitecture.WebApp.Server.Services.MicroserviceLauncherHostedService[0]
      [OrderOrchestration] info: Microsoft.EntityFrameworkCore.Database.Command[20101]
info: Onion.CleanArchitecture.WebApp.Server.Services.MicroserviceLauncherHostedService[0]
      [OrderOrchestration]       Executed DbCommand (1ms) [Parameters=[p0='?' (DbType = Guid)], CommandType='Text', CommandTimeout='30']
info: Onion.CleanArchitecture.WebApp.Server.Services.MicroserviceLauncherHostedService[0]
      [OrderOrchestration]       SELECT o."CorrelationId", o."CreatedAt", o."CurrentState", o."CustomerId", o."ErrorReason", o."IsTimeout", o."Items", o."NeedReleaseInventory", o."TotalAmount"
info: Onion.CleanArchitecture.WebApp.Server.Services.MicroserviceLauncherHostedService[0]
      [OrderOrchestration]       FROM (
info: Onion.CleanArchitecture.WebApp.Server.Services.MicroserviceLauncherHostedService[0]
      [OrderOrchestration]           SELECT *, xmin FROM "OrderState" WHERE "CorrelationId" = @p0 FOR UPDATE
info: Onion.CleanArchitecture.WebApp.Server.Services.MicroserviceLauncherHostedService[0]
      [OrderOrchestration]       ) AS o
info: Onion.CleanArchitecture.WebApp.Server.Services.MicroserviceLauncherHostedService[0]
      [OrderOrchestration]       LIMIT 2
info: Onion.CleanArchitecture.WebApp.Server.Services.MicroserviceLauncherHostedService[0]
      [OrderOrchestration] info: Microsoft.EntityFrameworkCore.Database.Command[20101]
info: Onion.CleanArchitecture.WebApp.Server.Services.MicroserviceLauncherHostedService[0]
      [OrderOrchestration]       Executed DbCommand (1ms) [Parameters=[@p1='?' (DbType = Guid), @p0='?'], CommandType='Text', CommandTimeout='30']
info: Onion.CleanArchitecture.WebApp.Server.Services.MicroserviceLauncherHostedService[0]
      [OrderOrchestration]       UPDATE "OrderState" SET "CurrentState" = @p0
info: Onion.CleanArchitecture.WebApp.Server.Services.MicroserviceLauncherHostedService[0]
      [OrderOrchestration]       WHERE "CorrelationId" = @p1;
info: Onion.CleanArchitecture.WebApp.Server.Services.MicroserviceLauncherHostedService[0]
      [NotificationService] info: NotificationService.Consumers.OrderCompleteSuccessConsumer[0]
info: Onion.CleanArchitecture.WebApp.Server.Services.MicroserviceLauncherHostedService[0]
      [NotificationService]       Nhận OrderCompleteSuccessResponse OrderId=838a2089-9d0d-43d4-8dd1-adb62a89252c
info: Onion.CleanArchitecture.WebApp.Server.Services.MicroserviceLauncherHostedService[0]
      [NotificationService] info: Microsoft.EntityFrameworkCore.Database.Command[20101]
info: Onion.CleanArchitecture.WebApp.Server.Services.MicroserviceLauncherHostedService[0]
      [NotificationService]       Executed DbCommand (14ms) [Parameters=[@p0='?' (DbType = DateTime), @p1='?', @p2='?' (DbType = Boolean), @p3='?' (DbType = DateTime), @p4='?', @p5='?', @p6='?' (DbType = Guid), @p7='?' (DbType = Guid), @p8='?' (DbType = DateTime), @p9='?' (DbType = Guid), @p10='?', @p11='?'], CommandType='Text', CommandTimeout='30']
info: Onion.CleanArchitecture.WebApp.Server.Services.MicroserviceLauncherHostedService[0]
      [NotificationService]       INSERT INTO "Notifications" ("CreatedAt", "CreatedBy", "IsRead", "LastModifiedAt", "LastModifiedBy", "Message", "NotifyId", "OrderId", "SendAt", "TargetUserId", "Title", "Type")
info: Onion.CleanArchitecture.WebApp.Server.Services.MicroserviceLauncherHostedService[0]
      [NotificationService]       VALUES (@p0, @p1, @p2, @p3, @p4, @p5, @p6, @p7, @p8, @p9, @p10, @p11)
info: Onion.CleanArchitecture.WebApp.Server.Services.MicroserviceLauncherHostedService[0]
      [NotificationService]       RETURNING "Id";
info: Onion.CleanArchitecture.WebApp.Server.Services.MicroserviceLauncherHostedService[0]
      [OrderAcceptService] info: Microsoft.EntityFrameworkCore.Database.Command[20101]
info: Onion.CleanArchitecture.WebApp.Server.Services.MicroserviceLauncherHostedService[0]
      [OrderAcceptService]       Executed DbCommand (1ms) [Parameters=[@now='?' (DbType = DateTime)], CommandType='Text', CommandTimeout='30']
info: Onion.CleanArchitecture.WebApp.Server.Services.MicroserviceLauncherHostedService[0]
      [OrderAcceptService]       SELECT o."Id", o."CreatedAt", o."CreatedBy", o."LastModifiedAt", o."LastModifiedBy", o."OrderId", o."Status", o."Timeout", o."TimerId", o."TimerStatus"
info: Onion.CleanArchitecture.WebApp.Server.Services.MicroserviceLauncherHostedService[0]
      [OrderAcceptService]       FROM "OrderTimers" AS o
info: Onion.CleanArchitecture.WebApp.Server.Services.MicroserviceLauncherHostedService[0]
      [OrderAcceptService]       WHERE o."TimerStatus" = 1 AND o."Timeout" <= @now
info: Onion.CleanArchitecture.WebApp.Server.Services.MicroserviceLauncherHostedService[0]
      [OrderAcceptService] info: Microsoft.EntityFrameworkCore.Database.Command[20101]
info: Onion.CleanArchitecture.WebApp.Server.Services.MicroserviceLauncherHostedService[0]
      [OrderAcceptService]       Executed DbCommand (1ms) [Parameters=[@now='?' (DbType = DateTime)], CommandType='Text', CommandTimeout='30']
info: Onion.CleanArchitecture.WebApp.Server.Services.MicroserviceLauncherHostedService[0]
      [OrderAcceptService]       SELECT o."Id", o."CreatedAt", o."CreatedBy", o."LastModifiedAt", o."LastModifiedBy", o."OrderId", o."Status", o."Timeout", o."TimerId", o."TimerStatus"
info: Onion.CleanArchitecture.WebApp.Server.Services.MicroserviceLauncherHostedService[0]
      [OrderAcceptService]       FROM "OrderTimers" AS o
info: Onion.CleanArchitecture.WebApp.Server.Services.MicroserviceLauncherHostedService[0]
      [OrderAcceptService]       WHERE o."TimerStatus" = 1 AND o."Timeout" <= @now
info: Onion.CleanArchitecture.WebApp.Server.Services.MicroserviceLauncherHostedService[0]
      [OrderAcceptService] info: Microsoft.EntityFrameworkCore.Database.Command[20101]
info: Onion.CleanArchitecture.WebApp.Server.Services.MicroserviceLauncherHostedService[0]
      [OrderAcceptService]       Executed DbCommand (1ms) [Parameters=[@now='?' (DbType = DateTime)], CommandType='Text', CommandTimeout='30']
info: Onion.CleanArchitecture.WebApp.Server.Services.MicroserviceLauncherHostedService[0]
      [OrderAcceptService]       SELECT o."Id", o."CreatedAt", o."CreatedBy", o."LastModifiedAt", o."LastModifiedBy", o."OrderId", o."Status", o."Timeout", o."TimerId", o."TimerStatus"
info: Onion.CleanArchitecture.WebApp.Server.Services.MicroserviceLauncherHostedService[0]
      [OrderAcceptService]       FROM "OrderTimers" AS o
info: Onion.CleanArchitecture.WebApp.Server.Services.MicroserviceLauncherHostedService[0]
      [OrderAcceptService]       WHERE o."TimerStatus" = 1 AND o."Timeout" <= @now
info: Onion.CleanArchitecture.WebApp.Server.Services.MicroserviceLauncherHostedService[0]
      [OrderAcceptService] info: Microsoft.EntityFrameworkCore.Database.Command[20101]
info: Onion.CleanArchitecture.WebApp.Server.Services.MicroserviceLauncherHostedService[0]
      [OrderAcceptService]       Executed DbCommand (1ms) [Parameters=[@now='?' (DbType = DateTime)], CommandType='Text', CommandTimeout='30']
info: Onion.CleanArchitecture.WebApp.Server.Services.MicroserviceLauncherHostedService[0]
      [OrderAcceptService]       SELECT o."Id", o."CreatedAt", o."CreatedBy", o."LastModifiedAt", o."LastModifiedBy", o."OrderId", o."Status", o."Timeout", o."TimerId", o."TimerStatus"
info: Onion.CleanArchitecture.WebApp.Server.Services.MicroserviceLauncherHostedService[0]
      [OrderAcceptService]       FROM "OrderTimers" AS o
info: Onion.CleanArchitecture.WebApp.Server.Services.MicroserviceLauncherHostedService[0]
      [OrderAcceptService]       WHERE o."TimerStatus" = 1 AND o."Timeout" <= @now
info: Onion.CleanArchitecture.WebApp.Server.Services.MicroserviceLauncherHostedService[0]
      [OrderAcceptService] info: Microsoft.EntityFrameworkCore.Database.Command[20101]
info: Onion.CleanArchitecture.WebApp.Server.Services.MicroserviceLauncherHostedService[0]
      [OrderAcceptService]       Executed DbCommand (2ms) [Parameters=[@now='?' (DbType = DateTime)], CommandType='Text', CommandTimeout='30']
info: Onion.CleanArchitecture.WebApp.Server.Services.MicroserviceLauncherHostedService[0]
      [OrderAcceptService]       SELECT o."Id", o."CreatedAt", o."CreatedBy", o."LastModifiedAt", o."LastModifiedBy", o."OrderId", o."Status", o."Timeout", o."TimerId", o."TimerStatus"
info: Onion.CleanArchitecture.WebApp.Server.Services.MicroserviceLauncherHostedService[0]
      [OrderAcceptService]       FROM "OrderTimers" AS o
info: Onion.CleanArchitecture.WebApp.Server.Services.MicroserviceLauncherHostedService[0]
      [OrderAcceptService]       WHERE o."TimerStatus" = 1 AND o."Timeout" <= @now
info: Onion.CleanArchitecture.WebApp.Server.Services.MicroserviceLauncherHostedService[0]
      [OrderAcceptService] info: Microsoft.EntityFrameworkCore.Database.Command[20101]
info: Onion.CleanArchitecture.WebApp.Server.Services.MicroserviceLauncherHostedService[0]
      [OrderAcceptService]       Executed DbCommand (2ms) [Parameters=[@now='?' (DbType = DateTime)], CommandType='Text', CommandTimeout='30']
info: Onion.CleanArchitecture.WebApp.Server.Services.MicroserviceLauncherHostedService[0]
      [OrderAcceptService]       SELECT o."Id", o."CreatedAt", o."CreatedBy", o."LastModifiedAt", o."LastModifiedBy", o."OrderId", o."Status", o."Timeout", o."TimerId", o."TimerStatus"
info: Onion.CleanArchitecture.WebApp.Server.Services.MicroserviceLauncherHostedService[0]
      [OrderAcceptService]       FROM "OrderTimers" AS o
info: Onion.CleanArchitecture.WebApp.Server.Services.MicroserviceLauncherHostedService[0]
      [OrderAcceptService]       WHERE o."TimerStatus" = 1 AND o."Timeout" <= @now
warn: LuckyPennySoftware.AutoMapper.License[0]
      You do not have a valid license key for the Lucky Penny software AutoMapper. This is allowed for development and testing scenarios. If you are running in production you are required to have a licensed version. Please visit https://luckypennysoftware.com to obtain a valid license.
info: Microsoft.EntityFrameworkCore.Database.Command[20101]
      Executed DbCommand (49ms) [Parameters=[], CommandType='Text', CommandTimeout='30']
      SELECT count(*)::int
      FROM "Orders" AS o
info: Microsoft.EntityFrameworkCore.Database.Command[20101]
      Executed DbCommand (4ms) [Parameters=[@p1='?' (DbType = Int32), @p='?' (DbType = Int32)], CommandType='Text', CommandTimeout='30']
      SELECT o."Id", o."CompletedAt", o."CreatedAt", o."CreatedBy", o."CustomerId", o."IsReserved", o."LastModifiedAt", o."LastModifiedBy", o."Note", o."OrderCode", o."OrderId", o."RejectedAt", o."ShippingAddress", o."Status", o."TotalAmount", o."UpdatedAt"
      FROM "Orders" AS o
      ORDER BY o."CreatedAt" DESC
      LIMIT @p1 OFFSET @p
info: Microsoft.EntityFrameworkCore.Database.Command[20101]
      Executed DbCommand (1ms) [Parameters=[], CommandType='Text', CommandTimeout='30']
      SELECT count(*)::int
      FROM "Orders" AS o
info: Microsoft.EntityFrameworkCore.Database.Command[20101]
      Executed DbCommand (1ms) [Parameters=[@p1='?' (DbType = Int32), @p='?' (DbType = Int32)], CommandType='Text', CommandTimeout='30']
      SELECT o."Id", o."CompletedAt", o."CreatedAt", o."CreatedBy", o."CustomerId", o."IsReserved", o."LastModifiedAt", o."LastModifiedBy", o."Note", o."OrderCode", o."OrderId", o."RejectedAt", o."ShippingAddress", o."Status", o."TotalAmount", o."UpdatedAt"
      FROM "Orders" AS o
      ORDER BY o."CreatedAt" DESC
      LIMIT @p1 OFFSET @p
info: Microsoft.EntityFrameworkCore.Database.Command[20101]
      Executed DbCommand (46ms) [Parameters=[], CommandType='Text', CommandTimeout='30']
      SELECT count(*)::int
      FROM "Product" AS p
info: Microsoft.EntityFrameworkCore.Database.Command[20101]
      Executed DbCommand (9ms) [Parameters=[@p1='?' (DbType = Int32), @p='?' (DbType = Int32)], CommandType='Text', CommandTimeout='30']
      SELECT p."Id", p."Code", p."CreatedAt", p."CreatedBy", p."Description", p."IsActive", p."LastModifiedAt", p."LastModifiedBy", p."Name", p."Price", p."ProductId", p."Rate", p."SLTKho"
      FROM "Product" AS p
      ORDER BY p."Id" DESC
      LIMIT @p1 OFFSET @p
warn: Microsoft.EntityFrameworkCore.Query[10114]
      The query uses the 'Distinct' operator after applying an ordering. If there are any row limiting operation used before 'Distinct' and after ordering then ordering will be used for it. Ordering(s) will be erased after 'Distinct' and results afterwards would be unordered.
info: Microsoft.EntityFrameworkCore.Database.Command[20101]
      Executed DbCommand (57ms) [Parameters=[], CommandType='Text', CommandTimeout='30']
      SELECT count(*)::int
      FROM (
          SELECT DISTINCT s."Id", s."UserName", s."Email", s."RoleId", s."FirstName", s."LastName", s."PhoneNumber", s."EmailConfirmed"
          FROM (
              SELECT DISTINCT u."Id", u."UserName", u."Email", u0."RoleId", u."FirstName", u."LastName", u."PhoneNumber", u."EmailConfirmed"
              FROM "Identity"."User" AS u
              INNER JOIN "Identity"."UserRoles" AS u0 ON u."Id" = u0."UserId"
          ) AS s
      ) AS s0
warn: Microsoft.EntityFrameworkCore.Query[10114]
      The query uses the 'Distinct' operator after applying an ordering. If there are any row limiting operation used before 'Distinct' and after ordering then ordering will be used for it. Ordering(s) will be erased after 'Distinct' and results afterwards would be unordered.
warn: Microsoft.EntityFrameworkCore.Query[10102]
      The query uses a row limiting operator ('Skip'/'Take') without an 'OrderBy' operator. This may lead to unpredictable results. If the 'Distinct' operator is used after 'OrderBy', then make sure to use the 'OrderBy' operator after 'Distinct' as the ordering would otherwise get erased.
warn: Microsoft.EntityFrameworkCore.Query[10102]
      The query uses a row limiting operator ('Skip'/'Take') without an 'OrderBy' operator. This may lead to unpredictable results. If the 'Distinct' operator is used after 'OrderBy', then make sure to use the 'OrderBy' operator after 'Distinct' as the ordering would otherwise get erased.
info: Microsoft.EntityFrameworkCore.Database.Command[20101]
      Executed DbCommand (53ms) [Parameters=[@p1='?' (DbType = Int32), @p='?' (DbType = Int32)], CommandType='Text', CommandTimeout='30']
      SELECT s0."Id", s0."UserName", s0."Email", s0."RoleId", s0."FirstName", s0."LastName", s0."PhoneNumber", s0."EmailConfirmed"
      FROM (
          SELECT DISTINCT s."Id", s."UserName", s."Email", s."RoleId", s."FirstName", s."LastName", s."PhoneNumber", s."EmailConfirmed"
          FROM (
              SELECT DISTINCT u."Id", u."UserName", u."Email", u0."RoleId", u."FirstName", u."LastName", u."PhoneNumber", u."EmailConfirmed"
              FROM "Identity"."User" AS u
              INNER JOIN "Identity"."UserRoles" AS u0 ON u."Id" = u0."UserId"
          ) AS s
      ) AS s0
      LIMIT @p1 OFFSET @p
info: Microsoft.EntityFrameworkCore.Database.Command[20101]
      Executed DbCommand (542ms) [Parameters=[@request_id='?' (DbType = Object)], CommandType='Text', CommandTimeout='30']
      SELECT u."Id", u."AccessFailedCount", u."ConcurrencyStamp", u."Email", u."EmailConfirmed", u."FirstName", u."LastName", u."LockoutEnabled", u."LockoutEnd", u."NormalizedEmail", u."NormalizedUserName", u."PasswordHash", u."PhoneNumber", u."PhoneNumberConfirmed", u."SecurityStamp", u."TwoFactorEnabled", u."UserName"
      FROM "Identity"."User" AS u
      WHERE u."Id" = ANY (@request_id)
info: Onion.CleanArchitecture.WebApp.Server.Services.MicroserviceLauncherHostedService[0]
      [OrderAcceptService] info: Microsoft.EntityFrameworkCore.Database.Command[20101]
info: Onion.CleanArchitecture.WebApp.Server.Services.MicroserviceLauncherHostedService[0]
      [OrderAcceptService]       Executed DbCommand (1ms) [Parameters=[@now='?' (DbType = DateTime)], CommandType='Text', CommandTimeout='30']
info: Onion.CleanArchitecture.WebApp.Server.Services.MicroserviceLauncherHostedService[0]
      [OrderAcceptService]       SELECT o."Id", o."CreatedAt", o."CreatedBy", o."LastModifiedAt", o."LastModifiedBy", o."OrderId", o."Status", o."Timeout", o."TimerId", o."TimerStatus"
info: Onion.CleanArchitecture.WebApp.Server.Services.MicroserviceLauncherHostedService[0]
      [OrderAcceptService]       FROM "OrderTimers" AS o
info: Onion.CleanArchitecture.WebApp.Server.Services.MicroserviceLauncherHostedService[0]
      [OrderAcceptService]       WHERE o."TimerStatus" = 1 AND o."Timeout" <= @now
info: Microsoft.EntityFrameworkCore.Database.Command[20101]
      Executed DbCommand (1ms) [Parameters=[@code='?'], CommandType='Text', CommandTimeout='30']
      SELECT NOT EXISTS (
          SELECT 1
          FROM "Product" AS p
          WHERE p."Code" = @code)
info: Microsoft.EntityFrameworkCore.Database.Command[20101]
      Executed DbCommand (1ms) [Parameters=[@code='?'], CommandType='Text', CommandTimeout='30']
      SELECT NOT EXISTS (
          SELECT 1
          FROM "Product" AS p
          WHERE p."Code" = @code)
info: Microsoft.EntityFrameworkCore.Database.Command[20101]
      Executed DbCommand (9ms) [Parameters=[@p0='?', @p1='?' (DbType = DateTime), @p2='?', @p3='?', @p4='?' (DbType = Boolean), @p5='?' (DbType = DateTime), @p6='?', @p7='?', @p8='?' (DbType = Decimal), @p9='?' (DbType = Guid), @p10='?' (DbType = Decimal), @p11='?' (DbType = Int32)], CommandType='Text', CommandTimeout='30']
      INSERT INTO "Product" ("Code", "CreatedAt", "CreatedBy", "Description", "IsActive", "LastModifiedAt", "LastModifiedBy", "Name", "Price", "ProductId", "Rate", "SLTKho")
      VALUES (@p0, @p1, @p2, @p3, @p4, @p5, @p6, @p7, @p8, @p9, @p10, @p11)
      RETURNING "Id";
info: Microsoft.EntityFrameworkCore.Database.Command[20101]
      Executed DbCommand (1ms) [Parameters=[], CommandType='Text', CommandTimeout='30']
      SELECT count(*)::int
      FROM "Product" AS p
info: Microsoft.EntityFrameworkCore.Database.Command[20101]
      Executed DbCommand (1ms) [Parameters=[@p1='?' (DbType = Int32), @p='?' (DbType = Int32)], CommandType='Text', CommandTimeout='30']
      SELECT p."Id", p."Code", p."CreatedAt", p."CreatedBy", p."Description", p."IsActive", p."LastModifiedAt", p."LastModifiedBy", p."Name", p."Price", p."ProductId", p."Rate", p."SLTKho"
      FROM "Product" AS p
      ORDER BY p."Id" DESC
      LIMIT @p1 OFFSET @p
info: Microsoft.EntityFrameworkCore.Database.Command[20101]
      Executed DbCommand (1ms) [Parameters=[@request_id='?' (DbType = Object)], CommandType='Text', CommandTimeout='30']
      SELECT u."Id", u."AccessFailedCount", u."ConcurrencyStamp", u."Email", u."EmailConfirmed", u."FirstName", u."LastName", u."LockoutEnabled", u."LockoutEnd", u."NormalizedEmail", u."NormalizedUserName", u."PasswordHash", u."PhoneNumber", u."PhoneNumberConfirmed", u."SecurityStamp", u."TwoFactorEnabled", u."UserName"
      FROM "Identity"."User" AS u
      WHERE u."Id" = ANY (@request_id)
info: Microsoft.EntityFrameworkCore.Database.Command[20101]
      Executed DbCommand (3ms) [Parameters=[], CommandType='Text', CommandTimeout='30']
      SELECT count(*)::int
      FROM (
          SELECT DISTINCT s."Id", s."UserName", s."Email", s."RoleId", s."FirstName", s."LastName", s."PhoneNumber", s."EmailConfirmed"
          FROM (
              SELECT DISTINCT u."Id", u."UserName", u."Email", u0."RoleId", u."FirstName", u."LastName", u."PhoneNumber", u."EmailConfirmed"
              FROM "Identity"."User" AS u
              INNER JOIN "Identity"."UserRoles" AS u0 ON u."Id" = u0."UserId"
          ) AS s
      ) AS s0
info: Microsoft.EntityFrameworkCore.Database.Command[20101]
      Executed DbCommand (2ms) [Parameters=[@p1='?' (DbType = Int32), @p='?' (DbType = Int32)], CommandType='Text', CommandTimeout='30']
      SELECT s0."Id", s0."UserName", s0."Email", s0."RoleId", s0."FirstName", s0."LastName", s0."PhoneNumber", s0."EmailConfirmed"
      FROM (
          SELECT DISTINCT s."Id", s."UserName", s."Email", s."RoleId", s."FirstName", s."LastName", s."PhoneNumber", s."EmailConfirmed"
          FROM (
              SELECT DISTINCT u."Id", u."UserName", u."Email", u0."RoleId", u."FirstName", u."LastName", u."PhoneNumber", u."EmailConfirmed"
              FROM "Identity"."User" AS u
              INNER JOIN "Identity"."UserRoles" AS u0 ON u."Id" = u0."UserId"
          ) AS s
      ) AS s0
      LIMIT @p1 OFFSET @p
info: Microsoft.EntityFrameworkCore.Database.Command[20101]
      Executed DbCommand (1ms) [Parameters=[], CommandType='Text', CommandTimeout='30']
      SELECT count(*)::int
      FROM "Orders" AS o
info: Microsoft.EntityFrameworkCore.Database.Command[20101]
      Executed DbCommand (1ms) [Parameters=[@p1='?' (DbType = Int32), @p='?' (DbType = Int32)], CommandType='Text', CommandTimeout='30']
      SELECT o."Id", o."CompletedAt", o."CreatedAt", o."CreatedBy", o."CustomerId", o."IsReserved", o."LastModifiedAt", o."LastModifiedBy", o."Note", o."OrderCode", o."OrderId", o."RejectedAt", o."ShippingAddress", o."Status", o."TotalAmount", o."UpdatedAt"
      FROM "Orders" AS o
      ORDER BY o."CreatedAt" DESC
      LIMIT @p1 OFFSET @p
info: Microsoft.EntityFrameworkCore.Database.Command[20101]
      Executed DbCommand (1ms) [Parameters=[], CommandType='Text', CommandTimeout='30']
      SELECT count(*)::int
      FROM "Product" AS p
info: Microsoft.EntityFrameworkCore.Database.Command[20101]
      Executed DbCommand (1ms) [Parameters=[@p1='?' (DbType = Int32), @p='?' (DbType = Int32)], CommandType='Text', CommandTimeout='30']
      SELECT p."Id", p."Code", p."CreatedAt", p."CreatedBy", p."Description", p."IsActive", p."LastModifiedAt", p."LastModifiedBy", p."Name", p."Price", p."ProductId", p."Rate", p."SLTKho"
      FROM "Product" AS p
      ORDER BY p."Id"
      LIMIT @p1 OFFSET @p
info: Onion.CleanArchitecture.WebApp.Server.Services.MicroserviceLauncherHostedService[0]
      [OrderAcceptService] info: Microsoft.EntityFrameworkCore.Database.Command[20101]
info: Onion.CleanArchitecture.WebApp.Server.Services.MicroserviceLauncherHostedService[0]
      [OrderAcceptService]       Executed DbCommand (1ms) [Parameters=[@now='?' (DbType = DateTime)], CommandType='Text', CommandTimeout='30']
info: Onion.CleanArchitecture.WebApp.Server.Services.MicroserviceLauncherHostedService[0]
      [OrderAcceptService]       SELECT o."Id", o."CreatedAt", o."CreatedBy", o."LastModifiedAt", o."LastModifiedBy", o."OrderId", o."Status", o."Timeout", o."TimerId", o."TimerStatus"
info: Onion.CleanArchitecture.WebApp.Server.Services.MicroserviceLauncherHostedService[0]
      [OrderAcceptService]       FROM "OrderTimers" AS o
info: Onion.CleanArchitecture.WebApp.Server.Services.MicroserviceLauncherHostedService[0]
      [OrderAcceptService]       WHERE o."TimerStatus" = 1 AND o."Timeout" <= @now
info: Microsoft.EntityFrameworkCore.Database.Command[20101]
      Executed DbCommand (3ms) [Parameters=[@productId='?' (DbType = Guid)], CommandType='Text', CommandTimeout='30']
      SELECT p."Id", p."Code", p."CreatedAt", p."CreatedBy", p."Description", p."IsActive", p."LastModifiedAt", p."LastModifiedBy", p."Name", p."Price", p."ProductId", p."Rate", p."SLTKho"
      FROM "Product" AS p
      WHERE p."ProductId" = @productId
      LIMIT 1
info: Microsoft.EntityFrameworkCore.Database.Command[20101]
      Executed DbCommand (9ms) [Parameters=[@p0='?' (DbType = DateTime), @p1='?' (DbType = DateTime), @p2='?', @p3='?', @p4='?' (DbType = Boolean), @p5='?' (DbType = DateTime), @p6='?', @p7='?', @p8='?', @p9='?' (DbType = Guid), @p10='?' (DbType = DateTime), @p11='?', @p12='?' (DbType = Int32), @p13='?' (DbType = Decimal), @p14='?' (DbType = DateTime), @p15='?' (DbType = DateTime), @p16='?', @p17='?' (DbType = DateTime), @p18='?', @p19='?' (DbType = Guid), @p20='?' (DbType = Guid), @p21='?' (DbType = Guid), @p22='?', @p23='?' (DbType = Int32), @p24='?' (DbType = Decimal)], CommandType='Text', CommandTimeout='30']
      INSERT INTO "Orders" ("CompletedAt", "CreatedAt", "CreatedBy", "CustomerId", "IsReserved", "LastModifiedAt", "LastModifiedBy", "Note", "OrderCode", "OrderId", "RejectedAt", "ShippingAddress", "Status", "TotalAmount", "UpdatedAt")
      VALUES (@p0, @p1, @p2, @p3, @p4, @p5, @p6, @p7, @p8, @p9, @p10, @p11, @p12, @p13, @p14)
      RETURNING "Id";
      INSERT INTO "OrderItems" ("CreatedAt", "CreatedBy", "LastModifiedAt", "LastModifiedBy", "OrderId", "OrderItemId", "ProductId", "ProductName", "Quantity", "UnitPrice")
      VALUES (@p15, @p16, @p17, @p18, @p19, @p20, @p21, @p22, @p23, @p24)
      RETURNING "Id";
info: Onion.CleanArchitecture.WebApp.Server.Services.MicroserviceLauncherHostedService[0]
      [OrderOrchestration] info: Microsoft.EntityFrameworkCore.Database.Command[20101]
info: Onion.CleanArchitecture.WebApp.Server.Services.MicroserviceLauncherHostedService[0]
      [OrderOrchestration]       Executed DbCommand (21ms) [Parameters=[p0='?' (DbType = Guid)], CommandType='Text', CommandTimeout='30']
info: Onion.CleanArchitecture.WebApp.Server.Services.MicroserviceLauncherHostedService[0]
      [OrderOrchestration]       SELECT o."CorrelationId", o."CreatedAt", o."CurrentState", o."CustomerId", o."ErrorReason", o."IsTimeout", o."Items", o."NeedReleaseInventory", o."TotalAmount"
info: Onion.CleanArchitecture.WebApp.Server.Services.MicroserviceLauncherHostedService[0]
      [OrderOrchestration]       FROM (
info: Onion.CleanArchitecture.WebApp.Server.Services.MicroserviceLauncherHostedService[0]
      [OrderOrchestration]           SELECT *, xmin FROM "OrderState" WHERE "CorrelationId" = @p0 FOR UPDATE
info: Onion.CleanArchitecture.WebApp.Server.Services.MicroserviceLauncherHostedService[0]
      [OrderOrchestration]       ) AS o
info: Onion.CleanArchitecture.WebApp.Server.Services.MicroserviceLauncherHostedService[0]
      [OrderOrchestration]       LIMIT 2
info: Microsoft.EntityFrameworkCore.Database.Command[20101]
      Executed DbCommand (1ms) [Parameters=[], CommandType='Text', CommandTimeout='30']
      SELECT count(*)::int
      FROM "Orders" AS o
info: Microsoft.EntityFrameworkCore.Database.Command[20101]
      Executed DbCommand (1ms) [Parameters=[@p1='?' (DbType = Int32), @p='?' (DbType = Int32)], CommandType='Text', CommandTimeout='30']
      SELECT o."Id", o."CompletedAt", o."CreatedAt", o."CreatedBy", o."CustomerId", o."IsReserved", o."LastModifiedAt", o."LastModifiedBy", o."Note", o."OrderCode", o."OrderId", o."RejectedAt", o."ShippingAddress", o."Status", o."TotalAmount", o."UpdatedAt"
      FROM "Orders" AS o
      ORDER BY o."CreatedAt" DESC
      LIMIT @p1 OFFSET @p
info: Onion.CleanArchitecture.WebApp.Server.Services.MicroserviceLauncherHostedService[0]
      [OrderOrchestration] info: Microsoft.EntityFrameworkCore.Database.Command[20101]
info: Onion.CleanArchitecture.WebApp.Server.Services.MicroserviceLauncherHostedService[0]
      [OrderOrchestration]       Executed DbCommand (23ms) [Parameters=[@p0='?' (DbType = Guid), @p1='?' (DbType = DateTime), @p2='?', @p3='?' (DbType = Guid), @p4='?', @p5='?' (DbType = Boolean), @p6='?' (DbType = Object), @p7='?' (DbType = Boolean), @p8='?' (DbType = Decimal)], CommandType='Text', CommandTimeout='30']
info: Onion.CleanArchitecture.WebApp.Server.Services.MicroserviceLauncherHostedService[0]
      [OrderOrchestration]       INSERT INTO "OrderState" ("CorrelationId", "CreatedAt", "CurrentState", "CustomerId", "ErrorReason", "IsTimeout", "Items", "NeedReleaseInventory", "TotalAmount")
info: Onion.CleanArchitecture.WebApp.Server.Services.MicroserviceLauncherHostedService[0]
      [OrderOrchestration]       VALUES (@p0, @p1, @p2, @p3, @p4, @p5, @p6, @p7, @p8);
info: Onion.CleanArchitecture.WebApp.Server.Services.MicroserviceLauncherHostedService[0]
      [OrderSubmitService] info: OrderSubmitService.OrderSubmitConsumer[0]
info: Onion.CleanArchitecture.WebApp.Server.Services.MicroserviceLauncherHostedService[0]
      [OrderSubmitService]       Nhận ValidateOrderCommand OrderId=d5c19931-4d14-4b10-8b76-e98845461ba3
info: Onion.CleanArchitecture.WebApp.Server.Services.MicroserviceLauncherHostedService[0]
      [OrderSubmitService] info: Microsoft.EntityFrameworkCore.Database.Command[20101]
info: Onion.CleanArchitecture.WebApp.Server.Services.MicroserviceLauncherHostedService[0]
      [OrderSubmitService]       Executed DbCommand (31ms) [Parameters=[@orderId='?' (DbType = Guid)], CommandType='Text', CommandTimeout='30']
info: Onion.CleanArchitecture.WebApp.Server.Services.MicroserviceLauncherHostedService[0]
      [OrderSubmitService]       SELECT o."Id", o."CompletedAt", o."CreatedAt", o."CreatedBy", o."CustomerId", o."IsReserved", o."LastModifiedAt", o."LastModifiedBy", o."Note", o."OrderCode", o."OrderId", o."RejectedAt", o."ShippingAddress", o."Status", o."TotalAmount", o."UpdatedAt"
info: Onion.CleanArchitecture.WebApp.Server.Services.MicroserviceLauncherHostedService[0]
      [OrderSubmitService]       FROM "Orders" AS o
info: Onion.CleanArchitecture.WebApp.Server.Services.MicroserviceLauncherHostedService[0]
      [OrderSubmitService]       WHERE o."OrderId" = @orderId
info: Onion.CleanArchitecture.WebApp.Server.Services.MicroserviceLauncherHostedService[0]
      [OrderSubmitService]       ORDER BY o."Id"
info: Onion.CleanArchitecture.WebApp.Server.Services.MicroserviceLauncherHostedService[0]
      [OrderSubmitService]       LIMIT 1
info: Onion.CleanArchitecture.WebApp.Server.Services.MicroserviceLauncherHostedService[0]
      [OrderSubmitService] info: Microsoft.EntityFrameworkCore.Database.Command[20101]
info: Onion.CleanArchitecture.WebApp.Server.Services.MicroserviceLauncherHostedService[0]
      [OrderSubmitService]       Executed DbCommand (4ms) [Parameters=[@orderId='?' (DbType = Guid)], CommandType='Text', CommandTimeout='30']
info: Onion.CleanArchitecture.WebApp.Server.Services.MicroserviceLauncherHostedService[0]
      [OrderSubmitService]       SELECT o0."Id", o0."CreatedAt", o0."CreatedBy", o0."LastModifiedAt", o0."LastModifiedBy", o0."OrderId", o0."OrderItemId", o0."ProductId", o0."ProductName", o0."Quantity", o0."UnitPrice", o1."Id"
info: Onion.CleanArchitecture.WebApp.Server.Services.MicroserviceLauncherHostedService[0]
      [OrderSubmitService]       FROM (
info: Onion.CleanArchitecture.WebApp.Server.Services.MicroserviceLauncherHostedService[0]
      [OrderSubmitService]           SELECT o."Id", o."OrderId"
info: Onion.CleanArchitecture.WebApp.Server.Services.MicroserviceLauncherHostedService[0]
      [OrderSubmitService]           FROM "Orders" AS o
info: Onion.CleanArchitecture.WebApp.Server.Services.MicroserviceLauncherHostedService[0]
      [OrderSubmitService]           WHERE o."OrderId" = @orderId
info: Onion.CleanArchitecture.WebApp.Server.Services.MicroserviceLauncherHostedService[0]
      [OrderSubmitService]           ORDER BY o."Id"
info: Onion.CleanArchitecture.WebApp.Server.Services.MicroserviceLauncherHostedService[0]
      [OrderSubmitService]           LIMIT 1
info: Onion.CleanArchitecture.WebApp.Server.Services.MicroserviceLauncherHostedService[0]
      [OrderSubmitService]       ) AS o1
info: Onion.CleanArchitecture.WebApp.Server.Services.MicroserviceLauncherHostedService[0]
      [OrderSubmitService]       INNER JOIN "OrderItems" AS o0 ON o1."OrderId" = o0."OrderId"
info: Onion.CleanArchitecture.WebApp.Server.Services.MicroserviceLauncherHostedService[0]
      [OrderSubmitService]       ORDER BY o1."Id"
info: Onion.CleanArchitecture.WebApp.Server.Services.MicroserviceLauncherHostedService[0]
      [OrderSubmitService] info: Microsoft.EntityFrameworkCore.Database.Command[20101]
info: Onion.CleanArchitecture.WebApp.Server.Services.MicroserviceLauncherHostedService[0]
      [OrderSubmitService]       Executed DbCommand (1ms) [Parameters=[@productId='?' (DbType = Guid)], CommandType='Text', CommandTimeout='30']
info: Onion.CleanArchitecture.WebApp.Server.Services.MicroserviceLauncherHostedService[0]
      [OrderSubmitService]       SELECT p."Id", p."Code", p."CreatedAt", p."CreatedBy", p."Description", p."IsActive", p."LastModifiedAt", p."LastModifiedBy", p."Name", p."Price", p."ProductId", p."Rate", p."SLTKho"
info: Onion.CleanArchitecture.WebApp.Server.Services.MicroserviceLauncherHostedService[0]
      [OrderSubmitService]       FROM "Product" AS p
info: Onion.CleanArchitecture.WebApp.Server.Services.MicroserviceLauncherHostedService[0]
      [OrderSubmitService]       WHERE p."ProductId" = @productId
info: Onion.CleanArchitecture.WebApp.Server.Services.MicroserviceLauncherHostedService[0]
      [OrderSubmitService]       LIMIT 1
info: Onion.CleanArchitecture.WebApp.Server.Services.MicroserviceLauncherHostedService[0]
      [OrderSubmitService] info: Microsoft.EntityFrameworkCore.Database.Command[20101]
info: Onion.CleanArchitecture.WebApp.Server.Services.MicroserviceLauncherHostedService[0]
      [OrderSubmitService]       Executed DbCommand (3ms) [Parameters=[@p14='?' (DbType = Int32), @p0='?' (DbType = DateTime), @p1='?' (DbType = DateTime), @p2='?', @p3='?', @p4='?' (DbType = Boolean), @p5='?' (DbType = DateTime), @p6='?', @p7='?', @p8='?', @p9='?' (DbType = DateTime), @p10='?', @p11='?' (DbType = Int32), @p12='?' (DbType = Decimal), @p13='?' (DbType = DateTime), @p27='?' (DbType = Int32), @p15='?', @p16='?' (DbType = DateTime), @p17='?', @p18='?', @p19='?' (DbType = Boolean), @p20='?' (DbType = DateTime), @p21='?', @p22='?', @p23='?' (DbType = Decimal), @p24='?' (DbType = Guid), @p25='?' (DbType = Decimal), @p26='?' (DbType = Int32)], CommandType='Text', CommandTimeout='30']
info: Onion.CleanArchitecture.WebApp.Server.Services.MicroserviceLauncherHostedService[0]
      [OrderSubmitService]       UPDATE "Orders" SET "CompletedAt" = @p0, "CreatedAt" = @p1, "CreatedBy" = @p2, "CustomerId" = @p3, "IsReserved" = @p4, "LastModifiedAt" = @p5, "LastModifiedBy" = @p6, "Note" = @p7, "OrderCode" = @p8, "RejectedAt" = @p9, "ShippingAddress" = @p10, "Status" = @p11, "TotalAmount" = @p12, "UpdatedAt" = @p13
info: Onion.CleanArchitecture.WebApp.Server.Services.MicroserviceLauncherHostedService[0]
      [OrderSubmitService]       WHERE "Id" = @p14;
info: Onion.CleanArchitecture.WebApp.Server.Services.MicroserviceLauncherHostedService[0]
      [OrderSubmitService]       UPDATE "Product" SET "Code" = @p15, "CreatedAt" = @p16, "CreatedBy" = @p17, "Description" = @p18, "IsActive" = @p19, "LastModifiedAt" = @p20, "LastModifiedBy" = @p21, "Name" = @p22, "Price" = @p23, "ProductId" = @p24, "Rate" = @p25, "SLTKho" = @p26
info: Onion.CleanArchitecture.WebApp.Server.Services.MicroserviceLauncherHostedService[0]
      [OrderSubmitService]       WHERE "Id" = @p27;
info: Onion.CleanArchitecture.WebApp.Server.Services.MicroserviceLauncherHostedService[0]
      [OrderSubmitService] info: Microsoft.EntityFrameworkCore.Database.Command[20101]
info: Onion.CleanArchitecture.WebApp.Server.Services.MicroserviceLauncherHostedService[0]
      [OrderSubmitService]       Executed DbCommand (3ms) [Parameters=[@p0='?', @p1='?' (DbType = DateTime), @p2='?', @p3='?', @p4='?' (DbType = Guid), @p5='?' (DbType = DateTime), @p6='?', @p7='?', @p8='?' (DbType = Guid), @p9='?' (DbType = Int32)], CommandType='Text', CommandTimeout='30']
info: Onion.CleanArchitecture.WebApp.Server.Services.MicroserviceLauncherHostedService[0]
      [OrderSubmitService]       INSERT INTO "OrderHistories" ("ConsumerName", "CreatedAt", "CreatedBy", "EventType", "HistoryId", "LastModifiedAt", "LastModifiedBy", "Message", "OrderId", "Status")
info: Onion.CleanArchitecture.WebApp.Server.Services.MicroserviceLauncherHostedService[0]
      [OrderSubmitService]       VALUES (@p0, @p1, @p2, @p3, @p4, @p5, @p6, @p7, @p8, @p9)
info: Onion.CleanArchitecture.WebApp.Server.Services.MicroserviceLauncherHostedService[0]
      [OrderSubmitService]       RETURNING "Id";
info: Onion.CleanArchitecture.WebApp.Server.Services.MicroserviceLauncherHostedService[0]
      [OrderSubmitService] info: OrderSubmitService.OrderSubmitConsumer[0]
info: Onion.CleanArchitecture.WebApp.Server.Services.MicroserviceLauncherHostedService[0]
      [OrderSubmitService]       Validate thành công OrderId=d5c19931-4d14-4b10-8b76-e98845461ba3, đã giữ chỗ 1 sản phẩm. Saga sẽ gửi AcceptOrderCommand
info: Onion.CleanArchitecture.WebApp.Server.Services.MicroserviceLauncherHostedService[0]
      [OrderOrchestration] info: Microsoft.EntityFrameworkCore.Database.Command[20101]
info: Onion.CleanArchitecture.WebApp.Server.Services.MicroserviceLauncherHostedService[0]
      [OrderOrchestration]       Executed DbCommand (2ms) [Parameters=[p0='?' (DbType = Guid)], CommandType='Text', CommandTimeout='30']
info: Onion.CleanArchitecture.WebApp.Server.Services.MicroserviceLauncherHostedService[0]
      [OrderOrchestration]       SELECT o."CorrelationId", o."CreatedAt", o."CurrentState", o."CustomerId", o."ErrorReason", o."IsTimeout", o."Items", o."NeedReleaseInventory", o."TotalAmount"
info: Onion.CleanArchitecture.WebApp.Server.Services.MicroserviceLauncherHostedService[0]
      [OrderOrchestration]       FROM (
info: Onion.CleanArchitecture.WebApp.Server.Services.MicroserviceLauncherHostedService[0]
      [OrderOrchestration]           SELECT *, xmin FROM "OrderState" WHERE "CorrelationId" = @p0 FOR UPDATE
info: Onion.CleanArchitecture.WebApp.Server.Services.MicroserviceLauncherHostedService[0]
      [OrderOrchestration]       ) AS o
info: Onion.CleanArchitecture.WebApp.Server.Services.MicroserviceLauncherHostedService[0]
      [OrderOrchestration]       LIMIT 2
info: Onion.CleanArchitecture.WebApp.Server.Services.MicroserviceLauncherHostedService[0]
      [OrderOrchestration] info: Microsoft.EntityFrameworkCore.Database.Command[20101]
info: Onion.CleanArchitecture.WebApp.Server.Services.MicroserviceLauncherHostedService[0]
      [OrderOrchestration]       Executed DbCommand (1ms) [Parameters=[@p2='?' (DbType = Guid), @p0='?', @p1='?' (DbType = Boolean)], CommandType='Text', CommandTimeout='30']
info: Onion.CleanArchitecture.WebApp.Server.Services.MicroserviceLauncherHostedService[0]
      [OrderOrchestration]       UPDATE "OrderState" SET "CurrentState" = @p0, "NeedReleaseInventory" = @p1
info: Onion.CleanArchitecture.WebApp.Server.Services.MicroserviceLauncherHostedService[0]
      [OrderOrchestration]       WHERE "CorrelationId" = @p2;
info: Onion.CleanArchitecture.WebApp.Server.Services.MicroserviceLauncherHostedService[0]
      [OrderAcceptService] info: Microsoft.EntityFrameworkCore.Database.Command[20101]
info: Onion.CleanArchitecture.WebApp.Server.Services.MicroserviceLauncherHostedService[0]
      [OrderAcceptService]       Executed DbCommand (6ms) [Parameters=[@orderId='?' (DbType = Guid)], CommandType='Text', CommandTimeout='30']
info: Onion.CleanArchitecture.WebApp.Server.Services.MicroserviceLauncherHostedService[0]
      [OrderAcceptService]       SELECT o."Id", o."CompletedAt", o."CreatedAt", o."CreatedBy", o."CustomerId", o."IsReserved", o."LastModifiedAt", o."LastModifiedBy", o."Note", o."OrderCode", o."OrderId", o."RejectedAt", o."ShippingAddress", o."Status", o."TotalAmount", o."UpdatedAt"
info: Onion.CleanArchitecture.WebApp.Server.Services.MicroserviceLauncherHostedService[0]
      [OrderAcceptService]       FROM "Orders" AS o
info: Onion.CleanArchitecture.WebApp.Server.Services.MicroserviceLauncherHostedService[0]
      [OrderAcceptService]       WHERE o."OrderId" = @orderId
info: Onion.CleanArchitecture.WebApp.Server.Services.MicroserviceLauncherHostedService[0]
      [OrderAcceptService]       ORDER BY o."Id"
info: Onion.CleanArchitecture.WebApp.Server.Services.MicroserviceLauncherHostedService[0]
      [OrderAcceptService]       LIMIT 1
info: Onion.CleanArchitecture.WebApp.Server.Services.MicroserviceLauncherHostedService[0]
      [OrderAcceptService] info: Microsoft.EntityFrameworkCore.Database.Command[20101]
info: Onion.CleanArchitecture.WebApp.Server.Services.MicroserviceLauncherHostedService[0]
      [OrderAcceptService]       Executed DbCommand (4ms) [Parameters=[@orderId='?' (DbType = Guid)], CommandType='Text', CommandTimeout='30']
info: Onion.CleanArchitecture.WebApp.Server.Services.MicroserviceLauncherHostedService[0]
      [OrderAcceptService]       SELECT o0."Id", o0."CreatedAt", o0."CreatedBy", o0."LastModifiedAt", o0."LastModifiedBy", o0."OrderId", o0."OrderItemId", o0."ProductId", o0."ProductName", o0."Quantity", o0."UnitPrice", o1."Id"
info: Onion.CleanArchitecture.WebApp.Server.Services.MicroserviceLauncherHostedService[0]
      [OrderAcceptService]       FROM (
info: Onion.CleanArchitecture.WebApp.Server.Services.MicroserviceLauncherHostedService[0]
      [OrderAcceptService]           SELECT o."Id", o."OrderId"
info: Onion.CleanArchitecture.WebApp.Server.Services.MicroserviceLauncherHostedService[0]
      [OrderAcceptService]           FROM "Orders" AS o
info: Onion.CleanArchitecture.WebApp.Server.Services.MicroserviceLauncherHostedService[0]
      [OrderAcceptService]           WHERE o."OrderId" = @orderId
info: Onion.CleanArchitecture.WebApp.Server.Services.MicroserviceLauncherHostedService[0]
      [OrderAcceptService]           ORDER BY o."Id"
info: Onion.CleanArchitecture.WebApp.Server.Services.MicroserviceLauncherHostedService[0]
      [OrderAcceptService]           LIMIT 1
info: Onion.CleanArchitecture.WebApp.Server.Services.MicroserviceLauncherHostedService[0]
      [OrderAcceptService]       ) AS o1
info: Onion.CleanArchitecture.WebApp.Server.Services.MicroserviceLauncherHostedService[0]
      [OrderAcceptService]       INNER JOIN "OrderItems" AS o0 ON o1."OrderId" = o0."OrderId"
info: Onion.CleanArchitecture.WebApp.Server.Services.MicroserviceLauncherHostedService[0]
      [OrderAcceptService]       ORDER BY o1."Id"
info: Onion.CleanArchitecture.WebApp.Server.Services.MicroserviceLauncherHostedService[0]
      [OrderAcceptService] info: OrderAcceptService.OrderAcceptConsumer[0]
info: Onion.CleanArchitecture.WebApp.Server.Services.MicroserviceLauncherHostedService[0]
      [OrderAcceptService]       Nhận AcceptOrderCommand OrderId=d5c19931-4d14-4b10-8b76-e98845461ba3
info: Onion.CleanArchitecture.WebApp.Server.Services.MicroserviceLauncherHostedService[0]
      [OrderAcceptService] info: Microsoft.EntityFrameworkCore.Database.Command[20101]
info: Onion.CleanArchitecture.WebApp.Server.Services.MicroserviceLauncherHostedService[0]
      [OrderAcceptService]       Executed DbCommand (2ms) [Parameters=[@productId='?' (DbType = Guid)], CommandType='Text', CommandTimeout='30']
info: Onion.CleanArchitecture.WebApp.Server.Services.MicroserviceLauncherHostedService[0]
      [OrderAcceptService]       SELECT p."Id", p."Code", p."CreatedAt", p."CreatedBy", p."Description", p."IsActive", p."LastModifiedAt", p."LastModifiedBy", p."Name", p."Price", p."ProductId", p."Rate", p."SLTKho"
info: Onion.CleanArchitecture.WebApp.Server.Services.MicroserviceLauncherHostedService[0]
      [OrderAcceptService]       FROM "Product" AS p
info: Onion.CleanArchitecture.WebApp.Server.Services.MicroserviceLauncherHostedService[0]
      [OrderAcceptService]       WHERE p."ProductId" = @productId
info: Onion.CleanArchitecture.WebApp.Server.Services.MicroserviceLauncherHostedService[0]
      [OrderAcceptService]       LIMIT 1
info: Onion.CleanArchitecture.WebApp.Server.Services.MicroserviceLauncherHostedService[0]
      [OrderAcceptService] info: Microsoft.EntityFrameworkCore.Database.Command[20101]
info: Onion.CleanArchitecture.WebApp.Server.Services.MicroserviceLauncherHostedService[0]
      [OrderAcceptService]       Executed DbCommand (3ms) [Parameters=[@p14='?' (DbType = Int32), @p0='?' (DbType = DateTime), @p1='?' (DbType = DateTime), @p2='?', @p3='?', @p4='?' (DbType = Boolean), @p5='?' (DbType = DateTime), @p6='?', @p7='?', @p8='?', @p9='?' (DbType = DateTime), @p10='?', @p11='?' (DbType = Int32), @p12='?' (DbType = Decimal), @p13='?' (DbType = DateTime)], CommandType='Text', CommandTimeout='30']
info: Onion.CleanArchitecture.WebApp.Server.Services.MicroserviceLauncherHostedService[0]
      [OrderAcceptService]       UPDATE "Orders" SET "CompletedAt" = @p0, "CreatedAt" = @p1, "CreatedBy" = @p2, "CustomerId" = @p3, "IsReserved" = @p4, "LastModifiedAt" = @p5, "LastModifiedBy" = @p6, "Note" = @p7, "OrderCode" = @p8, "RejectedAt" = @p9, "ShippingAddress" = @p10, "Status" = @p11, "TotalAmount" = @p12, "UpdatedAt" = @p13
info: Onion.CleanArchitecture.WebApp.Server.Services.MicroserviceLauncherHostedService[0]
      [OrderAcceptService]       WHERE "Id" = @p14;
info: Onion.CleanArchitecture.WebApp.Server.Services.MicroserviceLauncherHostedService[0]
      [OrderAcceptService] info: Microsoft.EntityFrameworkCore.Database.Command[20101]
info: Onion.CleanArchitecture.WebApp.Server.Services.MicroserviceLauncherHostedService[0]
      [OrderAcceptService]       Executed DbCommand (3ms) [Parameters=[@p0='?' (DbType = DateTime), @p1='?', @p2='?' (DbType = DateTime), @p3='?', @p4='?' (DbType = Guid), @p5='?' (DbType = Int32), @p6='?' (DbType = DateTime), @p7='?' (DbType = Guid), @p8='?' (DbType = Int32)], CommandType='Text', CommandTimeout='30']
info: Onion.CleanArchitecture.WebApp.Server.Services.MicroserviceLauncherHostedService[0]
      [OrderAcceptService]       INSERT INTO "OrderTimers" ("CreatedAt", "CreatedBy", "LastModifiedAt", "LastModifiedBy", "OrderId", "Status", "Timeout", "TimerId", "TimerStatus")
info: Onion.CleanArchitecture.WebApp.Server.Services.MicroserviceLauncherHostedService[0]
      [OrderAcceptService]       VALUES (@p0, @p1, @p2, @p3, @p4, @p5, @p6, @p7, @p8)
info: Onion.CleanArchitecture.WebApp.Server.Services.MicroserviceLauncherHostedService[0]
      [OrderAcceptService]       RETURNING "Id";
info: Onion.CleanArchitecture.WebApp.Server.Services.MicroserviceLauncherHostedService[0]
      [OrderAcceptService] info: Microsoft.EntityFrameworkCore.Database.Command[20101]
info: Onion.CleanArchitecture.WebApp.Server.Services.MicroserviceLauncherHostedService[0]
      [OrderAcceptService]       Executed DbCommand (1ms) [Parameters=[@p0='?', @p1='?' (DbType = DateTime), @p2='?', @p3='?', @p4='?' (DbType = Guid), @p5='?' (DbType = DateTime), @p6='?', @p7='?', @p8='?' (DbType = Guid), @p9='?' (DbType = Int32)], CommandType='Text', CommandTimeout='30']
info: Onion.CleanArchitecture.WebApp.Server.Services.MicroserviceLauncherHostedService[0]
      [OrderAcceptService]       INSERT INTO "OrderHistories" ("ConsumerName", "CreatedAt", "CreatedBy", "EventType", "HistoryId", "LastModifiedAt", "LastModifiedBy", "Message", "OrderId", "Status")
info: Onion.CleanArchitecture.WebApp.Server.Services.MicroserviceLauncherHostedService[0]
      [OrderAcceptService]       VALUES (@p0, @p1, @p2, @p3, @p4, @p5, @p6, @p7, @p8, @p9)
info: Onion.CleanArchitecture.WebApp.Server.Services.MicroserviceLauncherHostedService[0]
      [OrderAcceptService]       RETURNING "Id";
info: Onion.CleanArchitecture.WebApp.Server.Services.MicroserviceLauncherHostedService[0]
      [OrderAcceptService] info: OrderAcceptService.OrderAcceptConsumer[0]
info: Onion.CleanArchitecture.WebApp.Server.Services.MicroserviceLauncherHostedService[0]
      [OrderAcceptService]       Accept thành công OrderId=d5c19931-4d14-4b10-8b76-e98845461ba3, Saga sẽ gửi CompleteOrderCommand
info: Onion.CleanArchitecture.WebApp.Server.Services.MicroserviceLauncherHostedService[0]
      [OrderOrchestration] info: Microsoft.EntityFrameworkCore.Database.Command[20101]
info: Onion.CleanArchitecture.WebApp.Server.Services.MicroserviceLauncherHostedService[0]
      [OrderOrchestration]       Executed DbCommand (1ms) [Parameters=[p0='?' (DbType = Guid)], CommandType='Text', CommandTimeout='30']
info: Onion.CleanArchitecture.WebApp.Server.Services.MicroserviceLauncherHostedService[0]
      [OrderOrchestration]       SELECT o."CorrelationId", o."CreatedAt", o."CurrentState", o."CustomerId", o."ErrorReason", o."IsTimeout", o."Items", o."NeedReleaseInventory", o."TotalAmount"
info: Onion.CleanArchitecture.WebApp.Server.Services.MicroserviceLauncherHostedService[0]
      [OrderOrchestration]       FROM (
info: Onion.CleanArchitecture.WebApp.Server.Services.MicroserviceLauncherHostedService[0]
      [OrderOrchestration]           SELECT *, xmin FROM "OrderState" WHERE "CorrelationId" = @p0 FOR UPDATE
info: Onion.CleanArchitecture.WebApp.Server.Services.MicroserviceLauncherHostedService[0]
      [OrderOrchestration]       ) AS o
info: Onion.CleanArchitecture.WebApp.Server.Services.MicroserviceLauncherHostedService[0]
      [OrderOrchestration]       LIMIT 2
info: Onion.CleanArchitecture.WebApp.Server.Services.MicroserviceLauncherHostedService[0]
      [OrderOrchestration] info: Microsoft.EntityFrameworkCore.Database.Command[20101]
info: Onion.CleanArchitecture.WebApp.Server.Services.MicroserviceLauncherHostedService[0]
      [OrderOrchestration]       Executed DbCommand (0ms) [Parameters=[@p1='?' (DbType = Guid), @p0='?'], CommandType='Text', CommandTimeout='30']
info: Onion.CleanArchitecture.WebApp.Server.Services.MicroserviceLauncherHostedService[0]
      [OrderOrchestration]       UPDATE "OrderState" SET "CurrentState" = @p0
info: Onion.CleanArchitecture.WebApp.Server.Services.MicroserviceLauncherHostedService[0]
      [OrderOrchestration]       WHERE "CorrelationId" = @p1;
info: Onion.CleanArchitecture.WebApp.Server.Services.MicroserviceLauncherHostedService[0]
      [OrderCompleteService] info: Microsoft.EntityFrameworkCore.Database.Command[20101]
info: Onion.CleanArchitecture.WebApp.Server.Services.MicroserviceLauncherHostedService[0]
      [OrderCompleteService]       Executed DbCommand (19ms) [Parameters=[@orderId='?' (DbType = Guid)], CommandType='Text', CommandTimeout='30']
info: Onion.CleanArchitecture.WebApp.Server.Services.MicroserviceLauncherHostedService[0]
      [OrderCompleteService]       SELECT o."Id", o."CompletedAt", o."CreatedAt", o."CreatedBy", o."CustomerId", o."IsReserved", o."LastModifiedAt", o."LastModifiedBy", o."Note", o."OrderCode", o."OrderId", o."RejectedAt", o."ShippingAddress", o."Status", o."TotalAmount", o."UpdatedAt"
info: Onion.CleanArchitecture.WebApp.Server.Services.MicroserviceLauncherHostedService[0]
      [OrderCompleteService]       FROM "Orders" AS o
info: Onion.CleanArchitecture.WebApp.Server.Services.MicroserviceLauncherHostedService[0]
      [OrderCompleteService]       WHERE o."OrderId" = @orderId
info: Onion.CleanArchitecture.WebApp.Server.Services.MicroserviceLauncherHostedService[0]
      [OrderCompleteService]       ORDER BY o."Id"
info: Onion.CleanArchitecture.WebApp.Server.Services.MicroserviceLauncherHostedService[0]
      [OrderCompleteService]       LIMIT 1
info: Onion.CleanArchitecture.WebApp.Server.Services.MicroserviceLauncherHostedService[0]
      [OrderCompleteService] info: Microsoft.EntityFrameworkCore.Database.Command[20101]
info: Onion.CleanArchitecture.WebApp.Server.Services.MicroserviceLauncherHostedService[0]
      [OrderCompleteService]       Executed DbCommand (3ms) [Parameters=[@orderId='?' (DbType = Guid)], CommandType='Text', CommandTimeout='30']
info: Onion.CleanArchitecture.WebApp.Server.Services.MicroserviceLauncherHostedService[0]
      [OrderCompleteService]       SELECT o0."Id", o0."CreatedAt", o0."CreatedBy", o0."LastModifiedAt", o0."LastModifiedBy", o0."OrderId", o0."OrderItemId", o0."ProductId", o0."ProductName", o0."Quantity", o0."UnitPrice", o1."Id"
info: Onion.CleanArchitecture.WebApp.Server.Services.MicroserviceLauncherHostedService[0]
      [OrderCompleteService]       FROM (
info: Onion.CleanArchitecture.WebApp.Server.Services.MicroserviceLauncherHostedService[0]
      [OrderCompleteService]           SELECT o."Id", o."OrderId"
info: Onion.CleanArchitecture.WebApp.Server.Services.MicroserviceLauncherHostedService[0]
      [OrderCompleteService]           FROM "Orders" AS o
info: Onion.CleanArchitecture.WebApp.Server.Services.MicroserviceLauncherHostedService[0]
      [OrderCompleteService]           WHERE o."OrderId" = @orderId
info: Onion.CleanArchitecture.WebApp.Server.Services.MicroserviceLauncherHostedService[0]
      [OrderCompleteService]           ORDER BY o."Id"
info: Onion.CleanArchitecture.WebApp.Server.Services.MicroserviceLauncherHostedService[0]
      [OrderCompleteService]           LIMIT 1
info: Onion.CleanArchitecture.WebApp.Server.Services.MicroserviceLauncherHostedService[0]
      [OrderCompleteService]       ) AS o1
info: Onion.CleanArchitecture.WebApp.Server.Services.MicroserviceLauncherHostedService[0]
      [OrderCompleteService]       INNER JOIN "OrderItems" AS o0 ON o1."OrderId" = o0."OrderId"
info: Onion.CleanArchitecture.WebApp.Server.Services.MicroserviceLauncherHostedService[0]
      [OrderCompleteService]       ORDER BY o1."Id"
info: Onion.CleanArchitecture.WebApp.Server.Services.MicroserviceLauncherHostedService[0]
      [OrderCompleteService] info: OrderCompleteService.OrderCompleteConsumer[0]
info: Onion.CleanArchitecture.WebApp.Server.Services.MicroserviceLauncherHostedService[0]
      [OrderCompleteService]       Nhận CompleteOrderCommand OrderId=d5c19931-4d14-4b10-8b76-e98845461ba3
info: Onion.CleanArchitecture.WebApp.Server.Services.MicroserviceLauncherHostedService[0]
      [OrderCompleteService] info: Microsoft.EntityFrameworkCore.Database.Command[20101]
info: Onion.CleanArchitecture.WebApp.Server.Services.MicroserviceLauncherHostedService[0]
      [OrderCompleteService]       Executed DbCommand (1ms) [Parameters=[@orderId='?' (DbType = Guid)], CommandType='Text', CommandTimeout='30']
info: Onion.CleanArchitecture.WebApp.Server.Services.MicroserviceLauncherHostedService[0]
      [OrderCompleteService]       SELECT o."Id", o."CreatedAt", o."CreatedBy", o."LastModifiedAt", o."LastModifiedBy", o."OrderId", o."Status", o."Timeout", o."TimerId", o."TimerStatus"
info: Onion.CleanArchitecture.WebApp.Server.Services.MicroserviceLauncherHostedService[0]
      [OrderCompleteService]       FROM "OrderTimers" AS o
info: Onion.CleanArchitecture.WebApp.Server.Services.MicroserviceLauncherHostedService[0]
      [OrderCompleteService]       WHERE o."OrderId" = @orderId AND o."TimerStatus" = 1
info: Onion.CleanArchitecture.WebApp.Server.Services.MicroserviceLauncherHostedService[0]
      [OrderCompleteService]       LIMIT 1
info: Onion.CleanArchitecture.WebApp.Server.Services.MicroserviceLauncherHostedService[0]
      [OrderCompleteService] info: Microsoft.EntityFrameworkCore.Database.Command[20101]
info: Onion.CleanArchitecture.WebApp.Server.Services.MicroserviceLauncherHostedService[0]
      [OrderCompleteService]       Executed DbCommand (3ms) [Parameters=[@p9='?' (DbType = Int32), @p0='?' (DbType = DateTime), @p1='?', @p2='?' (DbType = DateTime), @p3='?', @p4='?' (DbType = Guid), @p5='?' (DbType = Int32), @p6='?' (DbType = DateTime), @p7='?' (DbType = Guid), @p8='?' (DbType = Int32)], CommandType='Text', CommandTimeout='30']
info: Onion.CleanArchitecture.WebApp.Server.Services.MicroserviceLauncherHostedService[0]
      [OrderCompleteService]       UPDATE "OrderTimers" SET "CreatedAt" = @p0, "CreatedBy" = @p1, "LastModifiedAt" = @p2, "LastModifiedBy" = @p3, "OrderId" = @p4, "Status" = @p5, "Timeout" = @p6, "TimerId" = @p7, "TimerStatus" = @p8
info: Onion.CleanArchitecture.WebApp.Server.Services.MicroserviceLauncherHostedService[0]
      [OrderCompleteService]       WHERE "Id" = @p9;
info: Onion.CleanArchitecture.WebApp.Server.Services.MicroserviceLauncherHostedService[0]
      [OrderCompleteService] info: Microsoft.EntityFrameworkCore.Database.Command[20101]
info: Onion.CleanArchitecture.WebApp.Server.Services.MicroserviceLauncherHostedService[0]
      [OrderCompleteService]       Executed DbCommand (1ms) [Parameters=[@p14='?' (DbType = Int32), @p0='?' (DbType = DateTime), @p1='?' (DbType = DateTime), @p2='?', @p3='?', @p4='?' (DbType = Boolean), @p5='?' (DbType = DateTime), @p6='?', @p7='?', @p8='?', @p9='?' (DbType = DateTime), @p10='?', @p11='?' (DbType = Int32), @p12='?' (DbType = Decimal), @p13='?' (DbType = DateTime)], CommandType='Text', CommandTimeout='30']
info: Onion.CleanArchitecture.WebApp.Server.Services.MicroserviceLauncherHostedService[0]
      [OrderCompleteService]       UPDATE "Orders" SET "CompletedAt" = @p0, "CreatedAt" = @p1, "CreatedBy" = @p2, "CustomerId" = @p3, "IsReserved" = @p4, "LastModifiedAt" = @p5, "LastModifiedBy" = @p6, "Note" = @p7, "OrderCode" = @p8, "RejectedAt" = @p9, "ShippingAddress" = @p10, "Status" = @p11, "TotalAmount" = @p12, "UpdatedAt" = @p13
info: Onion.CleanArchitecture.WebApp.Server.Services.MicroserviceLauncherHostedService[0]
      [OrderCompleteService]       WHERE "Id" = @p14;
info: Onion.CleanArchitecture.WebApp.Server.Services.MicroserviceLauncherHostedService[0]
      [OrderCompleteService] info: Microsoft.EntityFrameworkCore.Database.Command[20101]
info: Onion.CleanArchitecture.WebApp.Server.Services.MicroserviceLauncherHostedService[0]
      [OrderCompleteService]       Executed DbCommand (1ms) [Parameters=[@p0='?', @p1='?' (DbType = DateTime), @p2='?', @p3='?', @p4='?' (DbType = Guid), @p5='?' (DbType = DateTime), @p6='?', @p7='?', @p8='?' (DbType = Guid), @p9='?' (DbType = Int32)], CommandType='Text', CommandTimeout='30']
info: Onion.CleanArchitecture.WebApp.Server.Services.MicroserviceLauncherHostedService[0]
      [OrderCompleteService]       INSERT INTO "OrderHistories" ("ConsumerName", "CreatedAt", "CreatedBy", "EventType", "HistoryId", "LastModifiedAt", "LastModifiedBy", "Message", "OrderId", "Status")
info: Onion.CleanArchitecture.WebApp.Server.Services.MicroserviceLauncherHostedService[0]
      [OrderCompleteService]       VALUES (@p0, @p1, @p2, @p3, @p4, @p5, @p6, @p7, @p8, @p9)
info: Onion.CleanArchitecture.WebApp.Server.Services.MicroserviceLauncherHostedService[0]
      [OrderCompleteService]       RETURNING "Id";
info: Onion.CleanArchitecture.WebApp.Server.Services.MicroserviceLauncherHostedService[0]
      [OrderCompleteService] info: OrderCompleteService.OrderCompleteConsumer[0]
info: Onion.CleanArchitecture.WebApp.Server.Services.MicroserviceLauncherHostedService[0]
      [OrderCompleteService]       Complete thành công OrderId=d5c19931-4d14-4b10-8b76-e98845461ba3.
info: Onion.CleanArchitecture.WebApp.Server.Services.MicroserviceLauncherHostedService[0]
      [OrderOrchestration] info: Microsoft.EntityFrameworkCore.Database.Command[20101]
info: Onion.CleanArchitecture.WebApp.Server.Services.MicroserviceLauncherHostedService[0]
      [OrderOrchestration]       Executed DbCommand (2ms) [Parameters=[p0='?' (DbType = Guid)], CommandType='Text', CommandTimeout='30']
info: Onion.CleanArchitecture.WebApp.Server.Services.MicroserviceLauncherHostedService[0]
      [OrderOrchestration]       SELECT o."CorrelationId", o."CreatedAt", o."CurrentState", o."CustomerId", o."ErrorReason", o."IsTimeout", o."Items", o."NeedReleaseInventory", o."TotalAmount"
info: Onion.CleanArchitecture.WebApp.Server.Services.MicroserviceLauncherHostedService[0]
      [OrderOrchestration]       FROM (
info: Onion.CleanArchitecture.WebApp.Server.Services.MicroserviceLauncherHostedService[0]
      [OrderOrchestration]           SELECT *, xmin FROM "OrderState" WHERE "CorrelationId" = @p0 FOR UPDATE
info: Onion.CleanArchitecture.WebApp.Server.Services.MicroserviceLauncherHostedService[0]
      [OrderOrchestration]       ) AS o
info: Onion.CleanArchitecture.WebApp.Server.Services.MicroserviceLauncherHostedService[0]
      [OrderOrchestration]       LIMIT 2
info: Onion.CleanArchitecture.WebApp.Server.Services.MicroserviceLauncherHostedService[0]
      [OrderOrchestration] info: Microsoft.EntityFrameworkCore.Database.Command[20101]
info: Onion.CleanArchitecture.WebApp.Server.Services.MicroserviceLauncherHostedService[0]
      [OrderOrchestration]       Executed DbCommand (1ms) [Parameters=[@p1='?' (DbType = Guid), @p0='?'], CommandType='Text', CommandTimeout='30']
info: Onion.CleanArchitecture.WebApp.Server.Services.MicroserviceLauncherHostedService[0]
      [OrderOrchestration]       UPDATE "OrderState" SET "CurrentState" = @p0
info: Onion.CleanArchitecture.WebApp.Server.Services.MicroserviceLauncherHostedService[0]
      [OrderOrchestration]       WHERE "CorrelationId" = @p1;
info: Onion.CleanArchitecture.WebApp.Server.Services.MicroserviceLauncherHostedService[0]
      [NotificationService] info: NotificationService.Consumers.OrderCompleteSuccessConsumer[0]
info: Onion.CleanArchitecture.WebApp.Server.Services.MicroserviceLauncherHostedService[0]
      [NotificationService]       Nhận OrderCompleteSuccessResponse OrderId=d5c19931-4d14-4b10-8b76-e98845461ba3
info: Microsoft.EntityFrameworkCore.Database.Command[20101]
      Executed DbCommand (2ms) [Parameters=[], CommandType='Text', CommandTimeout='30']
      SELECT count(*)::int
      FROM "Orders" AS o
info: Microsoft.EntityFrameworkCore.Database.Command[20101]
      Executed DbCommand (2ms) [Parameters=[@p1='?' (DbType = Int32), @p='?' (DbType = Int32)], CommandType='Text', CommandTimeout='30']
      SELECT o."Id", o."CompletedAt", o."CreatedAt", o."CreatedBy", o."CustomerId", o."IsReserved", o."LastModifiedAt", o."LastModifiedBy", o."Note", o."OrderCode", o."OrderId", o."RejectedAt", o."ShippingAddress", o."Status", o."TotalAmount", o."UpdatedAt"
      FROM "Orders" AS o
      ORDER BY o."CreatedAt" DESC
      LIMIT @p1 OFFSET @p
info: Onion.CleanArchitecture.WebApp.Server.Services.MicroserviceLauncherHostedService[0]
      [NotificationService] info: Microsoft.EntityFrameworkCore.Database.Command[20101]
info: Onion.CleanArchitecture.WebApp.Server.Services.MicroserviceLauncherHostedService[0]
      [NotificationService]       Executed DbCommand (22ms) [Parameters=[@p0='?' (DbType = DateTime), @p1='?', @p2='?' (DbType = Boolean), @p3='?' (DbType = DateTime), @p4='?', @p5='?', @p6='?' (DbType = Guid), @p7='?' (DbType = Guid), @p8='?' (DbType = DateTime), @p9='?' (DbType = Guid), @p10='?', @p11='?'], CommandType='Text', CommandTimeout='30']
info: Onion.CleanArchitecture.WebApp.Server.Services.MicroserviceLauncherHostedService[0]
      [NotificationService]       INSERT INTO "Notifications" ("CreatedAt", "CreatedBy", "IsRead", "LastModifiedAt", "LastModifiedBy", "Message", "NotifyId", "OrderId", "SendAt", "TargetUserId", "Title", "Type")
info: Onion.CleanArchitecture.WebApp.Server.Services.MicroserviceLauncherHostedService[0]
      [NotificationService]       VALUES (@p0, @p1, @p2, @p3, @p4, @p5, @p6, @p7, @p8, @p9, @p10, @p11)
info: Onion.CleanArchitecture.WebApp.Server.Services.MicroserviceLauncherHostedService[0]
      [NotificationService]       RETURNING "Id";
info: Microsoft.EntityFrameworkCore.Database.Command[20101]
      Executed DbCommand (5ms) [Parameters=[@orderId='?' (DbType = Guid)], CommandType='Text', CommandTimeout='30']
      SELECT o."Id", o."CompletedAt", o."CreatedAt", o."CreatedBy", o."CustomerId", o."IsReserved", o."LastModifiedAt", o."LastModifiedBy", o."Note", o."OrderCode", o."OrderId", o."RejectedAt", o."ShippingAddress", o."Status", o."TotalAmount", o."UpdatedAt"
      FROM "Orders" AS o
      WHERE o."OrderId" = @orderId
      ORDER BY o."Id"
      LIMIT 1
info: Microsoft.EntityFrameworkCore.Database.Command[20101]
      Executed DbCommand (5ms) [Parameters=[@orderId='?' (DbType = Guid)], CommandType='Text', CommandTimeout='30']
      SELECT o0."Id", o0."CreatedAt", o0."CreatedBy", o0."LastModifiedAt", o0."LastModifiedBy", o0."OrderId", o0."OrderItemId", o0."ProductId", o0."ProductName", o0."Quantity", o0."UnitPrice", o1."Id"
      FROM (
          SELECT o."Id", o."OrderId"
          FROM "Orders" AS o
          WHERE o."OrderId" = @orderId
          ORDER BY o."Id"
          LIMIT 1
      ) AS o1
      INNER JOIN "OrderItems" AS o0 ON o1."OrderId" = o0."OrderId"
      ORDER BY o1."Id"
info: MassTransit[0]
      Usage Telemetry: {"id":"e8090000-2167-4a9c-15b5-08def1df8ed2","created":"2026-08-04T11:19:20.9325793\u002B07:00","host":{"framework_version":"10.0.9","mass_transit_version":"8.5.7.0","operating_system_version":"Microsoft Windows NT 10.0.26200.0","time_zone_info":"(UTC\u002B07:00) Bangkok, Hanoi, Jakarta","commit_hash":"855cf1752c94ca9498e0c45ce8d09fdc9e957dd6"},"bus":[{"created":"2026-08-04T11:19:20.9363350\u002B07:00","configured":"2026-08-04T11:19:21.0718359\u002B07:00","started":"2026-08-04T11:19:22.3131447\u002B07:00","name":"IBus","endpoints":[{"name":"_bus_","type":"SQL","prefetch_count":24}]}]}
info: Onion.CleanArchitecture.WebApp.Server.Services.MicroserviceLauncherHostedService[0]
      [OrderAcceptService] info: Microsoft.EntityFrameworkCore.Database.Command[20101]
info: Onion.CleanArchitecture.WebApp.Server.Services.MicroserviceLauncherHostedService[0]
      [OrderAcceptService]       Executed DbCommand (1ms) [Parameters=[@now='?' (DbType = DateTime)], CommandType='Text', CommandTimeout='30']
info: Onion.CleanArchitecture.WebApp.Server.Services.MicroserviceLauncherHostedService[0]
      [OrderAcceptService]       SELECT o."Id", o."CreatedAt", o."CreatedBy", o."LastModifiedAt", o."LastModifiedBy", o."OrderId", o."Status", o."Timeout", o."TimerId", o."TimerStatus"
info: Onion.CleanArchitecture.WebApp.Server.Services.MicroserviceLauncherHostedService[0]
      [OrderAcceptService]       FROM "OrderTimers" AS o
info: Onion.CleanArchitecture.WebApp.Server.Services.MicroserviceLauncherHostedService[0]
      [OrderAcceptService]       WHERE o."TimerStatus" = 1 AND o."Timeout" <= @now
info: Onion.CleanArchitecture.WebApp.Server.Services.MicroserviceLauncherHostedService[0]
      [OrderSubmitService] info: MassTransit[0]
info: Onion.CleanArchitecture.WebApp.Server.Services.MicroserviceLauncherHostedService[0]
      [OrderSubmitService]       Usage Telemetry: {"id":"286d0000-2167-4a9c-1f62-08def1df9f55","created":"2026-08-04T11:19:48.6348613\u002B07:00","host":{"framework_version":"10.0.9","mass_transit_version":"8.5.7.0","operating_system_version":"Microsoft Windows NT 10.0.26200.0","time_zone_info":"(UTC\u002B07:00) Bangkok, Hanoi, Jakarta","commit_hash":"855cf1752c94ca9498e0c45ce8d09fdc9e957dd6"},"bus":[{"created":"2026-08-04T11:19:48.6503317\u002B07:00","configured":"2026-08-04T11:19:49.2303894\u002B07:00","started":"2026-08-04T11:19:50.3751714\u002B07:00","name":"IBus","endpoints":[{"name":"order-validation-queue","type":"SQL","prefetch_count":24,"consumer_count":1,"message_count":1},{"name":"_bus_","type":"SQL","prefetch_count":24}]}]}
info: Onion.CleanArchitecture.WebApp.Server.Services.MicroserviceLauncherHostedService[0]
      [OrderAcceptService] info: MassTransit[0]
info: Onion.CleanArchitecture.WebApp.Server.Services.MicroserviceLauncherHostedService[0]
      [OrderAcceptService]       Usage Telemetry: {"id":"cc6d0000-2167-4a9c-efa1-08def1dfa0bc","created":"2026-08-04T11:19:50.9928887\u002B07:00","host":{"framework_version":"10.0.9","mass_transit_version":"8.5.7.0","operating_system_version":"Microsoft Windows NT 10.0.26200.0","time_zone_info":"(UTC\u002B07:00) Bangkok, Hanoi, Jakarta","commit_hash":"855cf1752c94ca9498e0c45ce8d09fdc9e957dd6"},"bus":[{"created":"2026-08-04T11:19:51.0061184\u002B07:00","configured":"2026-08-04T11:19:51.5639555\u002B07:00","started":"2026-08-04T11:19:52.6991872\u002B07:00","name":"IBus","endpoints":[{"name":"order-accept-queue","type":"SQL","prefetch_count":24,"consumer_count":1,"message_count":1},{"name":"order-cancel-queue","type":"SQL","prefetch_count":24,"consumer_count":1,"message_count":1},{"name":"_bus_","type":"SQL","prefetch_count":24}]}]}
info: Onion.CleanArchitecture.WebApp.Server.Services.MicroserviceLauncherHostedService[0]
      [OrderCompleteService] info: MassTransit[0]
info: Onion.CleanArchitecture.WebApp.Server.Services.MicroserviceLauncherHostedService[0]
      [OrderCompleteService]       Usage Telemetry: {"id":"f46b0000-2167-4a9c-df5f-08def1dfa10b","created":"2026-08-04T11:19:51.5103133\u002B07:00","host":{"framework_version":"10.0.9","mass_transit_version":"8.5.7.0","operating_system_version":"Microsoft Windows NT 10.0.26200.0","time_zone_info":"(UTC\u002B07:00) Bangkok, Hanoi, Jakarta","commit_hash":"855cf1752c94ca9498e0c45ce8d09fdc9e957dd6"},"bus":[{"created":"2026-08-04T11:19:51.5298008\u002B07:00","configured":"2026-08-04T11:19:52.0475336\u002B07:00","started":"2026-08-04T11:19:53.1526377\u002B07:00","name":"IBus","endpoints":[{"name":"order-complete-queue","type":"SQL","prefetch_count":24,"consumer_count":1,"message_count":1},{"name":"order-release-inventory-queue","type":"SQL","prefetch_count":24,"consumer_count":1,"message_count":1},{"name":"_bus_","type":"SQL","prefetch_count":24}]}]}
info: Onion.CleanArchitecture.WebApp.Server.Services.MicroserviceLauncherHostedService[0]
      [OrderAcceptService] info: Microsoft.EntityFrameworkCore.Database.Command[20101]
info: Onion.CleanArchitecture.WebApp.Server.Services.MicroserviceLauncherHostedService[0]
      [OrderAcceptService]       Executed DbCommand (3ms) [Parameters=[@now='?' (DbType = DateTime)], CommandType='Text', CommandTimeout='30']
info: Onion.CleanArchitecture.WebApp.Server.Services.MicroserviceLauncherHostedService[0]
      [OrderAcceptService]       SELECT o."Id", o."CreatedAt", o."CreatedBy", o."LastModifiedAt", o."LastModifiedBy", o."OrderId", o."Status", o."Timeout", o."TimerId", o."TimerStatus"
info: Onion.CleanArchitecture.WebApp.Server.Services.MicroserviceLauncherHostedService[0]
      [OrderAcceptService]       FROM "OrderTimers" AS o
info: Onion.CleanArchitecture.WebApp.Server.Services.MicroserviceLauncherHostedService[0]
      [OrderAcceptService]       WHERE o."TimerStatus" = 1 AND o."Timeout" <= @now
info: Onion.CleanArchitecture.WebApp.Server.Services.MicroserviceLauncherHostedService[0]
      [NotificationService] info: MassTransit[0]
info: Onion.CleanArchitecture.WebApp.Server.Services.MicroserviceLauncherHostedService[0]
      [NotificationService]       Usage Telemetry: {"id":"80350000-2167-4a9c-a648-08def1dfa33f","created":"2026-08-04T11:19:55.2050192\u002B07:00","host":{"framework_version":"10.0.9","mass_transit_version":"8.5.7.0","operating_system_version":"Microsoft Windows NT 10.0.26200.0","time_zone_info":"(UTC\u002B07:00) Bangkok, Hanoi, Jakarta","commit_hash":"855cf1752c94ca9498e0c45ce8d09fdc9e957dd6"},"bus":[{"created":"2026-08-04T11:19:55.2156913\u002B07:00","configured":"2026-08-04T11:19:55.6461037\u002B07:00","started":"2026-08-04T11:19:56.6628485\u002B07:00","name":"IBus","endpoints":[{"name":"notification-queue","type":"SQL","prefetch_count":24,"consumer_count":4,"message_count":4},{"name":"_bus_","type":"SQL","prefetch_count":24}]}]}
info: Onion.CleanArchitecture.WebApp.Server.Services.MicroserviceLauncherHostedService[0]
      [OrderOrchestration] info: MassTransit[0]
info: Onion.CleanArchitecture.WebApp.Server.Services.MicroserviceLauncherHostedService[0]
      [OrderOrchestration]       Usage Telemetry: {"id":"e45e0000-2167-4a9c-a9ba-08def1dfa3ef","created":"2026-08-04T11:19:56.3585089\u002B07:00","host":{"framework_version":"10.0.9","mass_transit_version":"8.5.7.0","operating_system_version":"Microsoft Windows NT 10.0.26200.0","time_zone_info":"(UTC\u002B07:00) Bangkok, Hanoi, Jakarta","commit_hash":"855cf1752c94ca9498e0c45ce8d09fdc9e957dd6"},"bus":[{"created":"2026-08-04T11:19:56.3705182\u002B07:00","configured":"2026-08-04T11:19:56.9646514\u002B07:00","started":"2026-08-04T11:19:57.5033751\u002B07:00","name":"IBus","endpoints":[{"name":"order-state","type":"SQL","prefetch_count":1,"saga_state_machine_count":1,"message_count":12},{"name":"_bus_","type":"SQL","prefetch_count":24}]}]}
info: Microsoft.EntityFrameworkCore.Database.Command[20101]
      Executed DbCommand (4ms) [Parameters=[], CommandType='Text', CommandTimeout='30']
      SELECT count(*)::int
      FROM "Orders" AS o
info: Microsoft.EntityFrameworkCore.Database.Command[20101]
      Executed DbCommand (3ms) [Parameters=[@p1='?' (DbType = Int32), @p='?' (DbType = Int32)], CommandType='Text', CommandTimeout='30']
      SELECT o."Id", o."CompletedAt", o."CreatedAt", o."CreatedBy", o."CustomerId", o."IsReserved", o."LastModifiedAt", o."LastModifiedBy", o."Note", o."OrderCode", o."OrderId", o."RejectedAt", o."ShippingAddress", o."Status", o."TotalAmount", o."UpdatedAt"
      FROM "Orders" AS o
      ORDER BY o."CreatedAt" DESC
      LIMIT @p1 OFFSET @p
info: Onion.CleanArchitecture.WebApp.Server.Services.MicroserviceLauncherHostedService[0]
      [OrderAcceptService] info: Microsoft.EntityFrameworkCore.Database.Command[20101]
info: Onion.CleanArchitecture.WebApp.Server.Services.MicroserviceLauncherHostedService[0]
      [OrderAcceptService]       Executed DbCommand (1ms) [Parameters=[@now='?' (DbType = DateTime)], CommandType='Text', CommandTimeout='30']
info: Onion.CleanArchitecture.WebApp.Server.Services.MicroserviceLauncherHostedService[0]
      [OrderAcceptService]       SELECT o."Id", o."CreatedAt", o."CreatedBy", o."LastModifiedAt", o."LastModifiedBy", o."OrderId", o."Status", o."Timeout", o."TimerId", o."TimerStatus"
info: Onion.CleanArchitecture.WebApp.Server.Services.MicroserviceLauncherHostedService[0]
      [OrderAcceptService]       FROM "OrderTimers" AS o
info: Onion.CleanArchitecture.WebApp.Server.Services.MicroserviceLauncherHostedService[0]
      [OrderAcceptService]       WHERE o."TimerStatus" = 1 AND o."Timeout" <= @now
info: Microsoft.EntityFrameworkCore.Database.Command[20101]
      Executed DbCommand (5ms) [Parameters=[], CommandType='Text', CommandTimeout='30']
      SELECT count(*)::int
      FROM "Product" AS p
info: Microsoft.EntityFrameworkCore.Database.Command[20101]
      Executed DbCommand (1ms) [Parameters=[@p1='?' (DbType = Int32), @p='?' (DbType = Int32)], CommandType='Text', CommandTimeout='30']
      SELECT p."Id", p."Code", p."CreatedAt", p."CreatedBy", p."Description", p."IsActive", p."LastModifiedAt", p."LastModifiedBy", p."Name", p."Price", p."ProductId", p."Rate", p."SLTKho"
      FROM "Product" AS p
      ORDER BY p."Id"
      LIMIT @p1 OFFSET @p
info: Microsoft.EntityFrameworkCore.Database.Command[20101]
      Executed DbCommand (1ms) [Parameters=[@productId='?' (DbType = Guid)], CommandType='Text', CommandTimeout='30']
      SELECT p."Id", p."Code", p."CreatedAt", p."CreatedBy", p."Description", p."IsActive", p."LastModifiedAt", p."LastModifiedBy", p."Name", p."Price", p."ProductId", p."Rate", p."SLTKho"
      FROM "Product" AS p
      WHERE p."ProductId" = @productId
      LIMIT 1
info: Microsoft.EntityFrameworkCore.Database.Command[20101]
      Executed DbCommand (4ms) [Parameters=[@p0='?' (DbType = DateTime), @p1='?' (DbType = DateTime), @p2='?', @p3='?', @p4='?' (DbType = Boolean), @p5='?' (DbType = DateTime), @p6='?', @p7='?', @p8='?', @p9='?' (DbType = Guid), @p10='?' (DbType = DateTime), @p11='?', @p12='?' (DbType = Int32), @p13='?' (DbType = Decimal), @p14='?' (DbType = DateTime), @p15='?' (DbType = DateTime), @p16='?', @p17='?' (DbType = DateTime), @p18='?', @p19='?' (DbType = Guid), @p20='?' (DbType = Guid), @p21='?' (DbType = Guid), @p22='?', @p23='?' (DbType = Int32), @p24='?' (DbType = Decimal)], CommandType='Text', CommandTimeout='30']
      INSERT INTO "Orders" ("CompletedAt", "CreatedAt", "CreatedBy", "CustomerId", "IsReserved", "LastModifiedAt", "LastModifiedBy", "Note", "OrderCode", "OrderId", "RejectedAt", "ShippingAddress", "Status", "TotalAmount", "UpdatedAt")
      VALUES (@p0, @p1, @p2, @p3, @p4, @p5, @p6, @p7, @p8, @p9, @p10, @p11, @p12, @p13, @p14)
      RETURNING "Id";
      INSERT INTO "OrderItems" ("CreatedAt", "CreatedBy", "LastModifiedAt", "LastModifiedBy", "OrderId", "OrderItemId", "ProductId", "ProductName", "Quantity", "UnitPrice")
      VALUES (@p15, @p16, @p17, @p18, @p19, @p20, @p21, @p22, @p23, @p24)
      RETURNING "Id";
info: Onion.CleanArchitecture.WebApp.Server.Services.MicroserviceLauncherHostedService[0]
      [OrderOrchestration] info: Microsoft.EntityFrameworkCore.Database.Command[20101]
info: Onion.CleanArchitecture.WebApp.Server.Services.MicroserviceLauncherHostedService[0]
      [OrderOrchestration]       Executed DbCommand (5ms) [Parameters=[p0='?' (DbType = Guid)], CommandType='Text', CommandTimeout='30']
info: Onion.CleanArchitecture.WebApp.Server.Services.MicroserviceLauncherHostedService[0]
      [OrderOrchestration]       SELECT o."CorrelationId", o."CreatedAt", o."CurrentState", o."CustomerId", o."ErrorReason", o."IsTimeout", o."Items", o."NeedReleaseInventory", o."TotalAmount"
info: Onion.CleanArchitecture.WebApp.Server.Services.MicroserviceLauncherHostedService[0]
      [OrderOrchestration]       FROM (
info: Onion.CleanArchitecture.WebApp.Server.Services.MicroserviceLauncherHostedService[0]
      [OrderOrchestration]           SELECT *, xmin FROM "OrderState" WHERE "CorrelationId" = @p0 FOR UPDATE
info: Onion.CleanArchitecture.WebApp.Server.Services.MicroserviceLauncherHostedService[0]
      [OrderOrchestration]       ) AS o
info: Onion.CleanArchitecture.WebApp.Server.Services.MicroserviceLauncherHostedService[0]
      [OrderOrchestration]       LIMIT 2
info: Onion.CleanArchitecture.WebApp.Server.Services.MicroserviceLauncherHostedService[0]
      [OrderOrchestration] info: Microsoft.EntityFrameworkCore.Database.Command[20101]
info: Onion.CleanArchitecture.WebApp.Server.Services.MicroserviceLauncherHostedService[0]
      [OrderOrchestration]       Executed DbCommand (2ms) [Parameters=[@p0='?' (DbType = Guid), @p1='?' (DbType = DateTime), @p2='?', @p3='?' (DbType = Guid), @p4='?', @p5='?' (DbType = Boolean), @p6='?' (DbType = Object), @p7='?' (DbType = Boolean), @p8='?' (DbType = Decimal)], CommandType='Text', CommandTimeout='30']
info: Onion.CleanArchitecture.WebApp.Server.Services.MicroserviceLauncherHostedService[0]
      [OrderOrchestration]       INSERT INTO "OrderState" ("CorrelationId", "CreatedAt", "CurrentState", "CustomerId", "ErrorReason", "IsTimeout", "Items", "NeedReleaseInventory", "TotalAmount")
info: Onion.CleanArchitecture.WebApp.Server.Services.MicroserviceLauncherHostedService[0]
      [OrderOrchestration]       VALUES (@p0, @p1, @p2, @p3, @p4, @p5, @p6, @p7, @p8);
info: Onion.CleanArchitecture.WebApp.Server.Services.MicroserviceLauncherHostedService[0]
      [OrderSubmitService] info: OrderSubmitService.OrderSubmitConsumer[0]
info: Onion.CleanArchitecture.WebApp.Server.Services.MicroserviceLauncherHostedService[0]
      [OrderSubmitService]       Nhận ValidateOrderCommand OrderId=21e8a136-731a-49d9-a337-884f90056f83
info: Onion.CleanArchitecture.WebApp.Server.Services.MicroserviceLauncherHostedService[0]
      [OrderSubmitService] info: Microsoft.EntityFrameworkCore.Database.Command[20101]
info: Onion.CleanArchitecture.WebApp.Server.Services.MicroserviceLauncherHostedService[0]
      [OrderSubmitService]       Executed DbCommand (4ms) [Parameters=[@orderId='?' (DbType = Guid)], CommandType='Text', CommandTimeout='30']
info: Onion.CleanArchitecture.WebApp.Server.Services.MicroserviceLauncherHostedService[0]
      [OrderSubmitService]       SELECT o."Id", o."CompletedAt", o."CreatedAt", o."CreatedBy", o."CustomerId", o."IsReserved", o."LastModifiedAt", o."LastModifiedBy", o."Note", o."OrderCode", o."OrderId", o."RejectedAt", o."ShippingAddress", o."Status", o."TotalAmount", o."UpdatedAt"
info: Onion.CleanArchitecture.WebApp.Server.Services.MicroserviceLauncherHostedService[0]
      [OrderSubmitService]       FROM "Orders" AS o
info: Onion.CleanArchitecture.WebApp.Server.Services.MicroserviceLauncherHostedService[0]
      [OrderSubmitService]       WHERE o."OrderId" = @orderId
info: Onion.CleanArchitecture.WebApp.Server.Services.MicroserviceLauncherHostedService[0]
      [OrderSubmitService]       ORDER BY o."Id"
info: Onion.CleanArchitecture.WebApp.Server.Services.MicroserviceLauncherHostedService[0]
      [OrderSubmitService]       LIMIT 1
info: Onion.CleanArchitecture.WebApp.Server.Services.MicroserviceLauncherHostedService[0]
      [OrderSubmitService] info: Microsoft.EntityFrameworkCore.Database.Command[20101]
info: Onion.CleanArchitecture.WebApp.Server.Services.MicroserviceLauncherHostedService[0]
      [OrderSubmitService]       Executed DbCommand (5ms) [Parameters=[@orderId='?' (DbType = Guid)], CommandType='Text', CommandTimeout='30']
info: Onion.CleanArchitecture.WebApp.Server.Services.MicroserviceLauncherHostedService[0]
      [OrderSubmitService]       SELECT o0."Id", o0."CreatedAt", o0."CreatedBy", o0."LastModifiedAt", o0."LastModifiedBy", o0."OrderId", o0."OrderItemId", o0."ProductId", o0."ProductName", o0."Quantity", o0."UnitPrice", o1."Id"
info: Onion.CleanArchitecture.WebApp.Server.Services.MicroserviceLauncherHostedService[0]
      [OrderSubmitService]       FROM (
info: Onion.CleanArchitecture.WebApp.Server.Services.MicroserviceLauncherHostedService[0]
      [OrderSubmitService]           SELECT o."Id", o."OrderId"
info: Onion.CleanArchitecture.WebApp.Server.Services.MicroserviceLauncherHostedService[0]
      [OrderSubmitService]           FROM "Orders" AS o
info: Onion.CleanArchitecture.WebApp.Server.Services.MicroserviceLauncherHostedService[0]
      [OrderSubmitService]           WHERE o."OrderId" = @orderId
info: Onion.CleanArchitecture.WebApp.Server.Services.MicroserviceLauncherHostedService[0]
      [OrderSubmitService]           ORDER BY o."Id"
info: Onion.CleanArchitecture.WebApp.Server.Services.MicroserviceLauncherHostedService[0]
      [OrderSubmitService]           LIMIT 1
info: Onion.CleanArchitecture.WebApp.Server.Services.MicroserviceLauncherHostedService[0]
      [OrderSubmitService]       ) AS o1
info: Onion.CleanArchitecture.WebApp.Server.Services.MicroserviceLauncherHostedService[0]
      [OrderSubmitService]       INNER JOIN "OrderItems" AS o0 ON o1."OrderId" = o0."OrderId"
info: Onion.CleanArchitecture.WebApp.Server.Services.MicroserviceLauncherHostedService[0]
      [OrderSubmitService]       ORDER BY o1."Id"
info: Onion.CleanArchitecture.WebApp.Server.Services.MicroserviceLauncherHostedService[0]
      [OrderSubmitService] info: Microsoft.EntityFrameworkCore.Database.Command[20101]
info: Onion.CleanArchitecture.WebApp.Server.Services.MicroserviceLauncherHostedService[0]
      [OrderSubmitService]       Executed DbCommand (2ms) [Parameters=[@productId='?' (DbType = Guid)], CommandType='Text', CommandTimeout='30']
info: Onion.CleanArchitecture.WebApp.Server.Services.MicroserviceLauncherHostedService[0]
      [OrderSubmitService]       SELECT p."Id", p."Code", p."CreatedAt", p."CreatedBy", p."Description", p."IsActive", p."LastModifiedAt", p."LastModifiedBy", p."Name", p."Price", p."ProductId", p."Rate", p."SLTKho"
info: Onion.CleanArchitecture.WebApp.Server.Services.MicroserviceLauncherHostedService[0]
      [OrderSubmitService]       FROM "Product" AS p
info: Onion.CleanArchitecture.WebApp.Server.Services.MicroserviceLauncherHostedService[0]
      [OrderSubmitService]       WHERE p."ProductId" = @productId
info: Onion.CleanArchitecture.WebApp.Server.Services.MicroserviceLauncherHostedService[0]
      [OrderSubmitService]       LIMIT 1
info: Onion.CleanArchitecture.WebApp.Server.Services.MicroserviceLauncherHostedService[0]
      [OrderSubmitService] info: Microsoft.EntityFrameworkCore.Database.Command[20101]
info: Onion.CleanArchitecture.WebApp.Server.Services.MicroserviceLauncherHostedService[0]
      [OrderSubmitService]       Executed DbCommand (2ms) [Parameters=[@p14='?' (DbType = Int32), @p0='?' (DbType = DateTime), @p1='?' (DbType = DateTime), @p2='?', @p3='?', @p4='?' (DbType = Boolean), @p5='?' (DbType = DateTime), @p6='?', @p7='?', @p8='?', @p9='?' (DbType = DateTime), @p10='?', @p11='?' (DbType = Int32), @p12='?' (DbType = Decimal), @p13='?' (DbType = DateTime), @p27='?' (DbType = Int32), @p15='?', @p16='?' (DbType = DateTime), @p17='?', @p18='?', @p19='?' (DbType = Boolean), @p20='?' (DbType = DateTime), @p21='?', @p22='?', @p23='?' (DbType = Decimal), @p24='?' (DbType = Guid), @p25='?' (DbType = Decimal), @p26='?' (DbType = Int32)], CommandType='Text', CommandTimeout='30']
info: Onion.CleanArchitecture.WebApp.Server.Services.MicroserviceLauncherHostedService[0]
      [OrderSubmitService]       UPDATE "Orders" SET "CompletedAt" = @p0, "CreatedAt" = @p1, "CreatedBy" = @p2, "CustomerId" = @p3, "IsReserved" = @p4, "LastModifiedAt" = @p5, "LastModifiedBy" = @p6, "Note" = @p7, "OrderCode" = @p8, "RejectedAt" = @p9, "ShippingAddress" = @p10, "Status" = @p11, "TotalAmount" = @p12, "UpdatedAt" = @p13
info: Onion.CleanArchitecture.WebApp.Server.Services.MicroserviceLauncherHostedService[0]
      [OrderSubmitService]       WHERE "Id" = @p14;
info: Onion.CleanArchitecture.WebApp.Server.Services.MicroserviceLauncherHostedService[0]
      [OrderSubmitService]       UPDATE "Product" SET "Code" = @p15, "CreatedAt" = @p16, "CreatedBy" = @p17, "Description" = @p18, "IsActive" = @p19, "LastModifiedAt" = @p20, "LastModifiedBy" = @p21, "Name" = @p22, "Price" = @p23, "ProductId" = @p24, "Rate" = @p25, "SLTKho" = @p26
info: Onion.CleanArchitecture.WebApp.Server.Services.MicroserviceLauncherHostedService[0]
      [OrderSubmitService]       WHERE "Id" = @p27;
info: Onion.CleanArchitecture.WebApp.Server.Services.MicroserviceLauncherHostedService[0]
      [OrderSubmitService] info: Microsoft.EntityFrameworkCore.Database.Command[20101]
info: Onion.CleanArchitecture.WebApp.Server.Services.MicroserviceLauncherHostedService[0]
      [OrderSubmitService]       Executed DbCommand (4ms) [Parameters=[@p0='?', @p1='?' (DbType = DateTime), @p2='?', @p3='?', @p4='?' (DbType = Guid), @p5='?' (DbType = DateTime), @p6='?', @p7='?', @p8='?' (DbType = Guid), @p9='?' (DbType = Int32)], CommandType='Text', CommandTimeout='30']
info: Onion.CleanArchitecture.WebApp.Server.Services.MicroserviceLauncherHostedService[0]
      [OrderSubmitService]       INSERT INTO "OrderHistories" ("ConsumerName", "CreatedAt", "CreatedBy", "EventType", "HistoryId", "LastModifiedAt", "LastModifiedBy", "Message", "OrderId", "Status")
info: Onion.CleanArchitecture.WebApp.Server.Services.MicroserviceLauncherHostedService[0]
      [OrderSubmitService]       VALUES (@p0, @p1, @p2, @p3, @p4, @p5, @p6, @p7, @p8, @p9)
info: Onion.CleanArchitecture.WebApp.Server.Services.MicroserviceLauncherHostedService[0]
      [OrderSubmitService]       RETURNING "Id";
info: Microsoft.EntityFrameworkCore.Database.Command[20101]
      Executed DbCommand (2ms) [Parameters=[], CommandType='Text', CommandTimeout='30']
      SELECT count(*)::int
      FROM "Orders" AS o
info: Microsoft.EntityFrameworkCore.Database.Command[20101]
      Executed DbCommand (1ms) [Parameters=[@p1='?' (DbType = Int32), @p='?' (DbType = Int32)], CommandType='Text', CommandTimeout='30']
      SELECT o."Id", o."CompletedAt", o."CreatedAt", o."CreatedBy", o."CustomerId", o."IsReserved", o."LastModifiedAt", o."LastModifiedBy", o."Note", o."OrderCode", o."OrderId", o."RejectedAt", o."ShippingAddress", o."Status", o."TotalAmount", o."UpdatedAt"
      FROM "Orders" AS o
      ORDER BY o."CreatedAt" DESC
      LIMIT @p1 OFFSET @p
info: Onion.CleanArchitecture.WebApp.Server.Services.MicroserviceLauncherHostedService[0]
      [OrderSubmitService] info: OrderSubmitService.OrderSubmitConsumer[0]
info: Onion.CleanArchitecture.WebApp.Server.Services.MicroserviceLauncherHostedService[0]
      [OrderSubmitService]       Validate thành công OrderId=21e8a136-731a-49d9-a337-884f90056f83, đã giữ chỗ 1 sản phẩm. Saga sẽ gửi AcceptOrderCommand
info: Onion.CleanArchitecture.WebApp.Server.Services.MicroserviceLauncherHostedService[0]
      [OrderOrchestration] info: Microsoft.EntityFrameworkCore.Database.Command[20101]
info: Onion.CleanArchitecture.WebApp.Server.Services.MicroserviceLauncherHostedService[0]
      [OrderOrchestration]       Executed DbCommand (2ms) [Parameters=[p0='?' (DbType = Guid)], CommandType='Text', CommandTimeout='30']
info: Onion.CleanArchitecture.WebApp.Server.Services.MicroserviceLauncherHostedService[0]
      [OrderOrchestration]       SELECT o."CorrelationId", o."CreatedAt", o."CurrentState", o."CustomerId", o."ErrorReason", o."IsTimeout", o."Items", o."NeedReleaseInventory", o."TotalAmount"
info: Onion.CleanArchitecture.WebApp.Server.Services.MicroserviceLauncherHostedService[0]
      [OrderOrchestration]       FROM (
info: Onion.CleanArchitecture.WebApp.Server.Services.MicroserviceLauncherHostedService[0]
      [OrderOrchestration]           SELECT *, xmin FROM "OrderState" WHERE "CorrelationId" = @p0 FOR UPDATE
info: Onion.CleanArchitecture.WebApp.Server.Services.MicroserviceLauncherHostedService[0]
      [OrderOrchestration]       ) AS o
info: Onion.CleanArchitecture.WebApp.Server.Services.MicroserviceLauncherHostedService[0]
      [OrderOrchestration]       LIMIT 2
info: Onion.CleanArchitecture.WebApp.Server.Services.MicroserviceLauncherHostedService[0]
      [OrderOrchestration] info: Microsoft.EntityFrameworkCore.Database.Command[20101]
info: Onion.CleanArchitecture.WebApp.Server.Services.MicroserviceLauncherHostedService[0]
      [OrderOrchestration]       Executed DbCommand (1ms) [Parameters=[@p2='?' (DbType = Guid), @p0='?', @p1='?' (DbType = Boolean)], CommandType='Text', CommandTimeout='30']
info: Onion.CleanArchitecture.WebApp.Server.Services.MicroserviceLauncherHostedService[0]
      [OrderOrchestration]       UPDATE "OrderState" SET "CurrentState" = @p0, "NeedReleaseInventory" = @p1
info: Onion.CleanArchitecture.WebApp.Server.Services.MicroserviceLauncherHostedService[0]
      [OrderOrchestration]       WHERE "CorrelationId" = @p2;
info: Onion.CleanArchitecture.WebApp.Server.Services.MicroserviceLauncherHostedService[0]
      [OrderAcceptService] info: Microsoft.EntityFrameworkCore.Database.Command[20101]
info: Onion.CleanArchitecture.WebApp.Server.Services.MicroserviceLauncherHostedService[0]
      [OrderAcceptService]       Executed DbCommand (6ms) [Parameters=[@orderId='?' (DbType = Guid)], CommandType='Text', CommandTimeout='30']
info: Onion.CleanArchitecture.WebApp.Server.Services.MicroserviceLauncherHostedService[0]
      [OrderAcceptService]       SELECT o."Id", o."CompletedAt", o."CreatedAt", o."CreatedBy", o."CustomerId", o."IsReserved", o."LastModifiedAt", o."LastModifiedBy", o."Note", o."OrderCode", o."OrderId", o."RejectedAt", o."ShippingAddress", o."Status", o."TotalAmount", o."UpdatedAt"
info: Onion.CleanArchitecture.WebApp.Server.Services.MicroserviceLauncherHostedService[0]
      [OrderAcceptService]       FROM "Orders" AS o
info: Onion.CleanArchitecture.WebApp.Server.Services.MicroserviceLauncherHostedService[0]
      [OrderAcceptService]       WHERE o."OrderId" = @orderId
info: Onion.CleanArchitecture.WebApp.Server.Services.MicroserviceLauncherHostedService[0]
      [OrderAcceptService]       ORDER BY o."Id"
info: Onion.CleanArchitecture.WebApp.Server.Services.MicroserviceLauncherHostedService[0]
      [OrderAcceptService]       LIMIT 1
info: Onion.CleanArchitecture.WebApp.Server.Services.MicroserviceLauncherHostedService[0]
      [OrderAcceptService] info: Microsoft.EntityFrameworkCore.Database.Command[20101]
info: Onion.CleanArchitecture.WebApp.Server.Services.MicroserviceLauncherHostedService[0]
      [OrderAcceptService]       Executed DbCommand (7ms) [Parameters=[@orderId='?' (DbType = Guid)], CommandType='Text', CommandTimeout='30']
info: Onion.CleanArchitecture.WebApp.Server.Services.MicroserviceLauncherHostedService[0]
      [OrderAcceptService]       SELECT o0."Id", o0."CreatedAt", o0."CreatedBy", o0."LastModifiedAt", o0."LastModifiedBy", o0."OrderId", o0."OrderItemId", o0."ProductId", o0."ProductName", o0."Quantity", o0."UnitPrice", o1."Id"
info: Onion.CleanArchitecture.WebApp.Server.Services.MicroserviceLauncherHostedService[0]
      [OrderAcceptService]       FROM (
info: Onion.CleanArchitecture.WebApp.Server.Services.MicroserviceLauncherHostedService[0]
      [OrderAcceptService]           SELECT o."Id", o."OrderId"
info: Onion.CleanArchitecture.WebApp.Server.Services.MicroserviceLauncherHostedService[0]
      [OrderAcceptService]           FROM "Orders" AS o
info: Onion.CleanArchitecture.WebApp.Server.Services.MicroserviceLauncherHostedService[0]
      [OrderAcceptService]           WHERE o."OrderId" = @orderId
info: Onion.CleanArchitecture.WebApp.Server.Services.MicroserviceLauncherHostedService[0]
      [OrderAcceptService]           ORDER BY o."Id"
info: Onion.CleanArchitecture.WebApp.Server.Services.MicroserviceLauncherHostedService[0]
      [OrderAcceptService]           LIMIT 1
info: Onion.CleanArchitecture.WebApp.Server.Services.MicroserviceLauncherHostedService[0]
      [OrderAcceptService]       ) AS o1
info: Onion.CleanArchitecture.WebApp.Server.Services.MicroserviceLauncherHostedService[0]
      [OrderAcceptService]       INNER JOIN "OrderItems" AS o0 ON o1."OrderId" = o0."OrderId"
info: Onion.CleanArchitecture.WebApp.Server.Services.MicroserviceLauncherHostedService[0]
      [OrderAcceptService]       ORDER BY o1."Id"
info: Onion.CleanArchitecture.WebApp.Server.Services.MicroserviceLauncherHostedService[0]
      [OrderAcceptService] info: OrderAcceptService.OrderAcceptConsumer[0]
info: Onion.CleanArchitecture.WebApp.Server.Services.MicroserviceLauncherHostedService[0]
      [OrderAcceptService]       Nhận AcceptOrderCommand OrderId=21e8a136-731a-49d9-a337-884f90056f83
info: Onion.CleanArchitecture.WebApp.Server.Services.MicroserviceLauncherHostedService[0]
      [OrderAcceptService] info: Microsoft.EntityFrameworkCore.Database.Command[20101]
info: Onion.CleanArchitecture.WebApp.Server.Services.MicroserviceLauncherHostedService[0]
      [OrderAcceptService]       Executed DbCommand (4ms) [Parameters=[@productId='?' (DbType = Guid)], CommandType='Text', CommandTimeout='30']
info: Onion.CleanArchitecture.WebApp.Server.Services.MicroserviceLauncherHostedService[0]
      [OrderAcceptService]       SELECT p."Id", p."Code", p."CreatedAt", p."CreatedBy", p."Description", p."IsActive", p."LastModifiedAt", p."LastModifiedBy", p."Name", p."Price", p."ProductId", p."Rate", p."SLTKho"
info: Onion.CleanArchitecture.WebApp.Server.Services.MicroserviceLauncherHostedService[0]
      [OrderAcceptService]       FROM "Product" AS p
info: Onion.CleanArchitecture.WebApp.Server.Services.MicroserviceLauncherHostedService[0]
      [OrderAcceptService]       WHERE p."ProductId" = @productId
info: Onion.CleanArchitecture.WebApp.Server.Services.MicroserviceLauncherHostedService[0]
      [OrderAcceptService]       LIMIT 1
info: Onion.CleanArchitecture.WebApp.Server.Services.MicroserviceLauncherHostedService[0]
      [OrderAcceptService] info: Microsoft.EntityFrameworkCore.Database.Command[20101]
info: Onion.CleanArchitecture.WebApp.Server.Services.MicroserviceLauncherHostedService[0]
      [OrderAcceptService]       Executed DbCommand (4ms) [Parameters=[@p14='?' (DbType = Int32), @p0='?' (DbType = DateTime), @p1='?' (DbType = DateTime), @p2='?', @p3='?', @p4='?' (DbType = Boolean), @p5='?' (DbType = DateTime), @p6='?', @p7='?', @p8='?', @p9='?' (DbType = DateTime), @p10='?', @p11='?' (DbType = Int32), @p12='?' (DbType = Decimal), @p13='?' (DbType = DateTime)], CommandType='Text', CommandTimeout='30']
info: Onion.CleanArchitecture.WebApp.Server.Services.MicroserviceLauncherHostedService[0]
      [OrderAcceptService]       UPDATE "Orders" SET "CompletedAt" = @p0, "CreatedAt" = @p1, "CreatedBy" = @p2, "CustomerId" = @p3, "IsReserved" = @p4, "LastModifiedAt" = @p5, "LastModifiedBy" = @p6, "Note" = @p7, "OrderCode" = @p8, "RejectedAt" = @p9, "ShippingAddress" = @p10, "Status" = @p11, "TotalAmount" = @p12, "UpdatedAt" = @p13
info: Onion.CleanArchitecture.WebApp.Server.Services.MicroserviceLauncherHostedService[0]
      [OrderAcceptService]       WHERE "Id" = @p14;
info: Onion.CleanArchitecture.WebApp.Server.Services.MicroserviceLauncherHostedService[0]
      [OrderAcceptService] info: Microsoft.EntityFrameworkCore.Database.Command[20101]
info: Onion.CleanArchitecture.WebApp.Server.Services.MicroserviceLauncherHostedService[0]
      [OrderAcceptService]       Executed DbCommand (2ms) [Parameters=[@p0='?' (DbType = DateTime), @p1='?', @p2='?' (DbType = DateTime), @p3='?', @p4='?' (DbType = Guid), @p5='?' (DbType = Int32), @p6='?' (DbType = DateTime), @p7='?' (DbType = Guid), @p8='?' (DbType = Int32)], CommandType='Text', CommandTimeout='30']
info: Onion.CleanArchitecture.WebApp.Server.Services.MicroserviceLauncherHostedService[0]
      [OrderAcceptService]       INSERT INTO "OrderTimers" ("CreatedAt", "CreatedBy", "LastModifiedAt", "LastModifiedBy", "OrderId", "Status", "Timeout", "TimerId", "TimerStatus")
info: Onion.CleanArchitecture.WebApp.Server.Services.MicroserviceLauncherHostedService[0]
      [OrderAcceptService]       VALUES (@p0, @p1, @p2, @p3, @p4, @p5, @p6, @p7, @p8)
info: Onion.CleanArchitecture.WebApp.Server.Services.MicroserviceLauncherHostedService[0]
      [OrderAcceptService]       RETURNING "Id";
info: Onion.CleanArchitecture.WebApp.Server.Services.MicroserviceLauncherHostedService[0]
      [OrderAcceptService] info: Microsoft.EntityFrameworkCore.Database.Command[20101]
info: Onion.CleanArchitecture.WebApp.Server.Services.MicroserviceLauncherHostedService[0]
      [OrderAcceptService]       Executed DbCommand (4ms) [Parameters=[@p0='?', @p1='?' (DbType = DateTime), @p2='?', @p3='?', @p4='?' (DbType = Guid), @p5='?' (DbType = DateTime), @p6='?', @p7='?', @p8='?' (DbType = Guid), @p9='?' (DbType = Int32)], CommandType='Text', CommandTimeout='30']
info: Onion.CleanArchitecture.WebApp.Server.Services.MicroserviceLauncherHostedService[0]
      [OrderAcceptService]       INSERT INTO "OrderHistories" ("ConsumerName", "CreatedAt", "CreatedBy", "EventType", "HistoryId", "LastModifiedAt", "LastModifiedBy", "Message", "OrderId", "Status")
info: Onion.CleanArchitecture.WebApp.Server.Services.MicroserviceLauncherHostedService[0]
      [OrderAcceptService]       VALUES (@p0, @p1, @p2, @p3, @p4, @p5, @p6, @p7, @p8, @p9)
info: Onion.CleanArchitecture.WebApp.Server.Services.MicroserviceLauncherHostedService[0]
      [OrderAcceptService]       RETURNING "Id";
info: Onion.CleanArchitecture.WebApp.Server.Services.MicroserviceLauncherHostedService[0]
      [OrderAcceptService] info: OrderAcceptService.OrderAcceptConsumer[0]
info: Onion.CleanArchitecture.WebApp.Server.Services.MicroserviceLauncherHostedService[0]
      [OrderAcceptService]       Accept thành công OrderId=21e8a136-731a-49d9-a337-884f90056f83, Saga sẽ gửi CompleteOrderCommand
info: Onion.CleanArchitecture.WebApp.Server.Services.MicroserviceLauncherHostedService[0]
      [OrderOrchestration] info: Microsoft.EntityFrameworkCore.Database.Command[20101]
info: Onion.CleanArchitecture.WebApp.Server.Services.MicroserviceLauncherHostedService[0]
      [OrderOrchestration]       Executed DbCommand (2ms) [Parameters=[p0='?' (DbType = Guid)], CommandType='Text', CommandTimeout='30']
info: Onion.CleanArchitecture.WebApp.Server.Services.MicroserviceLauncherHostedService[0]
      [OrderOrchestration]       SELECT o."CorrelationId", o."CreatedAt", o."CurrentState", o."CustomerId", o."ErrorReason", o."IsTimeout", o."Items", o."NeedReleaseInventory", o."TotalAmount"
info: Onion.CleanArchitecture.WebApp.Server.Services.MicroserviceLauncherHostedService[0]
      [OrderOrchestration]       FROM (
info: Onion.CleanArchitecture.WebApp.Server.Services.MicroserviceLauncherHostedService[0]
      [OrderOrchestration]           SELECT *, xmin FROM "OrderState" WHERE "CorrelationId" = @p0 FOR UPDATE
info: Onion.CleanArchitecture.WebApp.Server.Services.MicroserviceLauncherHostedService[0]
      [OrderOrchestration]       ) AS o
info: Onion.CleanArchitecture.WebApp.Server.Services.MicroserviceLauncherHostedService[0]
      [OrderOrchestration]       LIMIT 2
info: Onion.CleanArchitecture.WebApp.Server.Services.MicroserviceLauncherHostedService[0]
      [OrderOrchestration] info: Microsoft.EntityFrameworkCore.Database.Command[20101]
info: Onion.CleanArchitecture.WebApp.Server.Services.MicroserviceLauncherHostedService[0]
      [OrderOrchestration]       Executed DbCommand (2ms) [Parameters=[@p1='?' (DbType = Guid), @p0='?'], CommandType='Text', CommandTimeout='30']
info: Onion.CleanArchitecture.WebApp.Server.Services.MicroserviceLauncherHostedService[0]
      [OrderOrchestration]       UPDATE "OrderState" SET "CurrentState" = @p0
info: Onion.CleanArchitecture.WebApp.Server.Services.MicroserviceLauncherHostedService[0]
      [OrderOrchestration]       WHERE "CorrelationId" = @p1;
info: Onion.CleanArchitecture.WebApp.Server.Services.MicroserviceLauncherHostedService[0]
      [OrderCompleteService] info: Microsoft.EntityFrameworkCore.Database.Command[20101]
info: Onion.CleanArchitecture.WebApp.Server.Services.MicroserviceLauncherHostedService[0]
      [OrderCompleteService]       Executed DbCommand (4ms) [Parameters=[@orderId='?' (DbType = Guid)], CommandType='Text', CommandTimeout='30']
info: Onion.CleanArchitecture.WebApp.Server.Services.MicroserviceLauncherHostedService[0]
      [OrderCompleteService]       SELECT o."Id", o."CompletedAt", o."CreatedAt", o."CreatedBy", o."CustomerId", o."IsReserved", o."LastModifiedAt", o."LastModifiedBy", o."Note", o."OrderCode", o."OrderId", o."RejectedAt", o."ShippingAddress", o."Status", o."TotalAmount", o."UpdatedAt"
info: Onion.CleanArchitecture.WebApp.Server.Services.MicroserviceLauncherHostedService[0]
      [OrderCompleteService]       FROM "Orders" AS o
info: Onion.CleanArchitecture.WebApp.Server.Services.MicroserviceLauncherHostedService[0]
      [OrderCompleteService]       WHERE o."OrderId" = @orderId
info: Onion.CleanArchitecture.WebApp.Server.Services.MicroserviceLauncherHostedService[0]
      [OrderCompleteService]       ORDER BY o."Id"
info: Onion.CleanArchitecture.WebApp.Server.Services.MicroserviceLauncherHostedService[0]
      [OrderCompleteService]       LIMIT 1
info: Onion.CleanArchitecture.WebApp.Server.Services.MicroserviceLauncherHostedService[0]
      [OrderCompleteService] info: Microsoft.EntityFrameworkCore.Database.Command[20101]
info: Onion.CleanArchitecture.WebApp.Server.Services.MicroserviceLauncherHostedService[0]
      [OrderCompleteService]       Executed DbCommand (6ms) [Parameters=[@orderId='?' (DbType = Guid)], CommandType='Text', CommandTimeout='30']
info: Onion.CleanArchitecture.WebApp.Server.Services.MicroserviceLauncherHostedService[0]
      [OrderCompleteService]       SELECT o0."Id", o0."CreatedAt", o0."CreatedBy", o0."LastModifiedAt", o0."LastModifiedBy", o0."OrderId", o0."OrderItemId", o0."ProductId", o0."ProductName", o0."Quantity", o0."UnitPrice", o1."Id"
info: Onion.CleanArchitecture.WebApp.Server.Services.MicroserviceLauncherHostedService[0]
      [OrderCompleteService]       FROM (
info: Onion.CleanArchitecture.WebApp.Server.Services.MicroserviceLauncherHostedService[0]
      [OrderCompleteService]           SELECT o."Id", o."OrderId"
info: Onion.CleanArchitecture.WebApp.Server.Services.MicroserviceLauncherHostedService[0]
      [OrderCompleteService]           FROM "Orders" AS o
info: Onion.CleanArchitecture.WebApp.Server.Services.MicroserviceLauncherHostedService[0]
      [OrderCompleteService]           WHERE o."OrderId" = @orderId
info: Onion.CleanArchitecture.WebApp.Server.Services.MicroserviceLauncherHostedService[0]
      [OrderCompleteService]           ORDER BY o."Id"
info: Onion.CleanArchitecture.WebApp.Server.Services.MicroserviceLauncherHostedService[0]
      [OrderCompleteService]           LIMIT 1
info: Onion.CleanArchitecture.WebApp.Server.Services.MicroserviceLauncherHostedService[0]
      [OrderCompleteService]       ) AS o1
info: Onion.CleanArchitecture.WebApp.Server.Services.MicroserviceLauncherHostedService[0]
      [OrderCompleteService]       INNER JOIN "OrderItems" AS o0 ON o1."OrderId" = o0."OrderId"
info: Onion.CleanArchitecture.WebApp.Server.Services.MicroserviceLauncherHostedService[0]
      [OrderCompleteService]       ORDER BY o1."Id"
info: Onion.CleanArchitecture.WebApp.Server.Services.MicroserviceLauncherHostedService[0]
      [OrderCompleteService] info: OrderCompleteService.OrderCompleteConsumer[0]
info: Onion.CleanArchitecture.WebApp.Server.Services.MicroserviceLauncherHostedService[0]
      [OrderCompleteService]       Nhận CompleteOrderCommand OrderId=21e8a136-731a-49d9-a337-884f90056f83
info: Onion.CleanArchitecture.WebApp.Server.Services.MicroserviceLauncherHostedService[0]
      [OrderCompleteService] info: Microsoft.EntityFrameworkCore.Database.Command[20101]
info: Onion.CleanArchitecture.WebApp.Server.Services.MicroserviceLauncherHostedService[0]
      [OrderCompleteService]       Executed DbCommand (4ms) [Parameters=[@orderId='?' (DbType = Guid)], CommandType='Text', CommandTimeout='30']
info: Onion.CleanArchitecture.WebApp.Server.Services.MicroserviceLauncherHostedService[0]
      [OrderCompleteService]       SELECT o."Id", o."CreatedAt", o."CreatedBy", o."LastModifiedAt", o."LastModifiedBy", o."OrderId", o."Status", o."Timeout", o."TimerId", o."TimerStatus"
info: Onion.CleanArchitecture.WebApp.Server.Services.MicroserviceLauncherHostedService[0]
      [OrderCompleteService]       FROM "OrderTimers" AS o
info: Onion.CleanArchitecture.WebApp.Server.Services.MicroserviceLauncherHostedService[0]
      [OrderCompleteService]       WHERE o."OrderId" = @orderId AND o."TimerStatus" = 1
info: Onion.CleanArchitecture.WebApp.Server.Services.MicroserviceLauncherHostedService[0]
      [OrderCompleteService]       LIMIT 1
info: Onion.CleanArchitecture.WebApp.Server.Services.MicroserviceLauncherHostedService[0]
      [OrderCompleteService] info: Microsoft.EntityFrameworkCore.Database.Command[20101]
info: Onion.CleanArchitecture.WebApp.Server.Services.MicroserviceLauncherHostedService[0]
      [OrderCompleteService]       Executed DbCommand (2ms) [Parameters=[@p9='?' (DbType = Int32), @p0='?' (DbType = DateTime), @p1='?', @p2='?' (DbType = DateTime), @p3='?', @p4='?' (DbType = Guid), @p5='?' (DbType = Int32), @p6='?' (DbType = DateTime), @p7='?' (DbType = Guid), @p8='?' (DbType = Int32)], CommandType='Text', CommandTimeout='30']
info: Onion.CleanArchitecture.WebApp.Server.Services.MicroserviceLauncherHostedService[0]
      [OrderCompleteService]       UPDATE "OrderTimers" SET "CreatedAt" = @p0, "CreatedBy" = @p1, "LastModifiedAt" = @p2, "LastModifiedBy" = @p3, "OrderId" = @p4, "Status" = @p5, "Timeout" = @p6, "TimerId" = @p7, "TimerStatus" = @p8
info: Onion.CleanArchitecture.WebApp.Server.Services.MicroserviceLauncherHostedService[0]
      [OrderCompleteService]       WHERE "Id" = @p9;
info: Onion.CleanArchitecture.WebApp.Server.Services.MicroserviceLauncherHostedService[0]
      [OrderCompleteService] info: Microsoft.EntityFrameworkCore.Database.Command[20101]
info: Onion.CleanArchitecture.WebApp.Server.Services.MicroserviceLauncherHostedService[0]
      [OrderCompleteService]       Executed DbCommand (1ms) [Parameters=[@p14='?' (DbType = Int32), @p0='?' (DbType = DateTime), @p1='?' (DbType = DateTime), @p2='?', @p3='?', @p4='?' (DbType = Boolean), @p5='?' (DbType = DateTime), @p6='?', @p7='?', @p8='?', @p9='?' (DbType = DateTime), @p10='?', @p11='?' (DbType = Int32), @p12='?' (DbType = Decimal), @p13='?' (DbType = DateTime)], CommandType='Text', CommandTimeout='30']
info: Onion.CleanArchitecture.WebApp.Server.Services.MicroserviceLauncherHostedService[0]
      [OrderCompleteService]       UPDATE "Orders" SET "CompletedAt" = @p0, "CreatedAt" = @p1, "CreatedBy" = @p2, "CustomerId" = @p3, "IsReserved" = @p4, "LastModifiedAt" = @p5, "LastModifiedBy" = @p6, "Note" = @p7, "OrderCode" = @p8, "RejectedAt" = @p9, "ShippingAddress" = @p10, "Status" = @p11, "TotalAmount" = @p12, "UpdatedAt" = @p13
info: Onion.CleanArchitecture.WebApp.Server.Services.MicroserviceLauncherHostedService[0]
      [OrderCompleteService]       WHERE "Id" = @p14;
info: Onion.CleanArchitecture.WebApp.Server.Services.MicroserviceLauncherHostedService[0]
      [OrderCompleteService] info: Microsoft.EntityFrameworkCore.Database.Command[20101]
info: Onion.CleanArchitecture.WebApp.Server.Services.MicroserviceLauncherHostedService[0]
      [OrderCompleteService]       Executed DbCommand (2ms) [Parameters=[@p0='?', @p1='?' (DbType = DateTime), @p2='?', @p3='?', @p4='?' (DbType = Guid), @p5='?' (DbType = DateTime), @p6='?', @p7='?', @p8='?' (DbType = Guid), @p9='?' (DbType = Int32)], CommandType='Text', CommandTimeout='30']
info: Onion.CleanArchitecture.WebApp.Server.Services.MicroserviceLauncherHostedService[0]
      [OrderCompleteService]       INSERT INTO "OrderHistories" ("ConsumerName", "CreatedAt", "CreatedBy", "EventType", "HistoryId", "LastModifiedAt", "LastModifiedBy", "Message", "OrderId", "Status")
info: Onion.CleanArchitecture.WebApp.Server.Services.MicroserviceLauncherHostedService[0]
      [OrderCompleteService]       VALUES (@p0, @p1, @p2, @p3, @p4, @p5, @p6, @p7, @p8, @p9)
info: Onion.CleanArchitecture.WebApp.Server.Services.MicroserviceLauncherHostedService[0]
      [OrderCompleteService]       RETURNING "Id";
info: Onion.CleanArchitecture.WebApp.Server.Services.MicroserviceLauncherHostedService[0]
      [OrderCompleteService] info: OrderCompleteService.OrderCompleteConsumer[0]
info: Onion.CleanArchitecture.WebApp.Server.Services.MicroserviceLauncherHostedService[0]
      [OrderCompleteService]       Complete thành công OrderId=21e8a136-731a-49d9-a337-884f90056f83.
info: Onion.CleanArchitecture.WebApp.Server.Services.MicroserviceLauncherHostedService[0]
      [OrderOrchestration] info: Microsoft.EntityFrameworkCore.Database.Command[20101]
info: Onion.CleanArchitecture.WebApp.Server.Services.MicroserviceLauncherHostedService[0]
      [OrderOrchestration]       Executed DbCommand (1ms) [Parameters=[p0='?' (DbType = Guid)], CommandType='Text', CommandTimeout='30']
info: Onion.CleanArchitecture.WebApp.Server.Services.MicroserviceLauncherHostedService[0]
      [OrderOrchestration]       SELECT o."CorrelationId", o."CreatedAt", o."CurrentState", o."CustomerId", o."ErrorReason", o."IsTimeout", o."Items", o."NeedReleaseInventory", o."TotalAmount"
info: Onion.CleanArchitecture.WebApp.Server.Services.MicroserviceLauncherHostedService[0]
      [OrderOrchestration]       FROM (
info: Onion.CleanArchitecture.WebApp.Server.Services.MicroserviceLauncherHostedService[0]
      [OrderOrchestration]           SELECT *, xmin FROM "OrderState" WHERE "CorrelationId" = @p0 FOR UPDATE
info: Onion.CleanArchitecture.WebApp.Server.Services.MicroserviceLauncherHostedService[0]
      [OrderOrchestration]       ) AS o
info: Onion.CleanArchitecture.WebApp.Server.Services.MicroserviceLauncherHostedService[0]
      [OrderOrchestration]       LIMIT 2
info: Onion.CleanArchitecture.WebApp.Server.Services.MicroserviceLauncherHostedService[0]
      [OrderOrchestration] info: Microsoft.EntityFrameworkCore.Database.Command[20101]
info: Onion.CleanArchitecture.WebApp.Server.Services.MicroserviceLauncherHostedService[0]
      [OrderOrchestration]       Executed DbCommand (1ms) [Parameters=[@p1='?' (DbType = Guid), @p0='?'], CommandType='Text', CommandTimeout='30']
info: Onion.CleanArchitecture.WebApp.Server.Services.MicroserviceLauncherHostedService[0]
      [OrderOrchestration]       UPDATE "OrderState" SET "CurrentState" = @p0
info: Onion.CleanArchitecture.WebApp.Server.Services.MicroserviceLauncherHostedService[0]
      [OrderOrchestration]       WHERE "CorrelationId" = @p1;
info: Onion.CleanArchitecture.WebApp.Server.Services.MicroserviceLauncherHostedService[0]
      [NotificationService] info: NotificationService.Consumers.OrderCompleteSuccessConsumer[0]
info: Onion.CleanArchitecture.WebApp.Server.Services.MicroserviceLauncherHostedService[0]
      [NotificationService]       Nhận OrderCompleteSuccessResponse OrderId=21e8a136-731a-49d9-a337-884f90056f83
info: Onion.CleanArchitecture.WebApp.Server.Services.MicroserviceLauncherHostedService[0]
      [NotificationService] info: Microsoft.EntityFrameworkCore.Database.Command[20101]
info: Onion.CleanArchitecture.WebApp.Server.Services.MicroserviceLauncherHostedService[0]
      [NotificationService]       Executed DbCommand (6ms) [Parameters=[@p0='?' (DbType = DateTime), @p1='?', @p2='?' (DbType = Boolean), @p3='?' (DbType = DateTime), @p4='?', @p5='?', @p6='?' (DbType = Guid), @p7='?' (DbType = Guid), @p8='?' (DbType = DateTime), @p9='?' (DbType = Guid), @p10='?', @p11='?'], CommandType='Text', CommandTimeout='30']
info: Onion.CleanArchitecture.WebApp.Server.Services.MicroserviceLauncherHostedService[0]
      [NotificationService]       INSERT INTO "Notifications" ("CreatedAt", "CreatedBy", "IsRead", "LastModifiedAt", "LastModifiedBy", "Message", "NotifyId", "OrderId", "SendAt", "TargetUserId", "Title", "Type")
info: Onion.CleanArchitecture.WebApp.Server.Services.MicroserviceLauncherHostedService[0]
      [NotificationService]       VALUES (@p0, @p1, @p2, @p3, @p4, @p5, @p6, @p7, @p8, @p9, @p10, @p11)
info: Onion.CleanArchitecture.WebApp.Server.Services.MicroserviceLauncherHostedService[0]
      [NotificationService]       RETURNING "Id";
info: Onion.CleanArchitecture.WebApp.Server.Services.MicroserviceLauncherHostedService[0]
      [OrderAcceptService] info: Microsoft.EntityFrameworkCore.Database.Command[20101]
info: Onion.CleanArchitecture.WebApp.Server.Services.MicroserviceLauncherHostedService[0]
      [OrderAcceptService]       Executed DbCommand (1ms) [Parameters=[@now='?' (DbType = DateTime)], CommandType='Text', CommandTimeout='30']
info: Onion.CleanArchitecture.WebApp.Server.Services.MicroserviceLauncherHostedService[0]
      [OrderAcceptService]       SELECT o."Id", o."CreatedAt", o."CreatedBy", o."LastModifiedAt", o."LastModifiedBy", o."OrderId", o."Status", o."Timeout", o."TimerId", o."TimerStatus"
info: Onion.CleanArchitecture.WebApp.Server.Services.MicroserviceLauncherHostedService[0]
      [OrderAcceptService]       FROM "OrderTimers" AS o
info: Onion.CleanArchitecture.WebApp.Server.Services.MicroserviceLauncherHostedService[0]
      [OrderAcceptService]       WHERE o."TimerStatus" = 1 AND o."Timeout" <= @now
info: Microsoft.EntityFrameworkCore.Database.Command[20101]
      Executed DbCommand (1ms) [Parameters=[], CommandType='Text', CommandTimeout='30']
      SELECT count(*)::int
      FROM "Orders" AS o
info: Microsoft.EntityFrameworkCore.Database.Command[20101]
      Executed DbCommand (1ms) [Parameters=[@p1='?' (DbType = Int32), @p='?' (DbType = Int32)], CommandType='Text', CommandTimeout='30']
      SELECT o."Id", o."CompletedAt", o."CreatedAt", o."CreatedBy", o."CustomerId", o."IsReserved", o."LastModifiedAt", o."LastModifiedBy", o."Note", o."OrderCode", o."OrderId", o."RejectedAt", o."ShippingAddress", o."Status", o."TotalAmount", o."UpdatedAt"
      FROM "Orders" AS o
      ORDER BY o."CreatedAt" DESC
      LIMIT @p1 OFFSET @p
info: Microsoft.EntityFrameworkCore.Database.Command[20101]
      Executed DbCommand (1ms) [Parameters=[], CommandType='Text', CommandTimeout='30']
      SELECT count(*)::int
      FROM "Orders" AS o
info: Microsoft.EntityFrameworkCore.Database.Command[20101]
      Executed DbCommand (1ms) [Parameters=[@p1='?' (DbType = Int32), @p='?' (DbType = Int32)], CommandType='Text', CommandTimeout='30']
      SELECT o."Id", o."CompletedAt", o."CreatedAt", o."CreatedBy", o."CustomerId", o."IsReserved", o."LastModifiedAt", o."LastModifiedBy", o."Note", o."OrderCode", o."OrderId", o."RejectedAt", o."ShippingAddress", o."Status", o."TotalAmount", o."UpdatedAt"
      FROM "Orders" AS o
      ORDER BY o."CreatedAt" DESC
      LIMIT @p1 OFFSET @p
info: Onion.CleanArchitecture.WebApp.Server.Services.MicroserviceLauncherHostedService[0]
      [OrderAcceptService] info: Microsoft.EntityFrameworkCore.Database.Command[20101]
info: Onion.CleanArchitecture.WebApp.Server.Services.MicroserviceLauncherHostedService[0]
      [OrderAcceptService]       Executed DbCommand (1ms) [Parameters=[@now='?' (DbType = DateTime)], CommandType='Text', CommandTimeout='30']
info: Onion.CleanArchitecture.WebApp.Server.Services.MicroserviceLauncherHostedService[0]
      [OrderAcceptService]       SELECT o."Id", o."CreatedAt", o."CreatedBy", o."LastModifiedAt", o."LastModifiedBy", o."OrderId", o."Status", o."Timeout", o."TimerId", o."TimerStatus"
info: Onion.CleanArchitecture.WebApp.Server.Services.MicroserviceLauncherHostedService[0]
      [OrderAcceptService]       FROM "OrderTimers" AS o
info: Onion.CleanArchitecture.WebApp.Server.Services.MicroserviceLauncherHostedService[0]
      [OrderAcceptService]       WHERE o."TimerStatus" = 1 AND o."Timeout" <= @now
info: Microsoft.EntityFrameworkCore.Database.Command[20101]
      Executed DbCommand (1ms) [Parameters=[@orderId='?' (DbType = Guid)], CommandType='Text', CommandTimeout='30']
      SELECT o."Id", o."CompletedAt", o."CreatedAt", o."CreatedBy", o."CustomerId", o."IsReserved", o."LastModifiedAt", o."LastModifiedBy", o."Note", o."OrderCode", o."OrderId", o."RejectedAt", o."ShippingAddress", o."Status", o."TotalAmount", o."UpdatedAt"
      FROM "Orders" AS o
      WHERE o."OrderId" = @orderId
      ORDER BY o."Id"
      LIMIT 1
info: Microsoft.EntityFrameworkCore.Database.Command[20101]
      Executed DbCommand (3ms) [Parameters=[@orderId='?' (DbType = Guid)], CommandType='Text', CommandTimeout='30']
      SELECT o0."Id", o0."CreatedAt", o0."CreatedBy", o0."LastModifiedAt", o0."LastModifiedBy", o0."OrderId", o0."OrderItemId", o0."ProductId", o0."ProductName", o0."Quantity", o0."UnitPrice", o1."Id"
      FROM (
          SELECT o."Id", o."OrderId"
          FROM "Orders" AS o
          WHERE o."OrderId" = @orderId
          ORDER BY o."Id"
          LIMIT 1
      ) AS o1
      INNER JOIN "OrderItems" AS o0 ON o1."OrderId" = o0."OrderId"
      ORDER BY o1."Id"
info: Onion.CleanArchitecture.WebApp.Server.Services.MicroserviceLauncherHostedService[0]
      [OrderAcceptService] info: Microsoft.EntityFrameworkCore.Database.Command[20101]
info: Onion.CleanArchitecture.WebApp.Server.Services.MicroserviceLauncherHostedService[0]
      [OrderAcceptService]       Executed DbCommand (1ms) [Parameters=[@now='?' (DbType = DateTime)], CommandType='Text', CommandTimeout='30']
info: Onion.CleanArchitecture.WebApp.Server.Services.MicroserviceLauncherHostedService[0]
      [OrderAcceptService]       SELECT o."Id", o."CreatedAt", o."CreatedBy", o."LastModifiedAt", o."LastModifiedBy", o."OrderId", o."Status", o."Timeout", o."TimerId", o."TimerStatus"
info: Onion.CleanArchitecture.WebApp.Server.Services.MicroserviceLauncherHostedService[0]
      [OrderAcceptService]       FROM "OrderTimers" AS o
info: Onion.CleanArchitecture.WebApp.Server.Services.MicroserviceLauncherHostedService[0]
      [OrderAcceptService]       WHERE o."TimerStatus" = 1 AND o."Timeout" <= @now
info: Onion.CleanArchitecture.WebApp.Server.Services.MicroserviceLauncherHostedService[0]
      [OrderAcceptService] info: Microsoft.EntityFrameworkCore.Database.Command[20101]
info: Onion.CleanArchitecture.WebApp.Server.Services.MicroserviceLauncherHostedService[0]
      [OrderAcceptService]       Executed DbCommand (1ms) [Parameters=[@now='?' (DbType = DateTime)], CommandType='Text', CommandTimeout='30']
info: Onion.CleanArchitecture.WebApp.Server.Services.MicroserviceLauncherHostedService[0]
      [OrderAcceptService]       SELECT o."Id", o."CreatedAt", o."CreatedBy", o."LastModifiedAt", o."LastModifiedBy", o."OrderId", o."Status", o."Timeout", o."TimerId", o."TimerStatus"
info: Onion.CleanArchitecture.WebApp.Server.Services.MicroserviceLauncherHostedService[0]
      [OrderAcceptService]       FROM "OrderTimers" AS o
info: Onion.CleanArchitecture.WebApp.Server.Services.MicroserviceLauncherHostedService[0]
      [OrderAcceptService]       WHERE o."TimerStatus" = 1 AND o."Timeout" <= @now
info: Onion.CleanArchitecture.WebApp.Server.Services.MicroserviceLauncherHostedService[0]
      [OrderAcceptService] info: Microsoft.EntityFrameworkCore.Database.Command[20101]
info: Onion.CleanArchitecture.WebApp.Server.Services.MicroserviceLauncherHostedService[0]
      [OrderAcceptService]       Executed DbCommand (3ms) [Parameters=[@now='?' (DbType = DateTime)], CommandType='Text', CommandTimeout='30']
info: Onion.CleanArchitecture.WebApp.Server.Services.MicroserviceLauncherHostedService[0]
      [OrderAcceptService]       SELECT o."Id", o."CreatedAt", o."CreatedBy", o."LastModifiedAt", o."LastModifiedBy", o."OrderId", o."Status", o."Timeout", o."TimerId", o."TimerStatus"
info: Onion.CleanArchitecture.WebApp.Server.Services.MicroserviceLauncherHostedService[0]
      [OrderAcceptService]       FROM "OrderTimers" AS o
info: Onion.CleanArchitecture.WebApp.Server.Services.MicroserviceLauncherHostedService[0]
      [OrderAcceptService]       WHERE o."TimerStatus" = 1 AND o."Timeout" <= @now
info: Microsoft.EntityFrameworkCore.Database.Command[20101]
      Executed DbCommand (23ms) [Parameters=[@orderId='?' (DbType = Guid)], CommandType='Text', CommandTimeout='30']
      SELECT o."Id", o."CompletedAt", o."CreatedAt", o."CreatedBy", o."CustomerId", o."IsReserved", o."LastModifiedAt", o."LastModifiedBy", o."Note", o."OrderCode", o."OrderId", o."RejectedAt", o."ShippingAddress", o."Status", o."TotalAmount", o."UpdatedAt"
      FROM "Orders" AS o
      WHERE o."OrderId" = @orderId
      ORDER BY o."Id"
      LIMIT 1
info: Microsoft.EntityFrameworkCore.Database.Command[20101]
      Executed DbCommand (9ms) [Parameters=[@orderId='?' (DbType = Guid)], CommandType='Text', CommandTimeout='30']
      SELECT o0."Id", o0."CreatedAt", o0."CreatedBy", o0."LastModifiedAt", o0."LastModifiedBy", o0."OrderId", o0."OrderItemId", o0."ProductId", o0."ProductName", o0."Quantity", o0."UnitPrice", o1."Id"
      FROM (
          SELECT o."Id", o."OrderId"
          FROM "Orders" AS o
          WHERE o."OrderId" = @orderId
          ORDER BY o."Id"
          LIMIT 1
      ) AS o1
      INNER JOIN "OrderItems" AS o0 ON o1."OrderId" = o0."OrderId"
      ORDER BY o1."Id"
info: Onion.CleanArchitecture.WebApp.Server.Services.MicroserviceLauncherHostedService[0]
      [OrderAcceptService] info: Microsoft.EntityFrameworkCore.Database.Command[20101]
info: Onion.CleanArchitecture.WebApp.Server.Services.MicroserviceLauncherHostedService[0]
      [OrderAcceptService]       Executed DbCommand (1ms) [Parameters=[@now='?' (DbType = DateTime)], CommandType='Text', CommandTimeout='30']
info: Onion.CleanArchitecture.WebApp.Server.Services.MicroserviceLauncherHostedService[0]
      [OrderAcceptService]       SELECT o."Id", o."CreatedAt", o."CreatedBy", o."LastModifiedAt", o."LastModifiedBy", o."OrderId", o."Status", o."Timeout", o."TimerId", o."TimerStatus"
info: Onion.CleanArchitecture.WebApp.Server.Services.MicroserviceLauncherHostedService[0]
      [OrderAcceptService]       FROM "OrderTimers" AS o
info: Onion.CleanArchitecture.WebApp.Server.Services.MicroserviceLauncherHostedService[0]
      [OrderAcceptService]       WHERE o."TimerStatus" = 1 AND o."Timeout" <= @now
info: Microsoft.EntityFrameworkCore.Database.Command[20101]
      Executed DbCommand (3ms) [Parameters=[@orderId='?' (DbType = Guid)], CommandType='Text', CommandTimeout='30']
      SELECT o."Id", o."CompletedAt", o."CreatedAt", o."CreatedBy", o."CustomerId", o."IsReserved", o."LastModifiedAt", o."LastModifiedBy", o."Note", o."OrderCode", o."OrderId", o."RejectedAt", o."ShippingAddress", o."Status", o."TotalAmount", o."UpdatedAt"
      FROM "Orders" AS o
      WHERE o."OrderId" = @orderId
      ORDER BY o."Id"
      LIMIT 1
info: Microsoft.EntityFrameworkCore.Database.Command[20101]
      Executed DbCommand (1ms) [Parameters=[@orderId='?' (DbType = Guid)], CommandType='Text', CommandTimeout='30']
      SELECT o0."Id", o0."CreatedAt", o0."CreatedBy", o0."LastModifiedAt", o0."LastModifiedBy", o0."OrderId", o0."OrderItemId", o0."ProductId", o0."ProductName", o0."Quantity", o0."UnitPrice", o1."Id"
      FROM (
          SELECT o."Id", o."OrderId"
          FROM "Orders" AS o
          WHERE o."OrderId" = @orderId
          ORDER BY o."Id"
          LIMIT 1
      ) AS o1
      INNER JOIN "OrderItems" AS o0 ON o1."OrderId" = o0."OrderId"
      ORDER BY o1."Id"
info: Onion.CleanArchitecture.WebApp.Server.Services.MicroserviceLauncherHostedService[0]
      [OrderAcceptService] info: Microsoft.EntityFrameworkCore.Database.Command[20101]
info: Onion.CleanArchitecture.WebApp.Server.Services.MicroserviceLauncherHostedService[0]
      [OrderAcceptService]       Executed DbCommand (2ms) [Parameters=[@now='?' (DbType = DateTime)], CommandType='Text', CommandTimeout='30']
info: Onion.CleanArchitecture.WebApp.Server.Services.MicroserviceLauncherHostedService[0]
      [OrderAcceptService]       SELECT o."Id", o."CreatedAt", o."CreatedBy", o."LastModifiedAt", o."LastModifiedBy", o."OrderId", o."Status", o."Timeout", o."TimerId", o."TimerStatus"
info: Onion.CleanArchitecture.WebApp.Server.Services.MicroserviceLauncherHostedService[0]
      [OrderAcceptService]       FROM "OrderTimers" AS o
info: Onion.CleanArchitecture.WebApp.Server.Services.MicroserviceLauncherHostedService[0]
      [OrderAcceptService]       WHERE o."TimerStatus" = 1 AND o."Timeout" <= @now
info: Onion.CleanArchitecture.WebApp.Server.Services.MicroserviceLauncherHostedService[0]
      [OrderAcceptService] info: Microsoft.EntityFrameworkCore.Database.Command[20101]
info: Onion.CleanArchitecture.WebApp.Server.Services.MicroserviceLauncherHostedService[0]
      [OrderAcceptService]       Executed DbCommand (1ms) [Parameters=[@now='?' (DbType = DateTime)], CommandType='Text', CommandTimeout='30']
info: Onion.CleanArchitecture.WebApp.Server.Services.MicroserviceLauncherHostedService[0]
      [OrderAcceptService]       SELECT o."Id", o."CreatedAt", o."CreatedBy", o."LastModifiedAt", o."LastModifiedBy", o."OrderId", o."Status", o."Timeout", o."TimerId", o."TimerStatus"
info: Onion.CleanArchitecture.WebApp.Server.Services.MicroserviceLauncherHostedService[0]
      [OrderAcceptService]       FROM "OrderTimers" AS o
info: Onion.CleanArchitecture.WebApp.Server.Services.MicroserviceLauncherHostedService[0]
      [OrderAcceptService]       WHERE o."TimerStatus" = 1 AND o."Timeout" <= @now
info: Microsoft.EntityFrameworkCore.Database.Command[20101]
      Executed DbCommand (11ms) [Parameters=[@orderId='?' (DbType = Guid)], CommandType='Text', CommandTimeout='30']
      SELECT o."Id", o."CompletedAt", o."CreatedAt", o."CreatedBy", o."CustomerId", o."IsReserved", o."LastModifiedAt", o."LastModifiedBy", o."Note", o."OrderCode", o."OrderId", o."RejectedAt", o."ShippingAddress", o."Status", o."TotalAmount", o."UpdatedAt"
      FROM "Orders" AS o
      WHERE o."OrderId" = @orderId
      ORDER BY o."Id"
      LIMIT 1
info: Microsoft.EntityFrameworkCore.Database.Command[20101]
      Executed DbCommand (7ms) [Parameters=[@orderId='?' (DbType = Guid)], CommandType='Text', CommandTimeout='30']
      SELECT o0."Id", o0."CreatedAt", o0."CreatedBy", o0."LastModifiedAt", o0."LastModifiedBy", o0."OrderId", o0."OrderItemId", o0."ProductId", o0."ProductName", o0."Quantity", o0."UnitPrice", o1."Id"
      FROM (
          SELECT o."Id", o."OrderId"
          FROM "Orders" AS o
          WHERE o."OrderId" = @orderId
          ORDER BY o."Id"
          LIMIT 1
      ) AS o1
      INNER JOIN "OrderItems" AS o0 ON o1."OrderId" = o0."OrderId"
      ORDER BY o1."Id"
info: Microsoft.EntityFrameworkCore.Database.Command[20101]
      Executed DbCommand (1ms) [Parameters=[@orderId='?' (DbType = Guid)], CommandType='Text', CommandTimeout='30']
      SELECT o."Id", o."CompletedAt", o."CreatedAt", o."CreatedBy", o."CustomerId", o."IsReserved", o."LastModifiedAt", o."LastModifiedBy", o."Note", o."OrderCode", o."OrderId", o."RejectedAt", o."ShippingAddress", o."Status", o."TotalAmount", o."UpdatedAt"
      FROM "Orders" AS o
      WHERE o."OrderId" = @orderId
      ORDER BY o."Id"
      LIMIT 1
info: Microsoft.EntityFrameworkCore.Database.Command[20101]
      Executed DbCommand (1ms) [Parameters=[@orderId='?' (DbType = Guid)], CommandType='Text', CommandTimeout='30']
      SELECT o0."Id", o0."CreatedAt", o0."CreatedBy", o0."LastModifiedAt", o0."LastModifiedBy", o0."OrderId", o0."OrderItemId", o0."ProductId", o0."ProductName", o0."Quantity", o0."UnitPrice", o1."Id"
      FROM (
          SELECT o."Id", o."OrderId"
          FROM "Orders" AS o
          WHERE o."OrderId" = @orderId
          ORDER BY o."Id"
          LIMIT 1
      ) AS o1
      INNER JOIN "OrderItems" AS o0 ON o1."OrderId" = o0."OrderId"
      ORDER BY o1."Id"
info: Onion.CleanArchitecture.WebApp.Server.Services.MicroserviceLauncherHostedService[0]
      [OrderAcceptService] info: Microsoft.EntityFrameworkCore.Database.Command[20101]
info: Onion.CleanArchitecture.WebApp.Server.Services.MicroserviceLauncherHostedService[0]
      [OrderAcceptService]       Executed DbCommand (5ms) [Parameters=[@now='?' (DbType = DateTime)], CommandType='Text', CommandTimeout='30']
info: Onion.CleanArchitecture.WebApp.Server.Services.MicroserviceLauncherHostedService[0]
      [OrderAcceptService]       SELECT o."Id", o."CreatedAt", o."CreatedBy", o."LastModifiedAt", o."LastModifiedBy", o."OrderId", o."Status", o."Timeout", o."TimerId", o."TimerStatus"
info: Onion.CleanArchitecture.WebApp.Server.Services.MicroserviceLauncherHostedService[0]
      [OrderAcceptService]       FROM "OrderTimers" AS o
info: Onion.CleanArchitecture.WebApp.Server.Services.MicroserviceLauncherHostedService[0]
      [OrderAcceptService]       WHERE o."TimerStatus" = 1 AND o."Timeout" <= @now
info: Microsoft.EntityFrameworkCore.Database.Command[20101]
      Executed DbCommand (1ms) [Parameters=[@orderId='?' (DbType = Guid)], CommandType='Text', CommandTimeout='30']
      SELECT o."Id", o."CompletedAt", o."CreatedAt", o."CreatedBy", o."CustomerId", o."IsReserved", o."LastModifiedAt", o."LastModifiedBy", o."Note", o."OrderCode", o."OrderId", o."RejectedAt", o."ShippingAddress", o."Status", o."TotalAmount", o."UpdatedAt"
      FROM "Orders" AS o
      WHERE o."OrderId" = @orderId
      ORDER BY o."Id"
      LIMIT 1
info: Microsoft.EntityFrameworkCore.Database.Command[20101]
      Executed DbCommand (1ms) [Parameters=[@orderId='?' (DbType = Guid)], CommandType='Text', CommandTimeout='30']
      SELECT o0."Id", o0."CreatedAt", o0."CreatedBy", o0."LastModifiedAt", o0."LastModifiedBy", o0."OrderId", o0."OrderItemId", o0."ProductId", o0."ProductName", o0."Quantity", o0."UnitPrice", o1."Id"
      FROM (
          SELECT o."Id", o."OrderId"
          FROM "Orders" AS o
          WHERE o."OrderId" = @orderId
          ORDER BY o."Id"
          LIMIT 1
      ) AS o1
      INNER JOIN "OrderItems" AS o0 ON o1."OrderId" = o0."OrderId"
      ORDER BY o1."Id"
info: Microsoft.EntityFrameworkCore.Database.Command[20101]
      Executed DbCommand (2ms) [Parameters=[], CommandType='Text', CommandTimeout='30']
      SELECT count(*)::int
      FROM "Orders" AS o
info: Microsoft.EntityFrameworkCore.Database.Command[20101]
      Executed DbCommand (1ms) [Parameters=[@p1='?' (DbType = Int32), @p='?' (DbType = Int32)], CommandType='Text', CommandTimeout='30']
      SELECT o."Id", o."CompletedAt", o."CreatedAt", o."CreatedBy", o."CustomerId", o."IsReserved", o."LastModifiedAt", o."LastModifiedBy", o."Note", o."OrderCode", o."OrderId", o."RejectedAt", o."ShippingAddress", o."Status", o."TotalAmount", o."UpdatedAt"
      FROM "Orders" AS o
      ORDER BY o."CreatedAt" DESC
      LIMIT @p1 OFFSET @p
info: Microsoft.EntityFrameworkCore.Database.Command[20101]
      Executed DbCommand (7ms) [Parameters=[], CommandType='Text', CommandTimeout='30']
      SELECT count(*)::int
      FROM "Product" AS p
info: Microsoft.EntityFrameworkCore.Database.Command[20101]
      Executed DbCommand (2ms) [Parameters=[@p1='?' (DbType = Int32), @p='?' (DbType = Int32)], CommandType='Text', CommandTimeout='30']
      SELECT p."Id", p."Code", p."CreatedAt", p."CreatedBy", p."Description", p."IsActive", p."LastModifiedAt", p."LastModifiedBy", p."Name", p."Price", p."ProductId", p."Rate", p."SLTKho"
      FROM "Product" AS p
      ORDER BY p."Id" DESC
      LIMIT @p1 OFFSET @p
info: Microsoft.EntityFrameworkCore.Database.Command[20101]
      Executed DbCommand (20ms) [Parameters=[], CommandType='Text', CommandTimeout='30']
      SELECT count(*)::int
      FROM (
          SELECT DISTINCT s."Id", s."UserName", s."Email", s."RoleId", s."FirstName", s."LastName", s."PhoneNumber", s."EmailConfirmed"
          FROM (
              SELECT DISTINCT u."Id", u."UserName", u."Email", u0."RoleId", u."FirstName", u."LastName", u."PhoneNumber", u."EmailConfirmed"
              FROM "Identity"."User" AS u
              INNER JOIN "Identity"."UserRoles" AS u0 ON u."Id" = u0."UserId"
          ) AS s
      ) AS s0
info: Microsoft.EntityFrameworkCore.Database.Command[20101]
      Executed DbCommand (4ms) [Parameters=[@p1='?' (DbType = Int32), @p='?' (DbType = Int32)], CommandType='Text', CommandTimeout='30']
      SELECT s0."Id", s0."UserName", s0."Email", s0."RoleId", s0."FirstName", s0."LastName", s0."PhoneNumber", s0."EmailConfirmed"
      FROM (
          SELECT DISTINCT s."Id", s."UserName", s."Email", s."RoleId", s."FirstName", s."LastName", s."PhoneNumber", s."EmailConfirmed"
          FROM (
              SELECT DISTINCT u."Id", u."UserName", u."Email", u0."RoleId", u."FirstName", u."LastName", u."PhoneNumber", u."EmailConfirmed"
              FROM "Identity"."User" AS u
              INNER JOIN "Identity"."UserRoles" AS u0 ON u."Id" = u0."UserId"
          ) AS s
      ) AS s0
      LIMIT @p1 OFFSET @p
info: Microsoft.EntityFrameworkCore.Database.Command[20101]
      Executed DbCommand (5ms) [Parameters=[@request_id='?' (DbType = Object)], CommandType='Text', CommandTimeout='30']
      SELECT u."Id", u."AccessFailedCount", u."ConcurrencyStamp", u."Email", u."EmailConfirmed", u."FirstName", u."LastName", u."LockoutEnabled", u."LockoutEnd", u."NormalizedEmail", u."NormalizedUserName", u."PasswordHash", u."PhoneNumber", u."PhoneNumberConfirmed", u."SecurityStamp", u."TwoFactorEnabled", u."UserName"
      FROM "Identity"."User" AS u
      WHERE u."Id" = ANY (@request_id)
info: Microsoft.EntityFrameworkCore.Database.Command[20101]
      Executed DbCommand (1ms) [Parameters=[@code='?'], CommandType='Text', CommandTimeout='30']
      SELECT NOT EXISTS (
          SELECT 1
          FROM "Product" AS p
          WHERE p."Code" = @code)
info: Microsoft.EntityFrameworkCore.Database.Command[20101]
      Executed DbCommand (1ms) [Parameters=[@code='?'], CommandType='Text', CommandTimeout='30']
      SELECT NOT EXISTS (
          SELECT 1
          FROM "Product" AS p
          WHERE p."Code" = @code)
info: Microsoft.EntityFrameworkCore.Database.Command[20101]
      Executed DbCommand (8ms) [Parameters=[@p0='?', @p1='?' (DbType = DateTime), @p2='?', @p3='?', @p4='?' (DbType = Boolean), @p5='?' (DbType = DateTime), @p6='?', @p7='?', @p8='?' (DbType = Decimal), @p9='?' (DbType = Guid), @p10='?' (DbType = Decimal), @p11='?' (DbType = Int32)], CommandType='Text', CommandTimeout='30']
      INSERT INTO "Product" ("Code", "CreatedAt", "CreatedBy", "Description", "IsActive", "LastModifiedAt", "LastModifiedBy", "Name", "Price", "ProductId", "Rate", "SLTKho")
      VALUES (@p0, @p1, @p2, @p3, @p4, @p5, @p6, @p7, @p8, @p9, @p10, @p11)
      RETURNING "Id";
info: Microsoft.EntityFrameworkCore.Database.Command[20101]
      Executed DbCommand (1ms) [Parameters=[], CommandType='Text', CommandTimeout='30']
      SELECT count(*)::int
      FROM "Product" AS p
info: Microsoft.EntityFrameworkCore.Database.Command[20101]
      Executed DbCommand (1ms) [Parameters=[@p1='?' (DbType = Int32), @p='?' (DbType = Int32)], CommandType='Text', CommandTimeout='30']
      SELECT p."Id", p."Code", p."CreatedAt", p."CreatedBy", p."Description", p."IsActive", p."LastModifiedAt", p."LastModifiedBy", p."Name", p."Price", p."ProductId", p."Rate", p."SLTKho"
      FROM "Product" AS p
      ORDER BY p."Id" DESC
      LIMIT @p1 OFFSET @p
info: Microsoft.EntityFrameworkCore.Database.Command[20101]
      Executed DbCommand (1ms) [Parameters=[@request_id='?' (DbType = Object)], CommandType='Text', CommandTimeout='30']
      SELECT u."Id", u."AccessFailedCount", u."ConcurrencyStamp", u."Email", u."EmailConfirmed", u."FirstName", u."LastName", u."LockoutEnabled", u."LockoutEnd", u."NormalizedEmail", u."NormalizedUserName", u."PasswordHash", u."PhoneNumber", u."PhoneNumberConfirmed", u."SecurityStamp", u."TwoFactorEnabled", u."UserName"
      FROM "Identity"."User" AS u
      WHERE u."Id" = ANY (@request_id)
info: Microsoft.EntityFrameworkCore.Database.Command[20101]
      Executed DbCommand (3ms) [Parameters=[], CommandType='Text', CommandTimeout='30']
      SELECT count(*)::int
      FROM (
          SELECT DISTINCT s."Id", s."UserName", s."Email", s."RoleId", s."FirstName", s."LastName", s."PhoneNumber", s."EmailConfirmed"
          FROM (
              SELECT DISTINCT u."Id", u."UserName", u."Email", u0."RoleId", u."FirstName", u."LastName", u."PhoneNumber", u."EmailConfirmed"
              FROM "Identity"."User" AS u
              INNER JOIN "Identity"."UserRoles" AS u0 ON u."Id" = u0."UserId"
          ) AS s
      ) AS s0
info: Microsoft.EntityFrameworkCore.Database.Command[20101]
      Executed DbCommand (6ms) [Parameters=[@p1='?' (DbType = Int32), @p='?' (DbType = Int32)], CommandType='Text', CommandTimeout='30']
      SELECT s0."Id", s0."UserName", s0."Email", s0."RoleId", s0."FirstName", s0."LastName", s0."PhoneNumber", s0."EmailConfirmed"
      FROM (
          SELECT DISTINCT s."Id", s."UserName", s."Email", s."RoleId", s."FirstName", s."LastName", s."PhoneNumber", s."EmailConfirmed"
          FROM (
              SELECT DISTINCT u."Id", u."UserName", u."Email", u0."RoleId", u."FirstName", u."LastName", u."PhoneNumber", u."EmailConfirmed"
              FROM "Identity"."User" AS u
              INNER JOIN "Identity"."UserRoles" AS u0 ON u."Id" = u0."UserId"
          ) AS s
      ) AS s0
      LIMIT @p1 OFFSET @p
info: Onion.CleanArchitecture.WebApp.Server.Services.MicroserviceLauncherHostedService[0]
      [OrderAcceptService] info: Microsoft.EntityFrameworkCore.Database.Command[20101]
info: Onion.CleanArchitecture.WebApp.Server.Services.MicroserviceLauncherHostedService[0]
      [OrderAcceptService]       Executed DbCommand (1ms) [Parameters=[@now='?' (DbType = DateTime)], CommandType='Text', CommandTimeout='30']
info: Onion.CleanArchitecture.WebApp.Server.Services.MicroserviceLauncherHostedService[0]
      [OrderAcceptService]       SELECT o."Id", o."CreatedAt", o."CreatedBy", o."LastModifiedAt", o."LastModifiedBy", o."OrderId", o."Status", o."Timeout", o."TimerId", o."TimerStatus"
info: Onion.CleanArchitecture.WebApp.Server.Services.MicroserviceLauncherHostedService[0]
      [OrderAcceptService]       FROM "OrderTimers" AS o
info: Onion.CleanArchitecture.WebApp.Server.Services.MicroserviceLauncherHostedService[0]
      [OrderAcceptService]       WHERE o."TimerStatus" = 1 AND o."Timeout" <= @now
info: Microsoft.EntityFrameworkCore.Database.Command[20101]
      Executed DbCommand (1ms) [Parameters=[], CommandType='Text', CommandTimeout='30']
      SELECT count(*)::int
      FROM "Orders" AS o
info: Microsoft.EntityFrameworkCore.Database.Command[20101]
      Executed DbCommand (1ms) [Parameters=[@p1='?' (DbType = Int32), @p='?' (DbType = Int32)], CommandType='Text', CommandTimeout='30']
      SELECT o."Id", o."CompletedAt", o."CreatedAt", o."CreatedBy", o."CustomerId", o."IsReserved", o."LastModifiedAt", o."LastModifiedBy", o."Note", o."OrderCode", o."OrderId", o."RejectedAt", o."ShippingAddress", o."Status", o."TotalAmount", o."UpdatedAt"
      FROM "Orders" AS o
      ORDER BY o."CreatedAt" DESC
      LIMIT @p1 OFFSET @p
info: Microsoft.EntityFrameworkCore.Database.Command[20101]
      Executed DbCommand (1ms) [Parameters=[], CommandType='Text', CommandTimeout='30']
      SELECT count(*)::int
      FROM "Product" AS p
info: Microsoft.EntityFrameworkCore.Database.Command[20101]
      Executed DbCommand (1ms) [Parameters=[@p1='?' (DbType = Int32), @p='?' (DbType = Int32)], CommandType='Text', CommandTimeout='30']
      SELECT p."Id", p."Code", p."CreatedAt", p."CreatedBy", p."Description", p."IsActive", p."LastModifiedAt", p."LastModifiedBy", p."Name", p."Price", p."ProductId", p."Rate", p."SLTKho"
      FROM "Product" AS p
      ORDER BY p."Id"
      LIMIT @p1 OFFSET @p
info: Microsoft.EntityFrameworkCore.Database.Command[20101]
      Executed DbCommand (1ms) [Parameters=[@productId='?' (DbType = Guid)], CommandType='Text', CommandTimeout='30']
      SELECT p."Id", p."Code", p."CreatedAt", p."CreatedBy", p."Description", p."IsActive", p."LastModifiedAt", p."LastModifiedBy", p."Name", p."Price", p."ProductId", p."Rate", p."SLTKho"
      FROM "Product" AS p
      WHERE p."ProductId" = @productId
      LIMIT 1
info: Microsoft.EntityFrameworkCore.Database.Command[20101]
      Executed DbCommand (4ms) [Parameters=[@p0='?' (DbType = DateTime), @p1='?' (DbType = DateTime), @p2='?', @p3='?', @p4='?' (DbType = Boolean), @p5='?' (DbType = DateTime), @p6='?', @p7='?', @p8='?', @p9='?' (DbType = Guid), @p10='?' (DbType = DateTime), @p11='?', @p12='?' (DbType = Int32), @p13='?' (DbType = Decimal), @p14='?' (DbType = DateTime), @p15='?' (DbType = DateTime), @p16='?', @p17='?' (DbType = DateTime), @p18='?', @p19='?' (DbType = Guid), @p20='?' (DbType = Guid), @p21='?' (DbType = Guid), @p22='?', @p23='?' (DbType = Int32), @p24='?' (DbType = Decimal)], CommandType='Text', CommandTimeout='30']
      INSERT INTO "Orders" ("CompletedAt", "CreatedAt", "CreatedBy", "CustomerId", "IsReserved", "LastModifiedAt", "LastModifiedBy", "Note", "OrderCode", "OrderId", "RejectedAt", "ShippingAddress", "Status", "TotalAmount", "UpdatedAt")
      VALUES (@p0, @p1, @p2, @p3, @p4, @p5, @p6, @p7, @p8, @p9, @p10, @p11, @p12, @p13, @p14)
      RETURNING "Id";
      INSERT INTO "OrderItems" ("CreatedAt", "CreatedBy", "LastModifiedAt", "LastModifiedBy", "OrderId", "OrderItemId", "ProductId", "ProductName", "Quantity", "UnitPrice")
      VALUES (@p15, @p16, @p17, @p18, @p19, @p20, @p21, @p22, @p23, @p24)
      RETURNING "Id";
info: Onion.CleanArchitecture.WebApp.Server.Services.MicroserviceLauncherHostedService[0]
      [OrderOrchestration] info: Microsoft.EntityFrameworkCore.Database.Command[20101]
info: Onion.CleanArchitecture.WebApp.Server.Services.MicroserviceLauncherHostedService[0]
      [OrderOrchestration]       Executed DbCommand (25ms) [Parameters=[p0='?' (DbType = Guid)], CommandType='Text', CommandTimeout='30']
info: Onion.CleanArchitecture.WebApp.Server.Services.MicroserviceLauncherHostedService[0]
      [OrderOrchestration]       SELECT o."CorrelationId", o."CreatedAt", o."CurrentState", o."CustomerId", o."ErrorReason", o."IsTimeout", o."Items", o."NeedReleaseInventory", o."TotalAmount"
info: Onion.CleanArchitecture.WebApp.Server.Services.MicroserviceLauncherHostedService[0]
      [OrderOrchestration]       FROM (
info: Onion.CleanArchitecture.WebApp.Server.Services.MicroserviceLauncherHostedService[0]
      [OrderOrchestration]           SELECT *, xmin FROM "OrderState" WHERE "CorrelationId" = @p0 FOR UPDATE
info: Onion.CleanArchitecture.WebApp.Server.Services.MicroserviceLauncherHostedService[0]
      [OrderOrchestration]       ) AS o
info: Onion.CleanArchitecture.WebApp.Server.Services.MicroserviceLauncherHostedService[0]
      [OrderOrchestration]       LIMIT 2
info: Microsoft.EntityFrameworkCore.Database.Command[20101]
      Executed DbCommand (1ms) [Parameters=[], CommandType='Text', CommandTimeout='30']
      SELECT count(*)::int
      FROM "Orders" AS o
info: Microsoft.EntityFrameworkCore.Database.Command[20101]
      Executed DbCommand (1ms) [Parameters=[@p1='?' (DbType = Int32), @p='?' (DbType = Int32)], CommandType='Text', CommandTimeout='30']
      SELECT o."Id", o."CompletedAt", o."CreatedAt", o."CreatedBy", o."CustomerId", o."IsReserved", o."LastModifiedAt", o."LastModifiedBy", o."Note", o."OrderCode", o."OrderId", o."RejectedAt", o."ShippingAddress", o."Status", o."TotalAmount", o."UpdatedAt"
      FROM "Orders" AS o
      ORDER BY o."CreatedAt" DESC
      LIMIT @p1 OFFSET @p
info: Onion.CleanArchitecture.WebApp.Server.Services.MicroserviceLauncherHostedService[0]
      [OrderOrchestration] info: Microsoft.EntityFrameworkCore.Database.Command[20101]
info: Onion.CleanArchitecture.WebApp.Server.Services.MicroserviceLauncherHostedService[0]
      [OrderOrchestration]       Executed DbCommand (3ms) [Parameters=[@p0='?' (DbType = Guid), @p1='?' (DbType = DateTime), @p2='?', @p3='?' (DbType = Guid), @p4='?', @p5='?' (DbType = Boolean), @p6='?' (DbType = Object), @p7='?' (DbType = Boolean), @p8='?' (DbType = Decimal)], CommandType='Text', CommandTimeout='30']
info: Onion.CleanArchitecture.WebApp.Server.Services.MicroserviceLauncherHostedService[0]
      [OrderOrchestration]       INSERT INTO "OrderState" ("CorrelationId", "CreatedAt", "CurrentState", "CustomerId", "ErrorReason", "IsTimeout", "Items", "NeedReleaseInventory", "TotalAmount")
info: Onion.CleanArchitecture.WebApp.Server.Services.MicroserviceLauncherHostedService[0]
      [OrderOrchestration]       VALUES (@p0, @p1, @p2, @p3, @p4, @p5, @p6, @p7, @p8);
info: Onion.CleanArchitecture.WebApp.Server.Services.MicroserviceLauncherHostedService[0]
      [OrderSubmitService] info: OrderSubmitService.OrderSubmitConsumer[0]
info: Onion.CleanArchitecture.WebApp.Server.Services.MicroserviceLauncherHostedService[0]
      [OrderSubmitService]       Nhận ValidateOrderCommand OrderId=8b67a0a9-ebf9-464f-b1e9-9f37c683ec7b
info: Onion.CleanArchitecture.WebApp.Server.Services.MicroserviceLauncherHostedService[0]
      [OrderSubmitService] info: Microsoft.EntityFrameworkCore.Database.Command[20101]
info: Onion.CleanArchitecture.WebApp.Server.Services.MicroserviceLauncherHostedService[0]
      [OrderSubmitService]       Executed DbCommand (20ms) [Parameters=[@orderId='?' (DbType = Guid)], CommandType='Text', CommandTimeout='30']
info: Onion.CleanArchitecture.WebApp.Server.Services.MicroserviceLauncherHostedService[0]
      [OrderSubmitService]       SELECT o."Id", o."CompletedAt", o."CreatedAt", o."CreatedBy", o."CustomerId", o."IsReserved", o."LastModifiedAt", o."LastModifiedBy", o."Note", o."OrderCode", o."OrderId", o."RejectedAt", o."ShippingAddress", o."Status", o."TotalAmount", o."UpdatedAt"
info: Onion.CleanArchitecture.WebApp.Server.Services.MicroserviceLauncherHostedService[0]
      [OrderSubmitService]       FROM "Orders" AS o
info: Onion.CleanArchitecture.WebApp.Server.Services.MicroserviceLauncherHostedService[0]
      [OrderSubmitService]       WHERE o."OrderId" = @orderId
info: Onion.CleanArchitecture.WebApp.Server.Services.MicroserviceLauncherHostedService[0]
      [OrderSubmitService]       ORDER BY o."Id"
info: Onion.CleanArchitecture.WebApp.Server.Services.MicroserviceLauncherHostedService[0]
      [OrderSubmitService]       LIMIT 1
info: Onion.CleanArchitecture.WebApp.Server.Services.MicroserviceLauncherHostedService[0]
      [OrderSubmitService] info: Microsoft.EntityFrameworkCore.Database.Command[20101]
info: Onion.CleanArchitecture.WebApp.Server.Services.MicroserviceLauncherHostedService[0]
      [OrderSubmitService]       Executed DbCommand (4ms) [Parameters=[@orderId='?' (DbType = Guid)], CommandType='Text', CommandTimeout='30']
info: Onion.CleanArchitecture.WebApp.Server.Services.MicroserviceLauncherHostedService[0]
      [OrderSubmitService]       SELECT o0."Id", o0."CreatedAt", o0."CreatedBy", o0."LastModifiedAt", o0."LastModifiedBy", o0."OrderId", o0."OrderItemId", o0."ProductId", o0."ProductName", o0."Quantity", o0."UnitPrice", o1."Id"
info: Onion.CleanArchitecture.WebApp.Server.Services.MicroserviceLauncherHostedService[0]
      [OrderSubmitService]       FROM (
info: Onion.CleanArchitecture.WebApp.Server.Services.MicroserviceLauncherHostedService[0]
      [OrderSubmitService]           SELECT o."Id", o."OrderId"
info: Onion.CleanArchitecture.WebApp.Server.Services.MicroserviceLauncherHostedService[0]
      [OrderSubmitService]           FROM "Orders" AS o
info: Onion.CleanArchitecture.WebApp.Server.Services.MicroserviceLauncherHostedService[0]
      [OrderSubmitService]           WHERE o."OrderId" = @orderId
info: Onion.CleanArchitecture.WebApp.Server.Services.MicroserviceLauncherHostedService[0]
      [OrderSubmitService]           ORDER BY o."Id"
info: Onion.CleanArchitecture.WebApp.Server.Services.MicroserviceLauncherHostedService[0]
      [OrderSubmitService]           LIMIT 1
info: Onion.CleanArchitecture.WebApp.Server.Services.MicroserviceLauncherHostedService[0]
      [OrderSubmitService]       ) AS o1
info: Onion.CleanArchitecture.WebApp.Server.Services.MicroserviceLauncherHostedService[0]
      [OrderSubmitService]       INNER JOIN "OrderItems" AS o0 ON o1."OrderId" = o0."OrderId"
info: Onion.CleanArchitecture.WebApp.Server.Services.MicroserviceLauncherHostedService[0]
      [OrderSubmitService]       ORDER BY o1."Id"
info: Onion.CleanArchitecture.WebApp.Server.Services.MicroserviceLauncherHostedService[0]
      [OrderSubmitService] info: Microsoft.EntityFrameworkCore.Database.Command[20101]
info: Onion.CleanArchitecture.WebApp.Server.Services.MicroserviceLauncherHostedService[0]
      [OrderSubmitService]       Executed DbCommand (1ms) [Parameters=[@productId='?' (DbType = Guid)], CommandType='Text', CommandTimeout='30']
info: Onion.CleanArchitecture.WebApp.Server.Services.MicroserviceLauncherHostedService[0]
      [OrderSubmitService]       SELECT p."Id", p."Code", p."CreatedAt", p."CreatedBy", p."Description", p."IsActive", p."LastModifiedAt", p."LastModifiedBy", p."Name", p."Price", p."ProductId", p."Rate", p."SLTKho"
info: Onion.CleanArchitecture.WebApp.Server.Services.MicroserviceLauncherHostedService[0]
      [OrderSubmitService]       FROM "Product" AS p
info: Onion.CleanArchitecture.WebApp.Server.Services.MicroserviceLauncherHostedService[0]
      [OrderSubmitService]       WHERE p."ProductId" = @productId
info: Onion.CleanArchitecture.WebApp.Server.Services.MicroserviceLauncherHostedService[0]
      [OrderSubmitService]       LIMIT 1
info: Onion.CleanArchitecture.WebApp.Server.Services.MicroserviceLauncherHostedService[0]
      [OrderSubmitService] info: Microsoft.EntityFrameworkCore.Database.Command[20101]
info: Onion.CleanArchitecture.WebApp.Server.Services.MicroserviceLauncherHostedService[0]
      [OrderSubmitService]       Executed DbCommand (3ms) [Parameters=[@p14='?' (DbType = Int32), @p0='?' (DbType = DateTime), @p1='?' (DbType = DateTime), @p2='?', @p3='?', @p4='?' (DbType = Boolean), @p5='?' (DbType = DateTime), @p6='?', @p7='?', @p8='?', @p9='?' (DbType = DateTime), @p10='?', @p11='?' (DbType = Int32), @p12='?' (DbType = Decimal), @p13='?' (DbType = DateTime), @p27='?' (DbType = Int32), @p15='?', @p16='?' (DbType = DateTime), @p17='?', @p18='?', @p19='?' (DbType = Boolean), @p20='?' (DbType = DateTime), @p21='?', @p22='?', @p23='?' (DbType = Decimal), @p24='?' (DbType = Guid), @p25='?' (DbType = Decimal), @p26='?' (DbType = Int32)], CommandType='Text', CommandTimeout='30']
info: Onion.CleanArchitecture.WebApp.Server.Services.MicroserviceLauncherHostedService[0]
      [OrderSubmitService]       UPDATE "Orders" SET "CompletedAt" = @p0, "CreatedAt" = @p1, "CreatedBy" = @p2, "CustomerId" = @p3, "IsReserved" = @p4, "LastModifiedAt" = @p5, "LastModifiedBy" = @p6, "Note" = @p7, "OrderCode" = @p8, "RejectedAt" = @p9, "ShippingAddress" = @p10, "Status" = @p11, "TotalAmount" = @p12, "UpdatedAt" = @p13
info: Onion.CleanArchitecture.WebApp.Server.Services.MicroserviceLauncherHostedService[0]
      [OrderSubmitService]       WHERE "Id" = @p14;
info: Onion.CleanArchitecture.WebApp.Server.Services.MicroserviceLauncherHostedService[0]
      [OrderSubmitService]       UPDATE "Product" SET "Code" = @p15, "CreatedAt" = @p16, "CreatedBy" = @p17, "Description" = @p18, "IsActive" = @p19, "LastModifiedAt" = @p20, "LastModifiedBy" = @p21, "Name" = @p22, "Price" = @p23, "ProductId" = @p24, "Rate" = @p25, "SLTKho" = @p26
info: Onion.CleanArchitecture.WebApp.Server.Services.MicroserviceLauncherHostedService[0]
      [OrderSubmitService]       WHERE "Id" = @p27;
info: Onion.CleanArchitecture.WebApp.Server.Services.MicroserviceLauncherHostedService[0]
      [OrderSubmitService] info: Microsoft.EntityFrameworkCore.Database.Command[20101]
info: Onion.CleanArchitecture.WebApp.Server.Services.MicroserviceLauncherHostedService[0]
      [OrderSubmitService]       Executed DbCommand (2ms) [Parameters=[@p0='?', @p1='?' (DbType = DateTime), @p2='?', @p3='?', @p4='?' (DbType = Guid), @p5='?' (DbType = DateTime), @p6='?', @p7='?', @p8='?' (DbType = Guid), @p9='?' (DbType = Int32)], CommandType='Text', CommandTimeout='30']
info: Onion.CleanArchitecture.WebApp.Server.Services.MicroserviceLauncherHostedService[0]
      [OrderSubmitService]       INSERT INTO "OrderHistories" ("ConsumerName", "CreatedAt", "CreatedBy", "EventType", "HistoryId", "LastModifiedAt", "LastModifiedBy", "Message", "OrderId", "Status")
info: Onion.CleanArchitecture.WebApp.Server.Services.MicroserviceLauncherHostedService[0]
      [OrderSubmitService]       VALUES (@p0, @p1, @p2, @p3, @p4, @p5, @p6, @p7, @p8, @p9)
info: Onion.CleanArchitecture.WebApp.Server.Services.MicroserviceLauncherHostedService[0]
      [OrderSubmitService]       RETURNING "Id";
info: Onion.CleanArchitecture.WebApp.Server.Services.MicroserviceLauncherHostedService[0]
      [OrderSubmitService] info: OrderSubmitService.OrderSubmitConsumer[0]
info: Onion.CleanArchitecture.WebApp.Server.Services.MicroserviceLauncherHostedService[0]
      [OrderSubmitService]       Validate thành công OrderId=8b67a0a9-ebf9-464f-b1e9-9f37c683ec7b, đã giữ chỗ 1 sản phẩm. Saga sẽ gửi AcceptOrderCommand
info: Onion.CleanArchitecture.WebApp.Server.Services.MicroserviceLauncherHostedService[0]
      [OrderOrchestration] info: Microsoft.EntityFrameworkCore.Database.Command[20101]
info: Onion.CleanArchitecture.WebApp.Server.Services.MicroserviceLauncherHostedService[0]
      [OrderOrchestration]       Executed DbCommand (1ms) [Parameters=[p0='?' (DbType = Guid)], CommandType='Text', CommandTimeout='30']
info: Onion.CleanArchitecture.WebApp.Server.Services.MicroserviceLauncherHostedService[0]
      [OrderOrchestration]       SELECT o."CorrelationId", o."CreatedAt", o."CurrentState", o."CustomerId", o."ErrorReason", o."IsTimeout", o."Items", o."NeedReleaseInventory", o."TotalAmount"
info: Onion.CleanArchitecture.WebApp.Server.Services.MicroserviceLauncherHostedService[0]
      [OrderOrchestration]       FROM (
info: Onion.CleanArchitecture.WebApp.Server.Services.MicroserviceLauncherHostedService[0]
      [OrderOrchestration]           SELECT *, xmin FROM "OrderState" WHERE "CorrelationId" = @p0 FOR UPDATE
info: Onion.CleanArchitecture.WebApp.Server.Services.MicroserviceLauncherHostedService[0]
      [OrderOrchestration]       ) AS o
info: Onion.CleanArchitecture.WebApp.Server.Services.MicroserviceLauncherHostedService[0]
      [OrderOrchestration]       LIMIT 2
info: Onion.CleanArchitecture.WebApp.Server.Services.MicroserviceLauncherHostedService[0]
      [OrderOrchestration] info: Microsoft.EntityFrameworkCore.Database.Command[20101]
info: Onion.CleanArchitecture.WebApp.Server.Services.MicroserviceLauncherHostedService[0]
      [OrderOrchestration]       Executed DbCommand (1ms) [Parameters=[@p2='?' (DbType = Guid), @p0='?', @p1='?' (DbType = Boolean)], CommandType='Text', CommandTimeout='30']
info: Onion.CleanArchitecture.WebApp.Server.Services.MicroserviceLauncherHostedService[0]
      [OrderOrchestration]       UPDATE "OrderState" SET "CurrentState" = @p0, "NeedReleaseInventory" = @p1
info: Onion.CleanArchitecture.WebApp.Server.Services.MicroserviceLauncherHostedService[0]
      [OrderOrchestration]       WHERE "CorrelationId" = @p2;
info: Onion.CleanArchitecture.WebApp.Server.Services.MicroserviceLauncherHostedService[0]
      [OrderAcceptService] info: Microsoft.EntityFrameworkCore.Database.Command[20101]
info: Onion.CleanArchitecture.WebApp.Server.Services.MicroserviceLauncherHostedService[0]
      [OrderAcceptService]       Executed DbCommand (6ms) [Parameters=[@orderId='?' (DbType = Guid)], CommandType='Text', CommandTimeout='30']
info: Onion.CleanArchitecture.WebApp.Server.Services.MicroserviceLauncherHostedService[0]
      [OrderAcceptService]       SELECT o."Id", o."CompletedAt", o."CreatedAt", o."CreatedBy", o."CustomerId", o."IsReserved", o."LastModifiedAt", o."LastModifiedBy", o."Note", o."OrderCode", o."OrderId", o."RejectedAt", o."ShippingAddress", o."Status", o."TotalAmount", o."UpdatedAt"
info: Onion.CleanArchitecture.WebApp.Server.Services.MicroserviceLauncherHostedService[0]
      [OrderAcceptService]       FROM "Orders" AS o
info: Onion.CleanArchitecture.WebApp.Server.Services.MicroserviceLauncherHostedService[0]
      [OrderAcceptService]       WHERE o."OrderId" = @orderId
info: Onion.CleanArchitecture.WebApp.Server.Services.MicroserviceLauncherHostedService[0]
      [OrderAcceptService]       ORDER BY o."Id"
info: Onion.CleanArchitecture.WebApp.Server.Services.MicroserviceLauncherHostedService[0]
      [OrderAcceptService]       LIMIT 1
info: Onion.CleanArchitecture.WebApp.Server.Services.MicroserviceLauncherHostedService[0]
      [OrderAcceptService] info: Microsoft.EntityFrameworkCore.Database.Command[20101]
info: Onion.CleanArchitecture.WebApp.Server.Services.MicroserviceLauncherHostedService[0]
      [OrderAcceptService]       Executed DbCommand (6ms) [Parameters=[@orderId='?' (DbType = Guid)], CommandType='Text', CommandTimeout='30']
info: Onion.CleanArchitecture.WebApp.Server.Services.MicroserviceLauncherHostedService[0]
      [OrderAcceptService]       SELECT o0."Id", o0."CreatedAt", o0."CreatedBy", o0."LastModifiedAt", o0."LastModifiedBy", o0."OrderId", o0."OrderItemId", o0."ProductId", o0."ProductName", o0."Quantity", o0."UnitPrice", o1."Id"
info: Onion.CleanArchitecture.WebApp.Server.Services.MicroserviceLauncherHostedService[0]
      [OrderAcceptService]       FROM (
info: Onion.CleanArchitecture.WebApp.Server.Services.MicroserviceLauncherHostedService[0]
      [OrderAcceptService]           SELECT o."Id", o."OrderId"
info: Onion.CleanArchitecture.WebApp.Server.Services.MicroserviceLauncherHostedService[0]
      [OrderAcceptService]           FROM "Orders" AS o
info: Onion.CleanArchitecture.WebApp.Server.Services.MicroserviceLauncherHostedService[0]
      [OrderAcceptService]           WHERE o."OrderId" = @orderId
info: Onion.CleanArchitecture.WebApp.Server.Services.MicroserviceLauncherHostedService[0]
      [OrderAcceptService]           ORDER BY o."Id"
info: Onion.CleanArchitecture.WebApp.Server.Services.MicroserviceLauncherHostedService[0]
      [OrderAcceptService]           LIMIT 1
info: Onion.CleanArchitecture.WebApp.Server.Services.MicroserviceLauncherHostedService[0]
      [OrderAcceptService]       ) AS o1
info: Onion.CleanArchitecture.WebApp.Server.Services.MicroserviceLauncherHostedService[0]
      [OrderAcceptService]       INNER JOIN "OrderItems" AS o0 ON o1."OrderId" = o0."OrderId"
info: Onion.CleanArchitecture.WebApp.Server.Services.MicroserviceLauncherHostedService[0]
      [OrderAcceptService]       ORDER BY o1."Id"
info: Onion.CleanArchitecture.WebApp.Server.Services.MicroserviceLauncherHostedService[0]
      [OrderAcceptService] info: OrderAcceptService.OrderAcceptConsumer[0]
info: Onion.CleanArchitecture.WebApp.Server.Services.MicroserviceLauncherHostedService[0]
      [OrderAcceptService]       Nhận AcceptOrderCommand OrderId=8b67a0a9-ebf9-464f-b1e9-9f37c683ec7b
info: Onion.CleanArchitecture.WebApp.Server.Services.MicroserviceLauncherHostedService[0]
      [OrderAcceptService] info: Microsoft.EntityFrameworkCore.Database.Command[20101]
info: Onion.CleanArchitecture.WebApp.Server.Services.MicroserviceLauncherHostedService[0]
      [OrderAcceptService]       Executed DbCommand (3ms) [Parameters=[@productId='?' (DbType = Guid)], CommandType='Text', CommandTimeout='30']
info: Onion.CleanArchitecture.WebApp.Server.Services.MicroserviceLauncherHostedService[0]
      [OrderAcceptService]       SELECT p."Id", p."Code", p."CreatedAt", p."CreatedBy", p."Description", p."IsActive", p."LastModifiedAt", p."LastModifiedBy", p."Name", p."Price", p."ProductId", p."Rate", p."SLTKho"
info: Onion.CleanArchitecture.WebApp.Server.Services.MicroserviceLauncherHostedService[0]
      [OrderAcceptService]       FROM "Product" AS p
info: Onion.CleanArchitecture.WebApp.Server.Services.MicroserviceLauncherHostedService[0]
      [OrderAcceptService]       WHERE p."ProductId" = @productId
info: Onion.CleanArchitecture.WebApp.Server.Services.MicroserviceLauncherHostedService[0]
      [OrderAcceptService]       LIMIT 1
info: Onion.CleanArchitecture.WebApp.Server.Services.MicroserviceLauncherHostedService[0]
      [OrderAcceptService] info: Microsoft.EntityFrameworkCore.Database.Command[20101]
info: Onion.CleanArchitecture.WebApp.Server.Services.MicroserviceLauncherHostedService[0]
      [OrderAcceptService]       Executed DbCommand (3ms) [Parameters=[@p14='?' (DbType = Int32), @p0='?' (DbType = DateTime), @p1='?' (DbType = DateTime), @p2='?', @p3='?', @p4='?' (DbType = Boolean), @p5='?' (DbType = DateTime), @p6='?', @p7='?', @p8='?', @p9='?' (DbType = DateTime), @p10='?', @p11='?' (DbType = Int32), @p12='?' (DbType = Decimal), @p13='?' (DbType = DateTime)], CommandType='Text', CommandTimeout='30']
info: Onion.CleanArchitecture.WebApp.Server.Services.MicroserviceLauncherHostedService[0]
      [OrderAcceptService]       UPDATE "Orders" SET "CompletedAt" = @p0, "CreatedAt" = @p1, "CreatedBy" = @p2, "CustomerId" = @p3, "IsReserved" = @p4, "LastModifiedAt" = @p5, "LastModifiedBy" = @p6, "Note" = @p7, "OrderCode" = @p8, "RejectedAt" = @p9, "ShippingAddress" = @p10, "Status" = @p11, "TotalAmount" = @p12, "UpdatedAt" = @p13
info: Onion.CleanArchitecture.WebApp.Server.Services.MicroserviceLauncherHostedService[0]
      [OrderAcceptService]       WHERE "Id" = @p14;
info: Onion.CleanArchitecture.WebApp.Server.Services.MicroserviceLauncherHostedService[0]
      [OrderAcceptService] info: Microsoft.EntityFrameworkCore.Database.Command[20101]
info: Onion.CleanArchitecture.WebApp.Server.Services.MicroserviceLauncherHostedService[0]
      [OrderAcceptService]       Executed DbCommand (3ms) [Parameters=[@p0='?' (DbType = DateTime), @p1='?', @p2='?' (DbType = DateTime), @p3='?', @p4='?' (DbType = Guid), @p5='?' (DbType = Int32), @p6='?' (DbType = DateTime), @p7='?' (DbType = Guid), @p8='?' (DbType = Int32)], CommandType='Text', CommandTimeout='30']
info: Onion.CleanArchitecture.WebApp.Server.Services.MicroserviceLauncherHostedService[0]
      [OrderAcceptService]       INSERT INTO "OrderTimers" ("CreatedAt", "CreatedBy", "LastModifiedAt", "LastModifiedBy", "OrderId", "Status", "Timeout", "TimerId", "TimerStatus")
info: Onion.CleanArchitecture.WebApp.Server.Services.MicroserviceLauncherHostedService[0]
      [OrderAcceptService]       VALUES (@p0, @p1, @p2, @p3, @p4, @p5, @p6, @p7, @p8)
info: Onion.CleanArchitecture.WebApp.Server.Services.MicroserviceLauncherHostedService[0]
      [OrderAcceptService]       RETURNING "Id";
info: Onion.CleanArchitecture.WebApp.Server.Services.MicroserviceLauncherHostedService[0]
      [OrderAcceptService] info: Microsoft.EntityFrameworkCore.Database.Command[20101]
info: Onion.CleanArchitecture.WebApp.Server.Services.MicroserviceLauncherHostedService[0]
      [OrderAcceptService]       Executed DbCommand (3ms) [Parameters=[@p0='?', @p1='?' (DbType = DateTime), @p2='?', @p3='?', @p4='?' (DbType = Guid), @p5='?' (DbType = DateTime), @p6='?', @p7='?', @p8='?' (DbType = Guid), @p9='?' (DbType = Int32)], CommandType='Text', CommandTimeout='30']
info: Onion.CleanArchitecture.WebApp.Server.Services.MicroserviceLauncherHostedService[0]
      [OrderAcceptService]       INSERT INTO "OrderHistories" ("ConsumerName", "CreatedAt", "CreatedBy", "EventType", "HistoryId", "LastModifiedAt", "LastModifiedBy", "Message", "OrderId", "Status")
info: Onion.CleanArchitecture.WebApp.Server.Services.MicroserviceLauncherHostedService[0]
      [OrderAcceptService]       VALUES (@p0, @p1, @p2, @p3, @p4, @p5, @p6, @p7, @p8, @p9)
info: Onion.CleanArchitecture.WebApp.Server.Services.MicroserviceLauncherHostedService[0]
      [OrderAcceptService]       RETURNING "Id";
info: Onion.CleanArchitecture.WebApp.Server.Services.MicroserviceLauncherHostedService[0]
      [OrderAcceptService] info: OrderAcceptService.OrderAcceptConsumer[0]
info: Onion.CleanArchitecture.WebApp.Server.Services.MicroserviceLauncherHostedService[0]
      [OrderAcceptService]       Accept thành công OrderId=8b67a0a9-ebf9-464f-b1e9-9f37c683ec7b, Saga sẽ gửi CompleteOrderCommand
info: Onion.CleanArchitecture.WebApp.Server.Services.MicroserviceLauncherHostedService[0]
      [OrderOrchestration] info: Microsoft.EntityFrameworkCore.Database.Command[20101]
info: Onion.CleanArchitecture.WebApp.Server.Services.MicroserviceLauncherHostedService[0]
      [OrderOrchestration]       Executed DbCommand (1ms) [Parameters=[p0='?' (DbType = Guid)], CommandType='Text', CommandTimeout='30']
info: Onion.CleanArchitecture.WebApp.Server.Services.MicroserviceLauncherHostedService[0]
      [OrderOrchestration]       SELECT o."CorrelationId", o."CreatedAt", o."CurrentState", o."CustomerId", o."ErrorReason", o."IsTimeout", o."Items", o."NeedReleaseInventory", o."TotalAmount"
info: Onion.CleanArchitecture.WebApp.Server.Services.MicroserviceLauncherHostedService[0]
      [OrderOrchestration]       FROM (
info: Onion.CleanArchitecture.WebApp.Server.Services.MicroserviceLauncherHostedService[0]
      [OrderOrchestration]           SELECT *, xmin FROM "OrderState" WHERE "CorrelationId" = @p0 FOR UPDATE
info: Onion.CleanArchitecture.WebApp.Server.Services.MicroserviceLauncherHostedService[0]
      [OrderOrchestration]       ) AS o
info: Onion.CleanArchitecture.WebApp.Server.Services.MicroserviceLauncherHostedService[0]
      [OrderOrchestration]       LIMIT 2
info: Onion.CleanArchitecture.WebApp.Server.Services.MicroserviceLauncherHostedService[0]
      [OrderOrchestration] info: Microsoft.EntityFrameworkCore.Database.Command[20101]
info: Onion.CleanArchitecture.WebApp.Server.Services.MicroserviceLauncherHostedService[0]
      [OrderOrchestration]       Executed DbCommand (1ms) [Parameters=[@p1='?' (DbType = Guid), @p0='?'], CommandType='Text', CommandTimeout='30']
info: Onion.CleanArchitecture.WebApp.Server.Services.MicroserviceLauncherHostedService[0]
      [OrderOrchestration]       UPDATE "OrderState" SET "CurrentState" = @p0
info: Onion.CleanArchitecture.WebApp.Server.Services.MicroserviceLauncherHostedService[0]
      [OrderOrchestration]       WHERE "CorrelationId" = @p1;
info: Onion.CleanArchitecture.WebApp.Server.Services.MicroserviceLauncherHostedService[0]
      [OrderCompleteService] info: Microsoft.EntityFrameworkCore.Database.Command[20101]
info: Onion.CleanArchitecture.WebApp.Server.Services.MicroserviceLauncherHostedService[0]
      [OrderCompleteService]       Executed DbCommand (18ms) [Parameters=[@orderId='?' (DbType = Guid)], CommandType='Text', CommandTimeout='30']
info: Onion.CleanArchitecture.WebApp.Server.Services.MicroserviceLauncherHostedService[0]
      [OrderCompleteService]       SELECT o."Id", o."CompletedAt", o."CreatedAt", o."CreatedBy", o."CustomerId", o."IsReserved", o."LastModifiedAt", o."LastModifiedBy", o."Note", o."OrderCode", o."OrderId", o."RejectedAt", o."ShippingAddress", o."Status", o."TotalAmount", o."UpdatedAt"
info: Onion.CleanArchitecture.WebApp.Server.Services.MicroserviceLauncherHostedService[0]
      [OrderCompleteService]       FROM "Orders" AS o
info: Onion.CleanArchitecture.WebApp.Server.Services.MicroserviceLauncherHostedService[0]
      [OrderCompleteService]       WHERE o."OrderId" = @orderId
info: Onion.CleanArchitecture.WebApp.Server.Services.MicroserviceLauncherHostedService[0]
      [OrderCompleteService]       ORDER BY o."Id"
info: Onion.CleanArchitecture.WebApp.Server.Services.MicroserviceLauncherHostedService[0]
      [OrderCompleteService]       LIMIT 1
info: Onion.CleanArchitecture.WebApp.Server.Services.MicroserviceLauncherHostedService[0]
      [OrderCompleteService] info: Microsoft.EntityFrameworkCore.Database.Command[20101]
info: Onion.CleanArchitecture.WebApp.Server.Services.MicroserviceLauncherHostedService[0]
      [OrderCompleteService]       Executed DbCommand (3ms) [Parameters=[@orderId='?' (DbType = Guid)], CommandType='Text', CommandTimeout='30']
info: Onion.CleanArchitecture.WebApp.Server.Services.MicroserviceLauncherHostedService[0]
      [OrderCompleteService]       SELECT o0."Id", o0."CreatedAt", o0."CreatedBy", o0."LastModifiedAt", o0."LastModifiedBy", o0."OrderId", o0."OrderItemId", o0."ProductId", o0."ProductName", o0."Quantity", o0."UnitPrice", o1."Id"
info: Onion.CleanArchitecture.WebApp.Server.Services.MicroserviceLauncherHostedService[0]
      [OrderCompleteService]       FROM (
info: Onion.CleanArchitecture.WebApp.Server.Services.MicroserviceLauncherHostedService[0]
      [OrderCompleteService]           SELECT o."Id", o."OrderId"
info: Onion.CleanArchitecture.WebApp.Server.Services.MicroserviceLauncherHostedService[0]
      [OrderCompleteService]           FROM "Orders" AS o
info: Onion.CleanArchitecture.WebApp.Server.Services.MicroserviceLauncherHostedService[0]
      [OrderCompleteService]           WHERE o."OrderId" = @orderId
info: Onion.CleanArchitecture.WebApp.Server.Services.MicroserviceLauncherHostedService[0]
      [OrderCompleteService]           ORDER BY o."Id"
info: Onion.CleanArchitecture.WebApp.Server.Services.MicroserviceLauncherHostedService[0]
      [OrderCompleteService]           LIMIT 1
info: Onion.CleanArchitecture.WebApp.Server.Services.MicroserviceLauncherHostedService[0]
      [OrderCompleteService]       ) AS o1
info: Onion.CleanArchitecture.WebApp.Server.Services.MicroserviceLauncherHostedService[0]
      [OrderCompleteService]       INNER JOIN "OrderItems" AS o0 ON o1."OrderId" = o0."OrderId"
info: Onion.CleanArchitecture.WebApp.Server.Services.MicroserviceLauncherHostedService[0]
      [OrderCompleteService]       ORDER BY o1."Id"
info: Onion.CleanArchitecture.WebApp.Server.Services.MicroserviceLauncherHostedService[0]
      [OrderCompleteService] info: OrderCompleteService.OrderCompleteConsumer[0]
info: Onion.CleanArchitecture.WebApp.Server.Services.MicroserviceLauncherHostedService[0]
      [OrderCompleteService]       Nhận CompleteOrderCommand OrderId=8b67a0a9-ebf9-464f-b1e9-9f37c683ec7b
info: Onion.CleanArchitecture.WebApp.Server.Services.MicroserviceLauncherHostedService[0]
      [OrderCompleteService] info: Microsoft.EntityFrameworkCore.Database.Command[20101]
info: Onion.CleanArchitecture.WebApp.Server.Services.MicroserviceLauncherHostedService[0]
      [OrderCompleteService]       Executed DbCommand (3ms) [Parameters=[@orderId='?' (DbType = Guid)], CommandType='Text', CommandTimeout='30']
info: Onion.CleanArchitecture.WebApp.Server.Services.MicroserviceLauncherHostedService[0]
      [OrderCompleteService]       SELECT o."Id", o."CreatedAt", o."CreatedBy", o."LastModifiedAt", o."LastModifiedBy", o."OrderId", o."Status", o."Timeout", o."TimerId", o."TimerStatus"
info: Onion.CleanArchitecture.WebApp.Server.Services.MicroserviceLauncherHostedService[0]
      [OrderCompleteService]       FROM "OrderTimers" AS o
info: Onion.CleanArchitecture.WebApp.Server.Services.MicroserviceLauncherHostedService[0]
      [OrderCompleteService]       WHERE o."OrderId" = @orderId AND o."TimerStatus" = 1
info: Onion.CleanArchitecture.WebApp.Server.Services.MicroserviceLauncherHostedService[0]
      [OrderCompleteService]       LIMIT 1
info: Onion.CleanArchitecture.WebApp.Server.Services.MicroserviceLauncherHostedService[0]
      [OrderCompleteService] info: Microsoft.EntityFrameworkCore.Database.Command[20101]
info: Onion.CleanArchitecture.WebApp.Server.Services.MicroserviceLauncherHostedService[0]
      [OrderCompleteService]       Executed DbCommand (2ms) [Parameters=[@p9='?' (DbType = Int32), @p0='?' (DbType = DateTime), @p1='?', @p2='?' (DbType = DateTime), @p3='?', @p4='?' (DbType = Guid), @p5='?' (DbType = Int32), @p6='?' (DbType = DateTime), @p7='?' (DbType = Guid), @p8='?' (DbType = Int32)], CommandType='Text', CommandTimeout='30']
info: Onion.CleanArchitecture.WebApp.Server.Services.MicroserviceLauncherHostedService[0]
      [OrderCompleteService]       UPDATE "OrderTimers" SET "CreatedAt" = @p0, "CreatedBy" = @p1, "LastModifiedAt" = @p2, "LastModifiedBy" = @p3, "OrderId" = @p4, "Status" = @p5, "Timeout" = @p6, "TimerId" = @p7, "TimerStatus" = @p8
info: Onion.CleanArchitecture.WebApp.Server.Services.MicroserviceLauncherHostedService[0]
      [OrderCompleteService]       WHERE "Id" = @p9;
info: Onion.CleanArchitecture.WebApp.Server.Services.MicroserviceLauncherHostedService[0]
      [OrderCompleteService] info: Microsoft.EntityFrameworkCore.Database.Command[20101]
info: Onion.CleanArchitecture.WebApp.Server.Services.MicroserviceLauncherHostedService[0]
      [OrderCompleteService]       Executed DbCommand (2ms) [Parameters=[@p14='?' (DbType = Int32), @p0='?' (DbType = DateTime), @p1='?' (DbType = DateTime), @p2='?', @p3='?', @p4='?' (DbType = Boolean), @p5='?' (DbType = DateTime), @p6='?', @p7='?', @p8='?', @p9='?' (DbType = DateTime), @p10='?', @p11='?' (DbType = Int32), @p12='?' (DbType = Decimal), @p13='?' (DbType = DateTime)], CommandType='Text', CommandTimeout='30']
info: Onion.CleanArchitecture.WebApp.Server.Services.MicroserviceLauncherHostedService[0]
      [OrderCompleteService]       UPDATE "Orders" SET "CompletedAt" = @p0, "CreatedAt" = @p1, "CreatedBy" = @p2, "CustomerId" = @p3, "IsReserved" = @p4, "LastModifiedAt" = @p5, "LastModifiedBy" = @p6, "Note" = @p7, "OrderCode" = @p8, "RejectedAt" = @p9, "ShippingAddress" = @p10, "Status" = @p11, "TotalAmount" = @p12, "UpdatedAt" = @p13
info: Onion.CleanArchitecture.WebApp.Server.Services.MicroserviceLauncherHostedService[0]
      [OrderCompleteService]       WHERE "Id" = @p14;
info: Onion.CleanArchitecture.WebApp.Server.Services.MicroserviceLauncherHostedService[0]
      [OrderCompleteService] info: Microsoft.EntityFrameworkCore.Database.Command[20101]
info: Onion.CleanArchitecture.WebApp.Server.Services.MicroserviceLauncherHostedService[0]
      [OrderCompleteService]       Executed DbCommand (2ms) [Parameters=[@p0='?', @p1='?' (DbType = DateTime), @p2='?', @p3='?', @p4='?' (DbType = Guid), @p5='?' (DbType = DateTime), @p6='?', @p7='?', @p8='?' (DbType = Guid), @p9='?' (DbType = Int32)], CommandType='Text', CommandTimeout='30']
info: Onion.CleanArchitecture.WebApp.Server.Services.MicroserviceLauncherHostedService[0]
      [OrderCompleteService]       INSERT INTO "OrderHistories" ("ConsumerName", "CreatedAt", "CreatedBy", "EventType", "HistoryId", "LastModifiedAt", "LastModifiedBy", "Message", "OrderId", "Status")
info: Onion.CleanArchitecture.WebApp.Server.Services.MicroserviceLauncherHostedService[0]
      [OrderCompleteService]       VALUES (@p0, @p1, @p2, @p3, @p4, @p5, @p6, @p7, @p8, @p9)
info: Onion.CleanArchitecture.WebApp.Server.Services.MicroserviceLauncherHostedService[0]
      [OrderCompleteService]       RETURNING "Id";
info: Onion.CleanArchitecture.WebApp.Server.Services.MicroserviceLauncherHostedService[0]
      [OrderCompleteService] info: OrderCompleteService.OrderCompleteConsumer[0]
info: Onion.CleanArchitecture.WebApp.Server.Services.MicroserviceLauncherHostedService[0]
      [OrderCompleteService]       Complete thành công OrderId=8b67a0a9-ebf9-464f-b1e9-9f37c683ec7b.
info: Onion.CleanArchitecture.WebApp.Server.Services.MicroserviceLauncherHostedService[0]
      [OrderOrchestration] info: Microsoft.EntityFrameworkCore.Database.Command[20101]
info: Onion.CleanArchitecture.WebApp.Server.Services.MicroserviceLauncherHostedService[0]
      [OrderOrchestration]       Executed DbCommand (1ms) [Parameters=[p0='?' (DbType = Guid)], CommandType='Text', CommandTimeout='30']
info: Onion.CleanArchitecture.WebApp.Server.Services.MicroserviceLauncherHostedService[0]
      [OrderOrchestration]       SELECT o."CorrelationId", o."CreatedAt", o."CurrentState", o."CustomerId", o."ErrorReason", o."IsTimeout", o."Items", o."NeedReleaseInventory", o."TotalAmount"
info: Onion.CleanArchitecture.WebApp.Server.Services.MicroserviceLauncherHostedService[0]
      [OrderOrchestration]       FROM (
info: Onion.CleanArchitecture.WebApp.Server.Services.MicroserviceLauncherHostedService[0]
      [OrderOrchestration]           SELECT *, xmin FROM "OrderState" WHERE "CorrelationId" = @p0 FOR UPDATE
info: Onion.CleanArchitecture.WebApp.Server.Services.MicroserviceLauncherHostedService[0]
      [OrderOrchestration]       ) AS o
info: Onion.CleanArchitecture.WebApp.Server.Services.MicroserviceLauncherHostedService[0]
      [OrderOrchestration]       LIMIT 2
info: Onion.CleanArchitecture.WebApp.Server.Services.MicroserviceLauncherHostedService[0]
      [OrderOrchestration] info: Microsoft.EntityFrameworkCore.Database.Command[20101]
info: Onion.CleanArchitecture.WebApp.Server.Services.MicroserviceLauncherHostedService[0]
      [OrderOrchestration]       Executed DbCommand (1ms) [Parameters=[@p1='?' (DbType = Guid), @p0='?'], CommandType='Text', CommandTimeout='30']
info: Onion.CleanArchitecture.WebApp.Server.Services.MicroserviceLauncherHostedService[0]
      [OrderOrchestration]       UPDATE "OrderState" SET "CurrentState" = @p0
info: Onion.CleanArchitecture.WebApp.Server.Services.MicroserviceLauncherHostedService[0]
      [OrderOrchestration]       WHERE "CorrelationId" = @p1;
info: Onion.CleanArchitecture.WebApp.Server.Services.MicroserviceLauncherHostedService[0]
      [NotificationService] info: NotificationService.Consumers.OrderCompleteSuccessConsumer[0]
info: Onion.CleanArchitecture.WebApp.Server.Services.MicroserviceLauncherHostedService[0]
      [NotificationService]       Nhận OrderCompleteSuccessResponse OrderId=8b67a0a9-ebf9-464f-b1e9-9f37c683ec7b
info: Microsoft.EntityFrameworkCore.Database.Command[20101]
      Executed DbCommand (1ms) [Parameters=[], CommandType='Text', CommandTimeout='30']
      SELECT count(*)::int
      FROM "Orders" AS o
info: Microsoft.EntityFrameworkCore.Database.Command[20101]
      Executed DbCommand (2ms) [Parameters=[@p1='?' (DbType = Int32), @p='?' (DbType = Int32)], CommandType='Text', CommandTimeout='30']
      SELECT o."Id", o."CompletedAt", o."CreatedAt", o."CreatedBy", o."CustomerId", o."IsReserved", o."LastModifiedAt", o."LastModifiedBy", o."Note", o."OrderCode", o."OrderId", o."RejectedAt", o."ShippingAddress", o."Status", o."TotalAmount", o."UpdatedAt"
      FROM "Orders" AS o
      ORDER BY o."CreatedAt" DESC
      LIMIT @p1 OFFSET @p
info: Onion.CleanArchitecture.WebApp.Server.Services.MicroserviceLauncherHostedService[0]
      [NotificationService] info: Microsoft.EntityFrameworkCore.Database.Command[20101]
info: Onion.CleanArchitecture.WebApp.Server.Services.MicroserviceLauncherHostedService[0]
      [NotificationService]       Executed DbCommand (22ms) [Parameters=[@p0='?' (DbType = DateTime), @p1='?', @p2='?' (DbType = Boolean), @p3='?' (DbType = DateTime), @p4='?', @p5='?', @p6='?' (DbType = Guid), @p7='?' (DbType = Guid), @p8='?' (DbType = DateTime), @p9='?' (DbType = Guid), @p10='?', @p11='?'], CommandType='Text', CommandTimeout='30']
info: Onion.CleanArchitecture.WebApp.Server.Services.MicroserviceLauncherHostedService[0]
      [NotificationService]       INSERT INTO "Notifications" ("CreatedAt", "CreatedBy", "IsRead", "LastModifiedAt", "LastModifiedBy", "Message", "NotifyId", "OrderId", "SendAt", "TargetUserId", "Title", "Type")
info: Onion.CleanArchitecture.WebApp.Server.Services.MicroserviceLauncherHostedService[0]
      [NotificationService]       VALUES (@p0, @p1, @p2, @p3, @p4, @p5, @p6, @p7, @p8, @p9, @p10, @p11)
info: Onion.CleanArchitecture.WebApp.Server.Services.MicroserviceLauncherHostedService[0]
      [NotificationService]       RETURNING "Id";
info: Onion.CleanArchitecture.WebApp.Server.Services.MicroserviceLauncherHostedService[0]
      [OrderAcceptService] info: Microsoft.EntityFrameworkCore.Database.Command[20101]
info: Onion.CleanArchitecture.WebApp.Server.Services.MicroserviceLauncherHostedService[0]
      [OrderAcceptService]       Executed DbCommand (1ms) [Parameters=[@now='?' (DbType = DateTime)], CommandType='Text', CommandTimeout='30']
info: Onion.CleanArchitecture.WebApp.Server.Services.MicroserviceLauncherHostedService[0]
      [OrderAcceptService]       SELECT o."Id", o."CreatedAt", o."CreatedBy", o."LastModifiedAt", o."LastModifiedBy", o."OrderId", o."Status", o."Timeout", o."TimerId", o."TimerStatus"
info: Onion.CleanArchitecture.WebApp.Server.Services.MicroserviceLauncherHostedService[0]
      [OrderAcceptService]       FROM "OrderTimers" AS o
info: Onion.CleanArchitecture.WebApp.Server.Services.MicroserviceLauncherHostedService[0]
      [OrderAcceptService]       WHERE o."TimerStatus" = 1 AND o."Timeout" <= @now
info: Microsoft.EntityFrameworkCore.Database.Command[20101]
      Executed DbCommand (1ms) [Parameters=[@orderId='?' (DbType = Guid)], CommandType='Text', CommandTimeout='30']
      SELECT o."Id", o."CompletedAt", o."CreatedAt", o."CreatedBy", o."CustomerId", o."IsReserved", o."LastModifiedAt", o."LastModifiedBy", o."Note", o."OrderCode", o."OrderId", o."RejectedAt", o."ShippingAddress", o."Status", o."TotalAmount", o."UpdatedAt"
      FROM "Orders" AS o
      WHERE o."OrderId" = @orderId
      ORDER BY o."Id"
      LIMIT 1
info: Microsoft.EntityFrameworkCore.Database.Command[20101]
      Executed DbCommand (1ms) [Parameters=[@orderId='?' (DbType = Guid)], CommandType='Text', CommandTimeout='30']
      SELECT o0."Id", o0."CreatedAt", o0."CreatedBy", o0."LastModifiedAt", o0."LastModifiedBy", o0."OrderId", o0."OrderItemId", o0."ProductId", o0."ProductName", o0."Quantity", o0."UnitPrice", o1."Id"
      FROM (
          SELECT o."Id", o."OrderId"
          FROM "Orders" AS o
          WHERE o."OrderId" = @orderId
          ORDER BY o."Id"
          LIMIT 1
      ) AS o1
      INNER JOIN "OrderItems" AS o0 ON o1."OrderId" = o0."OrderId"
      ORDER BY o1."Id"
info: Onion.CleanArchitecture.WebApp.Server.Services.MicroserviceLauncherHostedService[0]
      [OrderAcceptService] info: Microsoft.EntityFrameworkCore.Database.Command[20101]
info: Onion.CleanArchitecture.WebApp.Server.Services.MicroserviceLauncherHostedService[0]
      [OrderAcceptService]       Executed DbCommand (1ms) [Parameters=[@now='?' (DbType = DateTime)], CommandType='Text', CommandTimeout='30']
info: Onion.CleanArchitecture.WebApp.Server.Services.MicroserviceLauncherHostedService[0]
      [OrderAcceptService]       SELECT o."Id", o."CreatedAt", o."CreatedBy", o."LastModifiedAt", o."LastModifiedBy", o."OrderId", o."Status", o."Timeout", o."TimerId", o."TimerStatus"
info: Onion.CleanArchitecture.WebApp.Server.Services.MicroserviceLauncherHostedService[0]
      [OrderAcceptService]       FROM "OrderTimers" AS o
info: Onion.CleanArchitecture.WebApp.Server.Services.MicroserviceLauncherHostedService[0]
      [OrderAcceptService]       WHERE o."TimerStatus" = 1 AND o."Timeout" <= @now
info: Onion.CleanArchitecture.WebApp.Server.Services.MicroserviceLauncherHostedService[0]
      [OrderAcceptService] info: Microsoft.EntityFrameworkCore.Database.Command[20101]
info: Onion.CleanArchitecture.WebApp.Server.Services.MicroserviceLauncherHostedService[0]
      [OrderAcceptService]       Executed DbCommand (1ms) [Parameters=[@now='?' (DbType = DateTime)], CommandType='Text', CommandTimeout='30']
info: Onion.CleanArchitecture.WebApp.Server.Services.MicroserviceLauncherHostedService[0]
      [OrderAcceptService]       SELECT o."Id", o."CreatedAt", o."CreatedBy", o."LastModifiedAt", o."LastModifiedBy", o."OrderId", o."Status", o."Timeout", o."TimerId", o."TimerStatus"
info: Onion.CleanArchitecture.WebApp.Server.Services.MicroserviceLauncherHostedService[0]
      [OrderAcceptService]       FROM "OrderTimers" AS o
info: Onion.CleanArchitecture.WebApp.Server.Services.MicroserviceLauncherHostedService[0]
      [OrderAcceptService]       WHERE o."TimerStatus" = 1 AND o."Timeout" <= @now
info: Onion.CleanArchitecture.WebApp.Server.Services.MicroserviceLauncherHostedService[0]
      [OrderAcceptService] info: Microsoft.EntityFrameworkCore.Database.Command[20101]
info: Onion.CleanArchitecture.WebApp.Server.Services.MicroserviceLauncherHostedService[0]
      [OrderAcceptService]       Executed DbCommand (2ms) [Parameters=[@now='?' (DbType = DateTime)], CommandType='Text', CommandTimeout='30']
info: Onion.CleanArchitecture.WebApp.Server.Services.MicroserviceLauncherHostedService[0]
      [OrderAcceptService]       SELECT o."Id", o."CreatedAt", o."CreatedBy", o."LastModifiedAt", o."LastModifiedBy", o."OrderId", o."Status", o."Timeout", o."TimerId", o."TimerStatus"
info: Onion.CleanArchitecture.WebApp.Server.Services.MicroserviceLauncherHostedService[0]
      [OrderAcceptService]       FROM "OrderTimers" AS o
info: Onion.CleanArchitecture.WebApp.Server.Services.MicroserviceLauncherHostedService[0]
      [OrderAcceptService]       WHERE o."TimerStatus" = 1 AND o."Timeout" <= @now
info: Onion.CleanArchitecture.WebApp.Server.Services.MicroserviceLauncherHostedService[0]
      [OrderAcceptService] info: Microsoft.EntityFrameworkCore.Database.Command[20101]
info: Onion.CleanArchitecture.WebApp.Server.Services.MicroserviceLauncherHostedService[0]
      [OrderAcceptService]       Executed DbCommand (8ms) [Parameters=[@now='?' (DbType = DateTime)], CommandType='Text', CommandTimeout='30']
info: Onion.CleanArchitecture.WebApp.Server.Services.MicroserviceLauncherHostedService[0]
      [OrderAcceptService]       SELECT o."Id", o."CreatedAt", o."CreatedBy", o."LastModifiedAt", o."LastModifiedBy", o."OrderId", o."Status", o."Timeout", o."TimerId", o."TimerStatus"
info: Onion.CleanArchitecture.WebApp.Server.Services.MicroserviceLauncherHostedService[0]
      [OrderAcceptService]       FROM "OrderTimers" AS o
info: Onion.CleanArchitecture.WebApp.Server.Services.MicroserviceLauncherHostedService[0]
      [OrderAcceptService]       WHERE o."TimerStatus" = 1 AND o."Timeout" <= @now
info: Onion.CleanArchitecture.WebApp.Server.Services.MicroserviceLauncherHostedService[0]
      [OrderAcceptService] info: Microsoft.EntityFrameworkCore.Database.Command[20101]
info: Onion.CleanArchitecture.WebApp.Server.Services.MicroserviceLauncherHostedService[0]
      [OrderAcceptService]       Executed DbCommand (1ms) [Parameters=[@now='?' (DbType = DateTime)], CommandType='Text', CommandTimeout='30']
info: Onion.CleanArchitecture.WebApp.Server.Services.MicroserviceLauncherHostedService[0]
      [OrderAcceptService]       SELECT o."Id", o."CreatedAt", o."CreatedBy", o."LastModifiedAt", o."LastModifiedBy", o."OrderId", o."Status", o."Timeout", o."TimerId", o."TimerStatus"
info: Onion.CleanArchitecture.WebApp.Server.Services.MicroserviceLauncherHostedService[0]
      [OrderAcceptService]       FROM "OrderTimers" AS o
info: Onion.CleanArchitecture.WebApp.Server.Services.MicroserviceLauncherHostedService[0]
      [OrderAcceptService]       WHERE o."TimerStatus" = 1 AND o."Timeout" <= @now
info: Onion.CleanArchitecture.WebApp.Server.Services.MicroserviceLauncherHostedService[0]
      [OrderAcceptService] info: Microsoft.EntityFrameworkCore.Database.Command[20101]
info: Onion.CleanArchitecture.WebApp.Server.Services.MicroserviceLauncherHostedService[0]
      [OrderAcceptService]       Executed DbCommand (1ms) [Parameters=[@now='?' (DbType = DateTime)], CommandType='Text', CommandTimeout='30']
info: Onion.CleanArchitecture.WebApp.Server.Services.MicroserviceLauncherHostedService[0]
      [OrderAcceptService]       SELECT o."Id", o."CreatedAt", o."CreatedBy", o."LastModifiedAt", o."LastModifiedBy", o."OrderId", o."Status", o."Timeout", o."TimerId", o."TimerStatus"
info: Onion.CleanArchitecture.WebApp.Server.Services.MicroserviceLauncherHostedService[0]
      [OrderAcceptService]       FROM "OrderTimers" AS o
info: Onion.CleanArchitecture.WebApp.Server.Services.MicroserviceLauncherHostedService[0]
      [OrderAcceptService]       WHERE o."TimerStatus" = 1 AND o."Timeout" <= @now
info: Onion.CleanArchitecture.WebApp.Server.Services.MicroserviceLauncherHostedService[0]
      [OrderAcceptService] info: Microsoft.EntityFrameworkCore.Database.Command[20101]
info: Onion.CleanArchitecture.WebApp.Server.Services.MicroserviceLauncherHostedService[0]
      [OrderAcceptService]       Executed DbCommand (1ms) [Parameters=[@now='?' (DbType = DateTime)], CommandType='Text', CommandTimeout='30']
info: Onion.CleanArchitecture.WebApp.Server.Services.MicroserviceLauncherHostedService[0]
      [OrderAcceptService]       SELECT o."Id", o."CreatedAt", o."CreatedBy", o."LastModifiedAt", o."LastModifiedBy", o."OrderId", o."Status", o."Timeout", o."TimerId", o."TimerStatus"
info: Onion.CleanArchitecture.WebApp.Server.Services.MicroserviceLauncherHostedService[0]
      [OrderAcceptService]       FROM "OrderTimers" AS o
info: Onion.CleanArchitecture.WebApp.Server.Services.MicroserviceLauncherHostedService[0]
      [OrderAcceptService]       WHERE o."TimerStatus" = 1 AND o."Timeout" <= @now
info: Microsoft.EntityFrameworkCore.Database.Command[20101]
      Executed DbCommand (5ms) [Parameters=[@orderId='?' (DbType = Guid)], CommandType='Text', CommandTimeout='30']
      SELECT o."Id", o."CompletedAt", o."CreatedAt", o."CreatedBy", o."CustomerId", o."IsReserved", o."LastModifiedAt", o."LastModifiedBy", o."Note", o."OrderCode", o."OrderId", o."RejectedAt", o."ShippingAddress", o."Status", o."TotalAmount", o."UpdatedAt"
      FROM "Orders" AS o
      WHERE o."OrderId" = @orderId
      ORDER BY o."Id"
      LIMIT 1
info: Microsoft.EntityFrameworkCore.Database.Command[20101]
      Executed DbCommand (7ms) [Parameters=[@orderId='?' (DbType = Guid)], CommandType='Text', CommandTimeout='30']
      SELECT o0."Id", o0."CreatedAt", o0."CreatedBy", o0."LastModifiedAt", o0."LastModifiedBy", o0."OrderId", o0."OrderItemId", o0."ProductId", o0."ProductName", o0."Quantity", o0."UnitPrice", o1."Id"
      FROM (
          SELECT o."Id", o."OrderId"
          FROM "Orders" AS o
          WHERE o."OrderId" = @orderId
          ORDER BY o."Id"
          LIMIT 1
      ) AS o1
      INNER JOIN "OrderItems" AS o0 ON o1."OrderId" = o0."OrderId"
      ORDER BY o1."Id"
info: Onion.CleanArchitecture.WebApp.Server.Services.MicroserviceLauncherHostedService[0]
      [OrderAcceptService] info: Microsoft.EntityFrameworkCore.Database.Command[20101]
info: Onion.CleanArchitecture.WebApp.Server.Services.MicroserviceLauncherHostedService[0]
      [OrderAcceptService]       Executed DbCommand (1ms) [Parameters=[@now='?' (DbType = DateTime)], CommandType='Text', CommandTimeout='30']
info: Onion.CleanArchitecture.WebApp.Server.Services.MicroserviceLauncherHostedService[0]
      [OrderAcceptService]       SELECT o."Id", o."CreatedAt", o."CreatedBy", o."LastModifiedAt", o."LastModifiedBy", o."OrderId", o."Status", o."Timeout", o."TimerId", o."TimerStatus"
info: Onion.CleanArchitecture.WebApp.Server.Services.MicroserviceLauncherHostedService[0]
      [OrderAcceptService]       FROM "OrderTimers" AS o
info: Onion.CleanArchitecture.WebApp.Server.Services.MicroserviceLauncherHostedService[0]
      [OrderAcceptService]       WHERE o."TimerStatus" = 1 AND o."Timeout" <= @now
info: Onion.CleanArchitecture.WebApp.Server.Services.MicroserviceLauncherHostedService[0]
      [OrderAcceptService] info: Microsoft.EntityFrameworkCore.Database.Command[20101]
info: Onion.CleanArchitecture.WebApp.Server.Services.MicroserviceLauncherHostedService[0]
      [OrderAcceptService]       Executed DbCommand (3ms) [Parameters=[@now='?' (DbType = DateTime)], CommandType='Text', CommandTimeout='30']
info: Onion.CleanArchitecture.WebApp.Server.Services.MicroserviceLauncherHostedService[0]
      [OrderAcceptService]       SELECT o."Id", o."CreatedAt", o."CreatedBy", o."LastModifiedAt", o."LastModifiedBy", o."OrderId", o."Status", o."Timeout", o."TimerId", o."TimerStatus"
info: Onion.CleanArchitecture.WebApp.Server.Services.MicroserviceLauncherHostedService[0]
      [OrderAcceptService]       FROM "OrderTimers" AS o
info: Onion.CleanArchitecture.WebApp.Server.Services.MicroserviceLauncherHostedService[0]
      [OrderAcceptService]       WHERE o."TimerStatus" = 1 AND o."Timeout" <= @now
info: Microsoft.EntityFrameworkCore.Database.Command[20101]
      Executed DbCommand (4ms) [Parameters=[], CommandType='Text', CommandTimeout='30']
      SELECT count(*)::int
      FROM "Orders" AS o
info: Microsoft.EntityFrameworkCore.Database.Command[20101]
      Executed DbCommand (1ms) [Parameters=[@p1='?' (DbType = Int32), @p='?' (DbType = Int32)], CommandType='Text', CommandTimeout='30']
      SELECT o."Id", o."CompletedAt", o."CreatedAt", o."CreatedBy", o."CustomerId", o."IsReserved", o."LastModifiedAt", o."LastModifiedBy", o."Note", o."OrderCode", o."OrderId", o."RejectedAt", o."ShippingAddress", o."Status", o."TotalAmount", o."UpdatedAt"
      FROM "Orders" AS o
      ORDER BY o."CreatedAt" DESC
      LIMIT @p1 OFFSET @p
info: Onion.CleanArchitecture.WebApp.Server.Services.MicroserviceLauncherHostedService[0]
      [OrderAcceptService] info: Microsoft.EntityFrameworkCore.Database.Command[20101]
info: Onion.CleanArchitecture.WebApp.Server.Services.MicroserviceLauncherHostedService[0]
      [OrderAcceptService]       Executed DbCommand (1ms) [Parameters=[@now='?' (DbType = DateTime)], CommandType='Text', CommandTimeout='30']
info: Onion.CleanArchitecture.WebApp.Server.Services.MicroserviceLauncherHostedService[0]
      [OrderAcceptService]       SELECT o."Id", o."CreatedAt", o."CreatedBy", o."LastModifiedAt", o."LastModifiedBy", o."OrderId", o."Status", o."Timeout", o."TimerId", o."TimerStatus"
info: Onion.CleanArchitecture.WebApp.Server.Services.MicroserviceLauncherHostedService[0]
      [OrderAcceptService]       FROM "OrderTimers" AS o
info: Onion.CleanArchitecture.WebApp.Server.Services.MicroserviceLauncherHostedService[0]
      [OrderAcceptService]       WHERE o."TimerStatus" = 1 AND o."Timeout" <= @now
info: Onion.CleanArchitecture.WebApp.Server.Services.MicroserviceLauncherHostedService[0]
      [OrderAcceptService] info: Microsoft.EntityFrameworkCore.Database.Command[20101]
info: Onion.CleanArchitecture.WebApp.Server.Services.MicroserviceLauncherHostedService[0]
      [OrderAcceptService]       Executed DbCommand (1ms) [Parameters=[@now='?' (DbType = DateTime)], CommandType='Text', CommandTimeout='30']
info: Onion.CleanArchitecture.WebApp.Server.Services.MicroserviceLauncherHostedService[0]
      [OrderAcceptService]       SELECT o."Id", o."CreatedAt", o."CreatedBy", o."LastModifiedAt", o."LastModifiedBy", o."OrderId", o."Status", o."Timeout", o."TimerId", o."TimerStatus"
info: Onion.CleanArchitecture.WebApp.Server.Services.MicroserviceLauncherHostedService[0]
      [OrderAcceptService]       FROM "OrderTimers" AS o
info: Onion.CleanArchitecture.WebApp.Server.Services.MicroserviceLauncherHostedService[0]
      [OrderAcceptService]       WHERE o."TimerStatus" = 1 AND o."Timeout" <= @now
info: Onion.CleanArchitecture.WebApp.Server.Services.MicroserviceLauncherHostedService[0]
      [OrderAcceptService] info: Microsoft.EntityFrameworkCore.Database.Command[20101]
info: Onion.CleanArchitecture.WebApp.Server.Services.MicroserviceLauncherHostedService[0]
      [OrderAcceptService]       Executed DbCommand (1ms) [Parameters=[@now='?' (DbType = DateTime)], CommandType='Text', CommandTimeout='30']
info: Onion.CleanArchitecture.WebApp.Server.Services.MicroserviceLauncherHostedService[0]
      [OrderAcceptService]       SELECT o."Id", o."CreatedAt", o."CreatedBy", o."LastModifiedAt", o."LastModifiedBy", o."OrderId", o."Status", o."Timeout", o."TimerId", o."TimerStatus"
info: Onion.CleanArchitecture.WebApp.Server.Services.MicroserviceLauncherHostedService[0]
      [OrderAcceptService]       FROM "OrderTimers" AS o
info: Onion.CleanArchitecture.WebApp.Server.Services.MicroserviceLauncherHostedService[0]
      [OrderAcceptService]       WHERE o."TimerStatus" = 1 AND o."Timeout" <= @now
info: Onion.CleanArchitecture.WebApp.Server.Services.MicroserviceLauncherHostedService[0]
      [OrderAcceptService] info: Microsoft.EntityFrameworkCore.Database.Command[20101]
info: Onion.CleanArchitecture.WebApp.Server.Services.MicroserviceLauncherHostedService[0]
      [OrderAcceptService]       Executed DbCommand (1ms) [Parameters=[@now='?' (DbType = DateTime)], CommandType='Text', CommandTimeout='30']
info: Onion.CleanArchitecture.WebApp.Server.Services.MicroserviceLauncherHostedService[0]
      [OrderAcceptService]       SELECT o."Id", o."CreatedAt", o."CreatedBy", o."LastModifiedAt", o."LastModifiedBy", o."OrderId", o."Status", o."Timeout", o."TimerId", o."TimerStatus"
info: Onion.CleanArchitecture.WebApp.Server.Services.MicroserviceLauncherHostedService[0]
      [OrderAcceptService]       FROM "OrderTimers" AS o
info: Onion.CleanArchitecture.WebApp.Server.Services.MicroserviceLauncherHostedService[0]
      [OrderAcceptService]       WHERE o."TimerStatus" = 1 AND o."Timeout" <= @now
info: Onion.CleanArchitecture.WebApp.Server.Services.MicroserviceLauncherHostedService[0]
      [OrderAcceptService] info: Microsoft.EntityFrameworkCore.Database.Command[20101]
info: Onion.CleanArchitecture.WebApp.Server.Services.MicroserviceLauncherHostedService[0]
      [OrderAcceptService]       Executed DbCommand (6ms) [Parameters=[@now='?' (DbType = DateTime)], CommandType='Text', CommandTimeout='30']
info: Onion.CleanArchitecture.WebApp.Server.Services.MicroserviceLauncherHostedService[0]
      [OrderAcceptService]       SELECT o."Id", o."CreatedAt", o."CreatedBy", o."LastModifiedAt", o."LastModifiedBy", o."OrderId", o."Status", o."Timeout", o."TimerId", o."TimerStatus"
info: Onion.CleanArchitecture.WebApp.Server.Services.MicroserviceLauncherHostedService[0]
      [OrderAcceptService]       FROM "OrderTimers" AS o
info: Onion.CleanArchitecture.WebApp.Server.Services.MicroserviceLauncherHostedService[0]
      [OrderAcceptService]       WHERE o."TimerStatus" = 1 AND o."Timeout" <= @now
info: Onion.CleanArchitecture.WebApp.Server.Services.MicroserviceLauncherHostedService[0]
      [OrderAcceptService] info: Microsoft.EntityFrameworkCore.Database.Command[20101]
info: Onion.CleanArchitecture.WebApp.Server.Services.MicroserviceLauncherHostedService[0]
      [OrderAcceptService]       Executed DbCommand (3ms) [Parameters=[@now='?' (DbType = DateTime)], CommandType='Text', CommandTimeout='30']
info: Onion.CleanArchitecture.WebApp.Server.Services.MicroserviceLauncherHostedService[0]
      [OrderAcceptService]       SELECT o."Id", o."CreatedAt", o."CreatedBy", o."LastModifiedAt", o."LastModifiedBy", o."OrderId", o."Status", o."Timeout", o."TimerId", o."TimerStatus"
info: Onion.CleanArchitecture.WebApp.Server.Services.MicroserviceLauncherHostedService[0]
      [OrderAcceptService]       FROM "OrderTimers" AS o
info: Onion.CleanArchitecture.WebApp.Server.Services.MicroserviceLauncherHostedService[0]
      [OrderAcceptService]       WHERE o."TimerStatus" = 1 AND o."Timeout" <= @now
info: Onion.CleanArchitecture.WebApp.Server.Services.MicroserviceLauncherHostedService[0]
      [OrderAcceptService] info: Microsoft.EntityFrameworkCore.Database.Command[20101]
info: Onion.CleanArchitecture.WebApp.Server.Services.MicroserviceLauncherHostedService[0]
      [OrderAcceptService]       Executed DbCommand (2ms) [Parameters=[@now='?' (DbType = DateTime)], CommandType='Text', CommandTimeout='30']
info: Onion.CleanArchitecture.WebApp.Server.Services.MicroserviceLauncherHostedService[0]
      [OrderAcceptService]       SELECT o."Id", o."CreatedAt", o."CreatedBy", o."LastModifiedAt", o."LastModifiedBy", o."OrderId", o."Status", o."Timeout", o."TimerId", o."TimerStatus"
info: Onion.CleanArchitecture.WebApp.Server.Services.MicroserviceLauncherHostedService[0]
      [OrderAcceptService]       FROM "OrderTimers" AS o
info: Onion.CleanArchitecture.WebApp.Server.Services.MicroserviceLauncherHostedService[0]
      [OrderAcceptService]       WHERE o."TimerStatus" = 1 AND o."Timeout" <= @now
info: Onion.CleanArchitecture.WebApp.Server.Services.MicroserviceLauncherHostedService[0]
      [OrderAcceptService] info: Microsoft.EntityFrameworkCore.Database.Command[20101]
info: Onion.CleanArchitecture.WebApp.Server.Services.MicroserviceLauncherHostedService[0]
      [OrderAcceptService]       Executed DbCommand (1ms) [Parameters=[@now='?' (DbType = DateTime)], CommandType='Text', CommandTimeout='30']
info: Onion.CleanArchitecture.WebApp.Server.Services.MicroserviceLauncherHostedService[0]
      [OrderAcceptService]       SELECT o."Id", o."CreatedAt", o."CreatedBy", o."LastModifiedAt", o."LastModifiedBy", o."OrderId", o."Status", o."Timeout", o."TimerId", o."TimerStatus"
info: Onion.CleanArchitecture.WebApp.Server.Services.MicroserviceLauncherHostedService[0]
      [OrderAcceptService]       FROM "OrderTimers" AS o
info: Onion.CleanArchitecture.WebApp.Server.Services.MicroserviceLauncherHostedService[0]
      [OrderAcceptService]       WHERE o."TimerStatus" = 1 AND o."Timeout" <= @now
info: Onion.CleanArchitecture.WebApp.Server.Services.MicroserviceLauncherHostedService[0]
      [OrderAcceptService] info: Microsoft.EntityFrameworkCore.Database.Command[20101]
info: Onion.CleanArchitecture.WebApp.Server.Services.MicroserviceLauncherHostedService[0]
      [OrderAcceptService]       Executed DbCommand (1ms) [Parameters=[@now='?' (DbType = DateTime)], CommandType='Text', CommandTimeout='30']
info: Onion.CleanArchitecture.WebApp.Server.Services.MicroserviceLauncherHostedService[0]
      [OrderAcceptService]       SELECT o."Id", o."CreatedAt", o."CreatedBy", o."LastModifiedAt", o."LastModifiedBy", o."OrderId", o."Status", o."Timeout", o."TimerId", o."TimerStatus"
info: Onion.CleanArchitecture.WebApp.Server.Services.MicroserviceLauncherHostedService[0]
      [OrderAcceptService]       FROM "OrderTimers" AS o
info: Onion.CleanArchitecture.WebApp.Server.Services.MicroserviceLauncherHostedService[0]
      [OrderAcceptService]       WHERE o."TimerStatus" = 1 AND o."Timeout" <= @now
info: Onion.CleanArchitecture.WebApp.Server.Services.MicroserviceLauncherHostedService[0]
      [OrderAcceptService] info: Microsoft.EntityFrameworkCore.Database.Command[20101]
info: Onion.CleanArchitecture.WebApp.Server.Services.MicroserviceLauncherHostedService[0]
      [OrderAcceptService]       Executed DbCommand (5ms) [Parameters=[@now='?' (DbType = DateTime)], CommandType='Text', CommandTimeout='30']
info: Onion.CleanArchitecture.WebApp.Server.Services.MicroserviceLauncherHostedService[0]
      [OrderAcceptService]       SELECT o."Id", o."CreatedAt", o."CreatedBy", o."LastModifiedAt", o."LastModifiedBy", o."OrderId", o."Status", o."Timeout", o."TimerId", o."TimerStatus"
info: Onion.CleanArchitecture.WebApp.Server.Services.MicroserviceLauncherHostedService[0]
      [OrderAcceptService]       FROM "OrderTimers" AS o
info: Onion.CleanArchitecture.WebApp.Server.Services.MicroserviceLauncherHostedService[0]
      [OrderAcceptService]       WHERE o."TimerStatus" = 1 AND o."Timeout" <= @now
info: Onion.CleanArchitecture.WebApp.Server.Services.MicroserviceLauncherHostedService[0]
      [OrderAcceptService] info: Microsoft.EntityFrameworkCore.Database.Command[20101]
info: Onion.CleanArchitecture.WebApp.Server.Services.MicroserviceLauncherHostedService[0]
      [OrderAcceptService]       Executed DbCommand (1ms) [Parameters=[@now='?' (DbType = DateTime)], CommandType='Text', CommandTimeout='30']
info: Onion.CleanArchitecture.WebApp.Server.Services.MicroserviceLauncherHostedService[0]
      [OrderAcceptService]       SELECT o."Id", o."CreatedAt", o."CreatedBy", o."LastModifiedAt", o."LastModifiedBy", o."OrderId", o."Status", o."Timeout", o."TimerId", o."TimerStatus"
info: Onion.CleanArchitecture.WebApp.Server.Services.MicroserviceLauncherHostedService[0]
      [OrderAcceptService]       FROM "OrderTimers" AS o
info: Onion.CleanArchitecture.WebApp.Server.Services.MicroserviceLauncherHostedService[0]
      [OrderAcceptService]       WHERE o."TimerStatus" = 1 AND o."Timeout" <= @now
info: Onion.CleanArchitecture.WebApp.Server.Services.MicroserviceLauncherHostedService[0]
      [OrderAcceptService] info: Microsoft.EntityFrameworkCore.Database.Command[20101]
info: Onion.CleanArchitecture.WebApp.Server.Services.MicroserviceLauncherHostedService[0]
      [OrderAcceptService]       Executed DbCommand (1ms) [Parameters=[@now='?' (DbType = DateTime)], CommandType='Text', CommandTimeout='30']
info: Onion.CleanArchitecture.WebApp.Server.Services.MicroserviceLauncherHostedService[0]
      [OrderAcceptService]       SELECT o."Id", o."CreatedAt", o."CreatedBy", o."LastModifiedAt", o."LastModifiedBy", o."OrderId", o."Status", o."Timeout", o."TimerId", o."TimerStatus"
info: Onion.CleanArchitecture.WebApp.Server.Services.MicroserviceLauncherHostedService[0]
      [OrderAcceptService]       FROM "OrderTimers" AS o
info: Onion.CleanArchitecture.WebApp.Server.Services.MicroserviceLauncherHostedService[0]
      [OrderAcceptService]       WHERE o."TimerStatus" = 1 AND o."Timeout" <= @now
info: Onion.CleanArchitecture.WebApp.Server.Services.MicroserviceLauncherHostedService[0]
      [OrderAcceptService] info: Microsoft.EntityFrameworkCore.Database.Command[20101]
info: Onion.CleanArchitecture.WebApp.Server.Services.MicroserviceLauncherHostedService[0]
      [OrderAcceptService]       Executed DbCommand (1ms) [Parameters=[@now='?' (DbType = DateTime)], CommandType='Text', CommandTimeout='30']
info: Onion.CleanArchitecture.WebApp.Server.Services.MicroserviceLauncherHostedService[0]
      [OrderAcceptService]       SELECT o."Id", o."CreatedAt", o."CreatedBy", o."LastModifiedAt", o."LastModifiedBy", o."OrderId", o."Status", o."Timeout", o."TimerId", o."TimerStatus"
info: Onion.CleanArchitecture.WebApp.Server.Services.MicroserviceLauncherHostedService[0]
      [OrderAcceptService]       FROM "OrderTimers" AS o
info: Onion.CleanArchitecture.WebApp.Server.Services.MicroserviceLauncherHostedService[0]
      [OrderAcceptService]       WHERE o."TimerStatus" = 1 AND o."Timeout" <= @now
info: Onion.CleanArchitecture.WebApp.Server.Services.MicroserviceLauncherHostedService[0]
      [OrderAcceptService] info: Microsoft.EntityFrameworkCore.Database.Command[20101]
info: Onion.CleanArchitecture.WebApp.Server.Services.MicroserviceLauncherHostedService[0]
      [OrderAcceptService]       Executed DbCommand (1ms) [Parameters=[@now='?' (DbType = DateTime)], CommandType='Text', CommandTimeout='30']
info: Onion.CleanArchitecture.WebApp.Server.Services.MicroserviceLauncherHostedService[0]
      [OrderAcceptService]       SELECT o."Id", o."CreatedAt", o."CreatedBy", o."LastModifiedAt", o."LastModifiedBy", o."OrderId", o."Status", o."Timeout", o."TimerId", o."TimerStatus"
info: Onion.CleanArchitecture.WebApp.Server.Services.MicroserviceLauncherHostedService[0]
      [OrderAcceptService]       FROM "OrderTimers" AS o
info: Onion.CleanArchitecture.WebApp.Server.Services.MicroserviceLauncherHostedService[0]
      [OrderAcceptService]       WHERE o."TimerStatus" = 1 AND o."Timeout" <= @now
info: Onion.CleanArchitecture.WebApp.Server.Services.MicroserviceLauncherHostedService[0]
      [OrderAcceptService] info: Microsoft.EntityFrameworkCore.Database.Command[20101]
info: Onion.CleanArchitecture.WebApp.Server.Services.MicroserviceLauncherHostedService[0]
      [OrderAcceptService]       Executed DbCommand (1ms) [Parameters=[@now='?' (DbType = DateTime)], CommandType='Text', CommandTimeout='30']
info: Onion.CleanArchitecture.WebApp.Server.Services.MicroserviceLauncherHostedService[0]
      [OrderAcceptService]       SELECT o."Id", o."CreatedAt", o."CreatedBy", o."LastModifiedAt", o."LastModifiedBy", o."OrderId", o."Status", o."Timeout", o."TimerId", o."TimerStatus"
info: Onion.CleanArchitecture.WebApp.Server.Services.MicroserviceLauncherHostedService[0]
      [OrderAcceptService]       FROM "OrderTimers" AS o
info: Onion.CleanArchitecture.WebApp.Server.Services.MicroserviceLauncherHostedService[0]
      [OrderAcceptService]       WHERE o."TimerStatus" = 1 AND o."Timeout" <= @now
info: Onion.CleanArchitecture.WebApp.Server.Services.MicroserviceLauncherHostedService[0]
      [OrderAcceptService] info: Microsoft.EntityFrameworkCore.Database.Command[20101]
info: Onion.CleanArchitecture.WebApp.Server.Services.MicroserviceLauncherHostedService[0]
      [OrderAcceptService]       Executed DbCommand (1ms) [Parameters=[@now='?' (DbType = DateTime)], CommandType='Text', CommandTimeout='30']
info: Onion.CleanArchitecture.WebApp.Server.Services.MicroserviceLauncherHostedService[0]
      [OrderAcceptService]       SELECT o."Id", o."CreatedAt", o."CreatedBy", o."LastModifiedAt", o."LastModifiedBy", o."OrderId", o."Status", o."Timeout", o."TimerId", o."TimerStatus"
info: Onion.CleanArchitecture.WebApp.Server.Services.MicroserviceLauncherHostedService[0]
      [OrderAcceptService]       FROM "OrderTimers" AS o
info: Onion.CleanArchitecture.WebApp.Server.Services.MicroserviceLauncherHostedService[0]
      [OrderAcceptService]       WHERE o."TimerStatus" = 1 AND o."Timeout" <= @now
info: Onion.CleanArchitecture.WebApp.Server.Services.MicroserviceLauncherHostedService[0]
      [OrderAcceptService] info: Microsoft.EntityFrameworkCore.Database.Command[20101]
info: Onion.CleanArchitecture.WebApp.Server.Services.MicroserviceLauncherHostedService[0]
      [OrderAcceptService]       Executed DbCommand (3ms) [Parameters=[@now='?' (DbType = DateTime)], CommandType='Text', CommandTimeout='30']
info: Onion.CleanArchitecture.WebApp.Server.Services.MicroserviceLauncherHostedService[0]
      [OrderAcceptService]       SELECT o."Id", o."CreatedAt", o."CreatedBy", o."LastModifiedAt", o."LastModifiedBy", o."OrderId", o."Status", o."Timeout", o."TimerId", o."TimerStatus"
info: Onion.CleanArchitecture.WebApp.Server.Services.MicroserviceLauncherHostedService[0]
      [OrderAcceptService]       FROM "OrderTimers" AS o
info: Onion.CleanArchitecture.WebApp.Server.Services.MicroserviceLauncherHostedService[0]
      [OrderAcceptService]       WHERE o."TimerStatus" = 1 AND o."Timeout" <= @now
info: Onion.CleanArchitecture.WebApp.Server.Services.MicroserviceLauncherHostedService[0]
      [OrderAcceptService] info: Microsoft.EntityFrameworkCore.Database.Command[20101]
info: Onion.CleanArchitecture.WebApp.Server.Services.MicroserviceLauncherHostedService[0]
      [OrderAcceptService]       Executed DbCommand (2ms) [Parameters=[@now='?' (DbType = DateTime)], CommandType='Text', CommandTimeout='30']
info: Onion.CleanArchitecture.WebApp.Server.Services.MicroserviceLauncherHostedService[0]
      [OrderAcceptService]       SELECT o."Id", o."CreatedAt", o."CreatedBy", o."LastModifiedAt", o."LastModifiedBy", o."OrderId", o."Status", o."Timeout", o."TimerId", o."TimerStatus"
info: Onion.CleanArchitecture.WebApp.Server.Services.MicroserviceLauncherHostedService[0]
      [OrderAcceptService]       FROM "OrderTimers" AS o
info: Onion.CleanArchitecture.WebApp.Server.Services.MicroserviceLauncherHostedService[0]
      [OrderAcceptService]       WHERE o."TimerStatus" = 1 AND o."Timeout" <= @now
info: Onion.CleanArchitecture.WebApp.Server.Services.MicroserviceLauncherHostedService[0]
      [OrderAcceptService] info: Microsoft.EntityFrameworkCore.Database.Command[20101]
info: Onion.CleanArchitecture.WebApp.Server.Services.MicroserviceLauncherHostedService[0]
      [OrderAcceptService]       Executed DbCommand (1ms) [Parameters=[@now='?' (DbType = DateTime)], CommandType='Text', CommandTimeout='30']
info: Onion.CleanArchitecture.WebApp.Server.Services.MicroserviceLauncherHostedService[0]
      [OrderAcceptService]       SELECT o."Id", o."CreatedAt", o."CreatedBy", o."LastModifiedAt", o."LastModifiedBy", o."OrderId", o."Status", o."Timeout", o."TimerId", o."TimerStatus"
info: Onion.CleanArchitecture.WebApp.Server.Services.MicroserviceLauncherHostedService[0]
      [OrderAcceptService]       FROM "OrderTimers" AS o
info: Onion.CleanArchitecture.WebApp.Server.Services.MicroserviceLauncherHostedService[0]
      [OrderAcceptService]       WHERE o."TimerStatus" = 1 AND o."Timeout" <= @now
info: Onion.CleanArchitecture.WebApp.Server.Services.MicroserviceLauncherHostedService[0]
      [OrderAcceptService] info: Microsoft.EntityFrameworkCore.Database.Command[20101]
info: Onion.CleanArchitecture.WebApp.Server.Services.MicroserviceLauncherHostedService[0]
      [OrderAcceptService]       Executed DbCommand (2ms) [Parameters=[@now='?' (DbType = DateTime)], CommandType='Text', CommandTimeout='30']
info: Onion.CleanArchitecture.WebApp.Server.Services.MicroserviceLauncherHostedService[0]
      [OrderAcceptService]       SELECT o."Id", o."CreatedAt", o."CreatedBy", o."LastModifiedAt", o."LastModifiedBy", o."OrderId", o."Status", o."Timeout", o."TimerId", o."TimerStatus"
info: Onion.CleanArchitecture.WebApp.Server.Services.MicroserviceLauncherHostedService[0]
      [OrderAcceptService]       FROM "OrderTimers" AS o
info: Onion.CleanArchitecture.WebApp.Server.Services.MicroserviceLauncherHostedService[0]
      [OrderAcceptService]       WHERE o."TimerStatus" = 1 AND o."Timeout" <= @now
info: Onion.CleanArchitecture.WebApp.Server.Services.MicroserviceLauncherHostedService[0]
      [OrderAcceptService] info: Microsoft.EntityFrameworkCore.Database.Command[20101]
info: Onion.CleanArchitecture.WebApp.Server.Services.MicroserviceLauncherHostedService[0]
      [OrderAcceptService]       Executed DbCommand (1ms) [Parameters=[@now='?' (DbType = DateTime)], CommandType='Text', CommandTimeout='30']
info: Onion.CleanArchitecture.WebApp.Server.Services.MicroserviceLauncherHostedService[0]
      [OrderAcceptService]       SELECT o."Id", o."CreatedAt", o."CreatedBy", o."LastModifiedAt", o."LastModifiedBy", o."OrderId", o."Status", o."Timeout", o."TimerId", o."TimerStatus"
info: Onion.CleanArchitecture.WebApp.Server.Services.MicroserviceLauncherHostedService[0]
      [OrderAcceptService]       FROM "OrderTimers" AS o
info: Onion.CleanArchitecture.WebApp.Server.Services.MicroserviceLauncherHostedService[0]
      [OrderAcceptService]       WHERE o."TimerStatus" = 1 AND o."Timeout" <= @now
info: Onion.CleanArchitecture.WebApp.Server.Services.MicroserviceLauncherHostedService[0]
      [OrderAcceptService] info: Microsoft.EntityFrameworkCore.Database.Command[20101]
info: Onion.CleanArchitecture.WebApp.Server.Services.MicroserviceLauncherHostedService[0]
      [OrderAcceptService]       Executed DbCommand (1ms) [Parameters=[@now='?' (DbType = DateTime)], CommandType='Text', CommandTimeout='30']
info: Onion.CleanArchitecture.WebApp.Server.Services.MicroserviceLauncherHostedService[0]
      [OrderAcceptService]       SELECT o."Id", o."CreatedAt", o."CreatedBy", o."LastModifiedAt", o."LastModifiedBy", o."OrderId", o."Status", o."Timeout", o."TimerId", o."TimerStatus"
info: Onion.CleanArchitecture.WebApp.Server.Services.MicroserviceLauncherHostedService[0]
      [OrderAcceptService]       FROM "OrderTimers" AS o
info: Onion.CleanArchitecture.WebApp.Server.Services.MicroserviceLauncherHostedService[0]
      [OrderAcceptService]       WHERE o."TimerStatus" = 1 AND o."Timeout" <= @now
info: Onion.CleanArchitecture.WebApp.Server.Services.MicroserviceLauncherHostedService[0]
      [OrderAcceptService] info: Microsoft.EntityFrameworkCore.Database.Command[20101]
info: Onion.CleanArchitecture.WebApp.Server.Services.MicroserviceLauncherHostedService[0]
      [OrderAcceptService]       Executed DbCommand (1ms) [Parameters=[@now='?' (DbType = DateTime)], CommandType='Text', CommandTimeout='30']
info: Onion.CleanArchitecture.WebApp.Server.Services.MicroserviceLauncherHostedService[0]
      [OrderAcceptService]       SELECT o."Id", o."CreatedAt", o."CreatedBy", o."LastModifiedAt", o."LastModifiedBy", o."OrderId", o."Status", o."Timeout", o."TimerId", o."TimerStatus"
info: Onion.CleanArchitecture.WebApp.Server.Services.MicroserviceLauncherHostedService[0]
      [OrderAcceptService]       FROM "OrderTimers" AS o
info: Onion.CleanArchitecture.WebApp.Server.Services.MicroserviceLauncherHostedService[0]
      [OrderAcceptService]       WHERE o."TimerStatus" = 1 AND o."Timeout" <= @now
info: Onion.CleanArchitecture.WebApp.Server.Services.MicroserviceLauncherHostedService[0]
      [OrderAcceptService] info: Microsoft.EntityFrameworkCore.Database.Command[20101]
info: Onion.CleanArchitecture.WebApp.Server.Services.MicroserviceLauncherHostedService[0]
      [OrderAcceptService]       Executed DbCommand (1ms) [Parameters=[@now='?' (DbType = DateTime)], CommandType='Text', CommandTimeout='30']
info: Onion.CleanArchitecture.WebApp.Server.Services.MicroserviceLauncherHostedService[0]
      [OrderAcceptService]       SELECT o."Id", o."CreatedAt", o."CreatedBy", o."LastModifiedAt", o."LastModifiedBy", o."OrderId", o."Status", o."Timeout", o."TimerId", o."TimerStatus"
info: Onion.CleanArchitecture.WebApp.Server.Services.MicroserviceLauncherHostedService[0]
      [OrderAcceptService]       FROM "OrderTimers" AS o
info: Onion.CleanArchitecture.WebApp.Server.Services.MicroserviceLauncherHostedService[0]
      [OrderAcceptService]       WHERE o."TimerStatus" = 1 AND o."Timeout" <= @now
info: Onion.CleanArchitecture.WebApp.Server.Services.MicroserviceLauncherHostedService[0]
      [OrderAcceptService] info: Microsoft.EntityFrameworkCore.Database.Command[20101]
info: Onion.CleanArchitecture.WebApp.Server.Services.MicroserviceLauncherHostedService[0]
      [OrderAcceptService]       Executed DbCommand (1ms) [Parameters=[@now='?' (DbType = DateTime)], CommandType='Text', CommandTimeout='30']
info: Onion.CleanArchitecture.WebApp.Server.Services.MicroserviceLauncherHostedService[0]
      [OrderAcceptService]       SELECT o."Id", o."CreatedAt", o."CreatedBy", o."LastModifiedAt", o."LastModifiedBy", o."OrderId", o."Status", o."Timeout", o."TimerId", o."TimerStatus"
info: Onion.CleanArchitecture.WebApp.Server.Services.MicroserviceLauncherHostedService[0]
      [OrderAcceptService]       FROM "OrderTimers" AS o
info: Onion.CleanArchitecture.WebApp.Server.Services.MicroserviceLauncherHostedService[0]
      [OrderAcceptService]       WHERE o."TimerStatus" = 1 AND o."Timeout" <= @now
info: Onion.CleanArchitecture.WebApp.Server.Services.MicroserviceLauncherHostedService[0]
      [OrderAcceptService] info: Microsoft.EntityFrameworkCore.Database.Command[20101]
info: Onion.CleanArchitecture.WebApp.Server.Services.MicroserviceLauncherHostedService[0]
      [OrderAcceptService]       Executed DbCommand (1ms) [Parameters=[@now='?' (DbType = DateTime)], CommandType='Text', CommandTimeout='30']
info: Onion.CleanArchitecture.WebApp.Server.Services.MicroserviceLauncherHostedService[0]
      [OrderAcceptService]       SELECT o."Id", o."CreatedAt", o."CreatedBy", o."LastModifiedAt", o."LastModifiedBy", o."OrderId", o."Status", o."Timeout", o."TimerId", o."TimerStatus"
info: Onion.CleanArchitecture.WebApp.Server.Services.MicroserviceLauncherHostedService[0]
      [OrderAcceptService]       FROM "OrderTimers" AS o
info: Onion.CleanArchitecture.WebApp.Server.Services.MicroserviceLauncherHostedService[0]
      [OrderAcceptService]       WHERE o."TimerStatus" = 1 AND o."Timeout" <= @now
info: Onion.CleanArchitecture.WebApp.Server.Services.MicroserviceLauncherHostedService[0]
      [OrderAcceptService] info: Microsoft.EntityFrameworkCore.Database.Command[20101]
info: Onion.CleanArchitecture.WebApp.Server.Services.MicroserviceLauncherHostedService[0]
      [OrderAcceptService]       Executed DbCommand (1ms) [Parameters=[@now='?' (DbType = DateTime)], CommandType='Text', CommandTimeout='30']
info: Onion.CleanArchitecture.WebApp.Server.Services.MicroserviceLauncherHostedService[0]
      [OrderAcceptService]       SELECT o."Id", o."CreatedAt", o."CreatedBy", o."LastModifiedAt", o."LastModifiedBy", o."OrderId", o."Status", o."Timeout", o."TimerId", o."TimerStatus"
info: Onion.CleanArchitecture.WebApp.Server.Services.MicroserviceLauncherHostedService[0]
      [OrderAcceptService]       FROM "OrderTimers" AS o
info: Onion.CleanArchitecture.WebApp.Server.Services.MicroserviceLauncherHostedService[0]
      [OrderAcceptService]       WHERE o."TimerStatus" = 1 AND o."Timeout" <= @now
info: Onion.CleanArchitecture.WebApp.Server.Services.MicroserviceLauncherHostedService[0]
      [OrderAcceptService] info: Microsoft.EntityFrameworkCore.Database.Command[20101]
info: Onion.CleanArchitecture.WebApp.Server.Services.MicroserviceLauncherHostedService[0]
      [OrderAcceptService]       Executed DbCommand (1ms) [Parameters=[@now='?' (DbType = DateTime)], CommandType='Text', CommandTimeout='30']
info: Onion.CleanArchitecture.WebApp.Server.Services.MicroserviceLauncherHostedService[0]
      [OrderAcceptService]       SELECT o."Id", o."CreatedAt", o."CreatedBy", o."LastModifiedAt", o."LastModifiedBy", o."OrderId", o."Status", o."Timeout", o."TimerId", o."TimerStatus"
info: Onion.CleanArchitecture.WebApp.Server.Services.MicroserviceLauncherHostedService[0]
      [OrderAcceptService]       FROM "OrderTimers" AS o
info: Onion.CleanArchitecture.WebApp.Server.Services.MicroserviceLauncherHostedService[0]
      [OrderAcceptService]       WHERE o."TimerStatus" = 1 AND o."Timeout" <= @now
info: Onion.CleanArchitecture.WebApp.Server.Services.MicroserviceLauncherHostedService[0]
      [OrderAcceptService] info: Microsoft.EntityFrameworkCore.Database.Command[20101]
info: Onion.CleanArchitecture.WebApp.Server.Services.MicroserviceLauncherHostedService[0]
      [OrderAcceptService]       Executed DbCommand (1ms) [Parameters=[@now='?' (DbType = DateTime)], CommandType='Text', CommandTimeout='30']
info: Onion.CleanArchitecture.WebApp.Server.Services.MicroserviceLauncherHostedService[0]
      [OrderAcceptService]       SELECT o."Id", o."CreatedAt", o."CreatedBy", o."LastModifiedAt", o."LastModifiedBy", o."OrderId", o."Status", o."Timeout", o."TimerId", o."TimerStatus"
info: Onion.CleanArchitecture.WebApp.Server.Services.MicroserviceLauncherHostedService[0]
      [OrderAcceptService]       FROM "OrderTimers" AS o
info: Onion.CleanArchitecture.WebApp.Server.Services.MicroserviceLauncherHostedService[0]
      [OrderAcceptService]       WHERE o."TimerStatus" = 1 AND o."Timeout" <= @now
info: Onion.CleanArchitecture.WebApp.Server.Services.MicroserviceLauncherHostedService[0]
      [OrderAcceptService] info: Microsoft.EntityFrameworkCore.Database.Command[20101]
info: Onion.CleanArchitecture.WebApp.Server.Services.MicroserviceLauncherHostedService[0]
      [OrderAcceptService]       Executed DbCommand (1ms) [Parameters=[@now='?' (DbType = DateTime)], CommandType='Text', CommandTimeout='30']
info: Onion.CleanArchitecture.WebApp.Server.Services.MicroserviceLauncherHostedService[0]
      [OrderAcceptService]       SELECT o."Id", o."CreatedAt", o."CreatedBy", o."LastModifiedAt", o."LastModifiedBy", o."OrderId", o."Status", o."Timeout", o."TimerId", o."TimerStatus"
info: Onion.CleanArchitecture.WebApp.Server.Services.MicroserviceLauncherHostedService[0]
      [OrderAcceptService]       FROM "OrderTimers" AS o
info: Onion.CleanArchitecture.WebApp.Server.Services.MicroserviceLauncherHostedService[0]
      [OrderAcceptService]       WHERE o."TimerStatus" = 1 AND o."Timeout" <= @now
info: Onion.CleanArchitecture.WebApp.Server.Services.MicroserviceLauncherHostedService[0]
      [OrderAcceptService] info: Microsoft.EntityFrameworkCore.Database.Command[20101]
info: Onion.CleanArchitecture.WebApp.Server.Services.MicroserviceLauncherHostedService[0]
      [OrderAcceptService]       Executed DbCommand (3ms) [Parameters=[@now='?' (DbType = DateTime)], CommandType='Text', CommandTimeout='30']
info: Onion.CleanArchitecture.WebApp.Server.Services.MicroserviceLauncherHostedService[0]
      [OrderAcceptService]       SELECT o."Id", o."CreatedAt", o."CreatedBy", o."LastModifiedAt", o."LastModifiedBy", o."OrderId", o."Status", o."Timeout", o."TimerId", o."TimerStatus"
info: Onion.CleanArchitecture.WebApp.Server.Services.MicroserviceLauncherHostedService[0]
      [OrderAcceptService]       FROM "OrderTimers" AS o
info: Onion.CleanArchitecture.WebApp.Server.Services.MicroserviceLauncherHostedService[0]
      [OrderAcceptService]       WHERE o."TimerStatus" = 1 AND o."Timeout" <= @now
info: Onion.CleanArchitecture.WebApp.Server.Services.MicroserviceLauncherHostedService[0]
      [OrderAcceptService] info: Microsoft.EntityFrameworkCore.Database.Command[20101]
info: Onion.CleanArchitecture.WebApp.Server.Services.MicroserviceLauncherHostedService[0]
      [OrderAcceptService]       Executed DbCommand (1ms) [Parameters=[@now='?' (DbType = DateTime)], CommandType='Text', CommandTimeout='30']
info: Onion.CleanArchitecture.WebApp.Server.Services.MicroserviceLauncherHostedService[0]
      [OrderAcceptService]       SELECT o."Id", o."CreatedAt", o."CreatedBy", o."LastModifiedAt", o."LastModifiedBy", o."OrderId", o."Status", o."Timeout", o."TimerId", o."TimerStatus"
info: Onion.CleanArchitecture.WebApp.Server.Services.MicroserviceLauncherHostedService[0]
      [OrderAcceptService]       FROM "OrderTimers" AS o
info: Onion.CleanArchitecture.WebApp.Server.Services.MicroserviceLauncherHostedService[0]
      [OrderAcceptService]       WHERE o."TimerStatus" = 1 AND o."Timeout" <= @now
info: Onion.CleanArchitecture.WebApp.Server.Services.MicroserviceLauncherHostedService[0]
      [OrderAcceptService] info: Microsoft.EntityFrameworkCore.Database.Command[20101]
info: Onion.CleanArchitecture.WebApp.Server.Services.MicroserviceLauncherHostedService[0]
      [OrderAcceptService]       Executed DbCommand (1ms) [Parameters=[@now='?' (DbType = DateTime)], CommandType='Text', CommandTimeout='30']
info: Onion.CleanArchitecture.WebApp.Server.Services.MicroserviceLauncherHostedService[0]
      [OrderAcceptService]       SELECT o."Id", o."CreatedAt", o."CreatedBy", o."LastModifiedAt", o."LastModifiedBy", o."OrderId", o."Status", o."Timeout", o."TimerId", o."TimerStatus"
info: Onion.CleanArchitecture.WebApp.Server.Services.MicroserviceLauncherHostedService[0]
      [OrderAcceptService]       FROM "OrderTimers" AS o
info: Onion.CleanArchitecture.WebApp.Server.Services.MicroserviceLauncherHostedService[0]
      [OrderAcceptService]       WHERE o."TimerStatus" = 1 AND o."Timeout" <= @now
info: Onion.CleanArchitecture.WebApp.Server.Services.MicroserviceLauncherHostedService[0]
      [OrderAcceptService] info: Microsoft.EntityFrameworkCore.Database.Command[20101]
info: Onion.CleanArchitecture.WebApp.Server.Services.MicroserviceLauncherHostedService[0]
      [OrderAcceptService]       Executed DbCommand (1ms) [Parameters=[@now='?' (DbType = DateTime)], CommandType='Text', CommandTimeout='30']
info: Onion.CleanArchitecture.WebApp.Server.Services.MicroserviceLauncherHostedService[0]
      [OrderAcceptService]       SELECT o."Id", o."CreatedAt", o."CreatedBy", o."LastModifiedAt", o."LastModifiedBy", o."OrderId", o."Status", o."Timeout", o."TimerId", o."TimerStatus"
info: Onion.CleanArchitecture.WebApp.Server.Services.MicroserviceLauncherHostedService[0]
      [OrderAcceptService]       FROM "OrderTimers" AS o
info: Onion.CleanArchitecture.WebApp.Server.Services.MicroserviceLauncherHostedService[0]
      [OrderAcceptService]       WHERE o."TimerStatus" = 1 AND o."Timeout" <= @now
info: Onion.CleanArchitecture.WebApp.Server.Services.MicroserviceLauncherHostedService[0]
      [OrderAcceptService] info: Microsoft.EntityFrameworkCore.Database.Command[20101]
info: Onion.CleanArchitecture.WebApp.Server.Services.MicroserviceLauncherHostedService[0]
      [OrderAcceptService]       Executed DbCommand (1ms) [Parameters=[@now='?' (DbType = DateTime)], CommandType='Text', CommandTimeout='30']
info: Onion.CleanArchitecture.WebApp.Server.Services.MicroserviceLauncherHostedService[0]
      [OrderAcceptService]       SELECT o."Id", o."CreatedAt", o."CreatedBy", o."LastModifiedAt", o."LastModifiedBy", o."OrderId", o."Status", o."Timeout", o."TimerId", o."TimerStatus"
info: Onion.CleanArchitecture.WebApp.Server.Services.MicroserviceLauncherHostedService[0]
      [OrderAcceptService]       FROM "OrderTimers" AS o
info: Onion.CleanArchitecture.WebApp.Server.Services.MicroserviceLauncherHostedService[0]
      [OrderAcceptService]       WHERE o."TimerStatus" = 1 AND o."Timeout" <= @now
info: Onion.CleanArchitecture.WebApp.Server.Services.MicroserviceLauncherHostedService[0]
      [OrderAcceptService] info: Microsoft.EntityFrameworkCore.Database.Command[20101]
info: Onion.CleanArchitecture.WebApp.Server.Services.MicroserviceLauncherHostedService[0]
      [OrderAcceptService]       Executed DbCommand (1ms) [Parameters=[@now='?' (DbType = DateTime)], CommandType='Text', CommandTimeout='30']
info: Onion.CleanArchitecture.WebApp.Server.Services.MicroserviceLauncherHostedService[0]
      [OrderAcceptService]       SELECT o."Id", o."CreatedAt", o."CreatedBy", o."LastModifiedAt", o."LastModifiedBy", o."OrderId", o."Status", o."Timeout", o."TimerId", o."TimerStatus"
info: Onion.CleanArchitecture.WebApp.Server.Services.MicroserviceLauncherHostedService[0]
      [OrderAcceptService]       FROM "OrderTimers" AS o
info: Onion.CleanArchitecture.WebApp.Server.Services.MicroserviceLauncherHostedService[0]
      [OrderAcceptService]       WHERE o."TimerStatus" = 1 AND o."Timeout" <= @now
info: Onion.CleanArchitecture.WebApp.Server.Services.MicroserviceLauncherHostedService[0]
      [OrderAcceptService] info: Microsoft.EntityFrameworkCore.Database.Command[20101]
info: Onion.CleanArchitecture.WebApp.Server.Services.MicroserviceLauncherHostedService[0]
      [OrderAcceptService]       Executed DbCommand (1ms) [Parameters=[@now='?' (DbType = DateTime)], CommandType='Text', CommandTimeout='30']
info: Onion.CleanArchitecture.WebApp.Server.Services.MicroserviceLauncherHostedService[0]
      [OrderAcceptService]       SELECT o."Id", o."CreatedAt", o."CreatedBy", o."LastModifiedAt", o."LastModifiedBy", o."OrderId", o."Status", o."Timeout", o."TimerId", o."TimerStatus"
info: Onion.CleanArchitecture.WebApp.Server.Services.MicroserviceLauncherHostedService[0]
      [OrderAcceptService]       FROM "OrderTimers" AS o
info: Onion.CleanArchitecture.WebApp.Server.Services.MicroserviceLauncherHostedService[0]
      [OrderAcceptService]       WHERE o."TimerStatus" = 1 AND o."Timeout" <= @now
info: Onion.CleanArchitecture.WebApp.Server.Services.MicroserviceLauncherHostedService[0]
      [OrderAcceptService] info: Microsoft.EntityFrameworkCore.Database.Command[20101]
info: Onion.CleanArchitecture.WebApp.Server.Services.MicroserviceLauncherHostedService[0]
      [OrderAcceptService]       Executed DbCommand (1ms) [Parameters=[@now='?' (DbType = DateTime)], CommandType='Text', CommandTimeout='30']
info: Onion.CleanArchitecture.WebApp.Server.Services.MicroserviceLauncherHostedService[0]
      [OrderAcceptService]       SELECT o."Id", o."CreatedAt", o."CreatedBy", o."LastModifiedAt", o."LastModifiedBy", o."OrderId", o."Status", o."Timeout", o."TimerId", o."TimerStatus"
info: Onion.CleanArchitecture.WebApp.Server.Services.MicroserviceLauncherHostedService[0]
      [OrderAcceptService]       FROM "OrderTimers" AS o
info: Onion.CleanArchitecture.WebApp.Server.Services.MicroserviceLauncherHostedService[0]
      [OrderAcceptService]       WHERE o."TimerStatus" = 1 AND o."Timeout" <= @now
info: Onion.CleanArchitecture.WebApp.Server.Services.MicroserviceLauncherHostedService[0]
      [OrderAcceptService] info: Microsoft.EntityFrameworkCore.Database.Command[20101]
info: Onion.CleanArchitecture.WebApp.Server.Services.MicroserviceLauncherHostedService[0]
      [OrderAcceptService]       Executed DbCommand (1ms) [Parameters=[@now='?' (DbType = DateTime)], CommandType='Text', CommandTimeout='30']
info: Onion.CleanArchitecture.WebApp.Server.Services.MicroserviceLauncherHostedService[0]
      [OrderAcceptService]       SELECT o."Id", o."CreatedAt", o."CreatedBy", o."LastModifiedAt", o."LastModifiedBy", o."OrderId", o."Status", o."Timeout", o."TimerId", o."TimerStatus"
info: Onion.CleanArchitecture.WebApp.Server.Services.MicroserviceLauncherHostedService[0]
      [OrderAcceptService]       FROM "OrderTimers" AS o
info: Onion.CleanArchitecture.WebApp.Server.Services.MicroserviceLauncherHostedService[0]
      [OrderAcceptService]       WHERE o."TimerStatus" = 1 AND o."Timeout" <= @now
info: Onion.CleanArchitecture.WebApp.Server.Services.MicroserviceLauncherHostedService[0]
      [OrderAcceptService] info: Microsoft.EntityFrameworkCore.Database.Command[20101]
info: Onion.CleanArchitecture.WebApp.Server.Services.MicroserviceLauncherHostedService[0]
      [OrderAcceptService]       Executed DbCommand (1ms) [Parameters=[@now='?' (DbType = DateTime)], CommandType='Text', CommandTimeout='30']
info: Onion.CleanArchitecture.WebApp.Server.Services.MicroserviceLauncherHostedService[0]
      [OrderAcceptService]       SELECT o."Id", o."CreatedAt", o."CreatedBy", o."LastModifiedAt", o."LastModifiedBy", o."OrderId", o."Status", o."Timeout", o."TimerId", o."TimerStatus"
info: Onion.CleanArchitecture.WebApp.Server.Services.MicroserviceLauncherHostedService[0]
      [OrderAcceptService]       FROM "OrderTimers" AS o
info: Onion.CleanArchitecture.WebApp.Server.Services.MicroserviceLauncherHostedService[0]
      [OrderAcceptService]       WHERE o."TimerStatus" = 1 AND o."Timeout" <= @now
info: Onion.CleanArchitecture.WebApp.Server.Services.MicroserviceLauncherHostedService[0]
      [OrderAcceptService] info: Microsoft.EntityFrameworkCore.Database.Command[20101]
info: Onion.CleanArchitecture.WebApp.Server.Services.MicroserviceLauncherHostedService[0]
      [OrderAcceptService]       Executed DbCommand (1ms) [Parameters=[@now='?' (DbType = DateTime)], CommandType='Text', CommandTimeout='30']
info: Onion.CleanArchitecture.WebApp.Server.Services.MicroserviceLauncherHostedService[0]
      [OrderAcceptService]       SELECT o."Id", o."CreatedAt", o."CreatedBy", o."LastModifiedAt", o."LastModifiedBy", o."OrderId", o."Status", o."Timeout", o."TimerId", o."TimerStatus"
info: Onion.CleanArchitecture.WebApp.Server.Services.MicroserviceLauncherHostedService[0]
      [OrderAcceptService]       FROM "OrderTimers" AS o
info: Onion.CleanArchitecture.WebApp.Server.Services.MicroserviceLauncherHostedService[0]
      [OrderAcceptService]       WHERE o."TimerStatus" = 1 AND o."Timeout" <= @now
info: Onion.CleanArchitecture.WebApp.Server.Services.MicroserviceLauncherHostedService[0]
      [OrderAcceptService] info: Microsoft.EntityFrameworkCore.Database.Command[20101]
info: Onion.CleanArchitecture.WebApp.Server.Services.MicroserviceLauncherHostedService[0]
      [OrderAcceptService]       Executed DbCommand (2ms) [Parameters=[@now='?' (DbType = DateTime)], CommandType='Text', CommandTimeout='30']
info: Onion.CleanArchitecture.WebApp.Server.Services.MicroserviceLauncherHostedService[0]
      [OrderAcceptService]       SELECT o."Id", o."CreatedAt", o."CreatedBy", o."LastModifiedAt", o."LastModifiedBy", o."OrderId", o."Status", o."Timeout", o."TimerId", o."TimerStatus"
info: Onion.CleanArchitecture.WebApp.Server.Services.MicroserviceLauncherHostedService[0]
      [OrderAcceptService]       FROM "OrderTimers" AS o
info: Onion.CleanArchitecture.WebApp.Server.Services.MicroserviceLauncherHostedService[0]
      [OrderAcceptService]       WHERE o."TimerStatus" = 1 AND o."Timeout" <= @now
info: Onion.CleanArchitecture.WebApp.Server.Services.MicroserviceLauncherHostedService[0]
      [OrderAcceptService] info: Microsoft.EntityFrameworkCore.Database.Command[20101]
info: Onion.CleanArchitecture.WebApp.Server.Services.MicroserviceLauncherHostedService[0]
      [OrderAcceptService]       Executed DbCommand (1ms) [Parameters=[@now='?' (DbType = DateTime)], CommandType='Text', CommandTimeout='30']
info: Onion.CleanArchitecture.WebApp.Server.Services.MicroserviceLauncherHostedService[0]
      [OrderAcceptService]       SELECT o."Id", o."CreatedAt", o."CreatedBy", o."LastModifiedAt", o."LastModifiedBy", o."OrderId", o."Status", o."Timeout", o."TimerId", o."TimerStatus"
info: Onion.CleanArchitecture.WebApp.Server.Services.MicroserviceLauncherHostedService[0]
      [OrderAcceptService]       FROM "OrderTimers" AS o
info: Onion.CleanArchitecture.WebApp.Server.Services.MicroserviceLauncherHostedService[0]
      [OrderAcceptService]       WHERE o."TimerStatus" = 1 AND o."Timeout" <= @now
info: Onion.CleanArchitecture.WebApp.Server.Services.MicroserviceLauncherHostedService[0]
      [OrderAcceptService] info: Microsoft.EntityFrameworkCore.Database.Command[20101]
info: Onion.CleanArchitecture.WebApp.Server.Services.MicroserviceLauncherHostedService[0]
      [OrderAcceptService]       Executed DbCommand (1ms) [Parameters=[@now='?' (DbType = DateTime)], CommandType='Text', CommandTimeout='30']
info: Onion.CleanArchitecture.WebApp.Server.Services.MicroserviceLauncherHostedService[0]
      [OrderAcceptService]       SELECT o."Id", o."CreatedAt", o."CreatedBy", o."LastModifiedAt", o."LastModifiedBy", o."OrderId", o."Status", o."Timeout", o."TimerId", o."TimerStatus"
info: Onion.CleanArchitecture.WebApp.Server.Services.MicroserviceLauncherHostedService[0]
      [OrderAcceptService]       FROM "OrderTimers" AS o
info: Onion.CleanArchitecture.WebApp.Server.Services.MicroserviceLauncherHostedService[0]
      [OrderAcceptService]       WHERE o."TimerStatus" = 1 AND o."Timeout" <= @now
info: Onion.CleanArchitecture.WebApp.Server.Services.MicroserviceLauncherHostedService[0]
      [OrderAcceptService] info: Microsoft.EntityFrameworkCore.Database.Command[20101]
info: Onion.CleanArchitecture.WebApp.Server.Services.MicroserviceLauncherHostedService[0]
      [OrderAcceptService]       Executed DbCommand (1ms) [Parameters=[@now='?' (DbType = DateTime)], CommandType='Text', CommandTimeout='30']
info: Onion.CleanArchitecture.WebApp.Server.Services.MicroserviceLauncherHostedService[0]
      [OrderAcceptService]       SELECT o."Id", o."CreatedAt", o."CreatedBy", o."LastModifiedAt", o."LastModifiedBy", o."OrderId", o."Status", o."Timeout", o."TimerId", o."TimerStatus"
info: Onion.CleanArchitecture.WebApp.Server.Services.MicroserviceLauncherHostedService[0]
      [OrderAcceptService]       FROM "OrderTimers" AS o
info: Onion.CleanArchitecture.WebApp.Server.Services.MicroserviceLauncherHostedService[0]
      [OrderAcceptService]       WHERE o."TimerStatus" = 1 AND o."Timeout" <= @now
info: Onion.CleanArchitecture.WebApp.Server.Services.MicroserviceLauncherHostedService[0]
      [OrderAcceptService] info: Microsoft.EntityFrameworkCore.Database.Command[20101]
info: Onion.CleanArchitecture.WebApp.Server.Services.MicroserviceLauncherHostedService[0]
      [OrderAcceptService]       Executed DbCommand (1ms) [Parameters=[@now='?' (DbType = DateTime)], CommandType='Text', CommandTimeout='30']
info: Onion.CleanArchitecture.WebApp.Server.Services.MicroserviceLauncherHostedService[0]
      [OrderAcceptService]       SELECT o."Id", o."CreatedAt", o."CreatedBy", o."LastModifiedAt", o."LastModifiedBy", o."OrderId", o."Status", o."Timeout", o."TimerId", o."TimerStatus"
info: Onion.CleanArchitecture.WebApp.Server.Services.MicroserviceLauncherHostedService[0]
      [OrderAcceptService]       FROM "OrderTimers" AS o
info: Onion.CleanArchitecture.WebApp.Server.Services.MicroserviceLauncherHostedService[0]
      [OrderAcceptService]       WHERE o."TimerStatus" = 1 AND o."Timeout" <= @now
info: Onion.CleanArchitecture.WebApp.Server.Services.MicroserviceLauncherHostedService[0]
      [OrderAcceptService] info: Microsoft.EntityFrameworkCore.Database.Command[20101]
info: Onion.CleanArchitecture.WebApp.Server.Services.MicroserviceLauncherHostedService[0]
      [OrderAcceptService]       Executed DbCommand (1ms) [Parameters=[@now='?' (DbType = DateTime)], CommandType='Text', CommandTimeout='30']
info: Onion.CleanArchitecture.WebApp.Server.Services.MicroserviceLauncherHostedService[0]
      [OrderAcceptService]       SELECT o."Id", o."CreatedAt", o."CreatedBy", o."LastModifiedAt", o."LastModifiedBy", o."OrderId", o."Status", o."Timeout", o."TimerId", o."TimerStatus"
info: Onion.CleanArchitecture.WebApp.Server.Services.MicroserviceLauncherHostedService[0]
      [OrderAcceptService]       FROM "OrderTimers" AS o
info: Onion.CleanArchitecture.WebApp.Server.Services.MicroserviceLauncherHostedService[0]
      [OrderAcceptService]       WHERE o."TimerStatus" = 1 AND o."Timeout" <= @now
info: Onion.CleanArchitecture.WebApp.Server.Services.MicroserviceLauncherHostedService[0]
      [OrderAcceptService] info: Microsoft.EntityFrameworkCore.Database.Command[20101]
info: Onion.CleanArchitecture.WebApp.Server.Services.MicroserviceLauncherHostedService[0]
      [OrderAcceptService]       Executed DbCommand (1ms) [Parameters=[@now='?' (DbType = DateTime)], CommandType='Text', CommandTimeout='30']
info: Onion.CleanArchitecture.WebApp.Server.Services.MicroserviceLauncherHostedService[0]
      [OrderAcceptService]       SELECT o."Id", o."CreatedAt", o."CreatedBy", o."LastModifiedAt", o."LastModifiedBy", o."OrderId", o."Status", o."Timeout", o."TimerId", o."TimerStatus"
info: Onion.CleanArchitecture.WebApp.Server.Services.MicroserviceLauncherHostedService[0]
      [OrderAcceptService]       FROM "OrderTimers" AS o
info: Onion.CleanArchitecture.WebApp.Server.Services.MicroserviceLauncherHostedService[0]
      [OrderAcceptService]       WHERE o."TimerStatus" = 1 AND o."Timeout" <= @now
info: Onion.CleanArchitecture.WebApp.Server.Services.MicroserviceLauncherHostedService[0]
      [OrderAcceptService] info: Microsoft.EntityFrameworkCore.Database.Command[20101]
info: Onion.CleanArchitecture.WebApp.Server.Services.MicroserviceLauncherHostedService[0]
      [OrderAcceptService]       Executed DbCommand (1ms) [Parameters=[@now='?' (DbType = DateTime)], CommandType='Text', CommandTimeout='30']
info: Onion.CleanArchitecture.WebApp.Server.Services.MicroserviceLauncherHostedService[0]
      [OrderAcceptService]       SELECT o."Id", o."CreatedAt", o."CreatedBy", o."LastModifiedAt", o."LastModifiedBy", o."OrderId", o."Status", o."Timeout", o."TimerId", o."TimerStatus"
info: Onion.CleanArchitecture.WebApp.Server.Services.MicroserviceLauncherHostedService[0]
      [OrderAcceptService]       FROM "OrderTimers" AS o
info: Onion.CleanArchitecture.WebApp.Server.Services.MicroserviceLauncherHostedService[0]
      [OrderAcceptService]       WHERE o."TimerStatus" = 1 AND o."Timeout" <= @now
info: Onion.CleanArchitecture.WebApp.Server.Services.MicroserviceLauncherHostedService[0]
      [OrderAcceptService] info: Microsoft.EntityFrameworkCore.Database.Command[20101]
info: Onion.CleanArchitecture.WebApp.Server.Services.MicroserviceLauncherHostedService[0]
      [OrderAcceptService]       Executed DbCommand (1ms) [Parameters=[@now='?' (DbType = DateTime)], CommandType='Text', CommandTimeout='30']
info: Onion.CleanArchitecture.WebApp.Server.Services.MicroserviceLauncherHostedService[0]
      [OrderAcceptService]       SELECT o."Id", o."CreatedAt", o."CreatedBy", o."LastModifiedAt", o."LastModifiedBy", o."OrderId", o."Status", o."Timeout", o."TimerId", o."TimerStatus"
info: Onion.CleanArchitecture.WebApp.Server.Services.MicroserviceLauncherHostedService[0]
      [OrderAcceptService]       FROM "OrderTimers" AS o
info: Onion.CleanArchitecture.WebApp.Server.Services.MicroserviceLauncherHostedService[0]
      [OrderAcceptService]       WHERE o."TimerStatus" = 1 AND o."Timeout" <= @now
info: Onion.CleanArchitecture.WebApp.Server.Services.MicroserviceLauncherHostedService[0]
      [OrderAcceptService] info: Microsoft.EntityFrameworkCore.Database.Command[20101]
info: Onion.CleanArchitecture.WebApp.Server.Services.MicroserviceLauncherHostedService[0]
      [OrderAcceptService]       Executed DbCommand (1ms) [Parameters=[@now='?' (DbType = DateTime)], CommandType='Text', CommandTimeout='30']
info: Onion.CleanArchitecture.WebApp.Server.Services.MicroserviceLauncherHostedService[0]
      [OrderAcceptService]       SELECT o."Id", o."CreatedAt", o."CreatedBy", o."LastModifiedAt", o."LastModifiedBy", o."OrderId", o."Status", o."Timeout", o."TimerId", o."TimerStatus"
info: Onion.CleanArchitecture.WebApp.Server.Services.MicroserviceLauncherHostedService[0]
      [OrderAcceptService]       FROM "OrderTimers" AS o
info: Onion.CleanArchitecture.WebApp.Server.Services.MicroserviceLauncherHostedService[0]
      [OrderAcceptService]       WHERE o."TimerStatus" = 1 AND o."Timeout" <= @now
info: Onion.CleanArchitecture.WebApp.Server.Services.MicroserviceLauncherHostedService[0]
      [OrderAcceptService] info: Microsoft.EntityFrameworkCore.Database.Command[20101]
info: Onion.CleanArchitecture.WebApp.Server.Services.MicroserviceLauncherHostedService[0]
      [OrderAcceptService]       Executed DbCommand (1ms) [Parameters=[@now='?' (DbType = DateTime)], CommandType='Text', CommandTimeout='30']
info: Onion.CleanArchitecture.WebApp.Server.Services.MicroserviceLauncherHostedService[0]
      [OrderAcceptService]       SELECT o."Id", o."CreatedAt", o."CreatedBy", o."LastModifiedAt", o."LastModifiedBy", o."OrderId", o."Status", o."Timeout", o."TimerId", o."TimerStatus"
info: Onion.CleanArchitecture.WebApp.Server.Services.MicroserviceLauncherHostedService[0]
      [OrderAcceptService]       FROM "OrderTimers" AS o
info: Onion.CleanArchitecture.WebApp.Server.Services.MicroserviceLauncherHostedService[0]
      [OrderAcceptService]       WHERE o."TimerStatus" = 1 AND o."Timeout" <= @now
info: Onion.CleanArchitecture.WebApp.Server.Services.MicroserviceLauncherHostedService[0]
      [OrderAcceptService] info: Microsoft.EntityFrameworkCore.Database.Command[20101]
info: Onion.CleanArchitecture.WebApp.Server.Services.MicroserviceLauncherHostedService[0]
      [OrderAcceptService]       Executed DbCommand (3ms) [Parameters=[@now='?' (DbType = DateTime)], CommandType='Text', CommandTimeout='30']
info: Onion.CleanArchitecture.WebApp.Server.Services.MicroserviceLauncherHostedService[0]
      [OrderAcceptService]       SELECT o."Id", o."CreatedAt", o."CreatedBy", o."LastModifiedAt", o."LastModifiedBy", o."OrderId", o."Status", o."Timeout", o."TimerId", o."TimerStatus"
info: Onion.CleanArchitecture.WebApp.Server.Services.MicroserviceLauncherHostedService[0]
      [OrderAcceptService]       FROM "OrderTimers" AS o
info: Onion.CleanArchitecture.WebApp.Server.Services.MicroserviceLauncherHostedService[0]
      [OrderAcceptService]       WHERE o."TimerStatus" = 1 AND o."Timeout" <= @now
info: Onion.CleanArchitecture.WebApp.Server.Services.MicroserviceLauncherHostedService[0]
      [OrderAcceptService] info: Microsoft.EntityFrameworkCore.Database.Command[20101]
info: Onion.CleanArchitecture.WebApp.Server.Services.MicroserviceLauncherHostedService[0]
      [OrderAcceptService]       Executed DbCommand (1ms) [Parameters=[@now='?' (DbType = DateTime)], CommandType='Text', CommandTimeout='30']
info: Onion.CleanArchitecture.WebApp.Server.Services.MicroserviceLauncherHostedService[0]
      [OrderAcceptService]       SELECT o."Id", o."CreatedAt", o."CreatedBy", o."LastModifiedAt", o."LastModifiedBy", o."OrderId", o."Status", o."Timeout", o."TimerId", o."TimerStatus"
info: Onion.CleanArchitecture.WebApp.Server.Services.MicroserviceLauncherHostedService[0]
      [OrderAcceptService]       FROM "OrderTimers" AS o
info: Onion.CleanArchitecture.WebApp.Server.Services.MicroserviceLauncherHostedService[0]
      [OrderAcceptService]       WHERE o."TimerStatus" = 1 AND o."Timeout" <= @now
info: Onion.CleanArchitecture.WebApp.Server.Services.MicroserviceLauncherHostedService[0]
      [OrderAcceptService] info: Microsoft.EntityFrameworkCore.Database.Command[20101]
info: Onion.CleanArchitecture.WebApp.Server.Services.MicroserviceLauncherHostedService[0]
      [OrderAcceptService]       Executed DbCommand (1ms) [Parameters=[@now='?' (DbType = DateTime)], CommandType='Text', CommandTimeout='30']
info: Onion.CleanArchitecture.WebApp.Server.Services.MicroserviceLauncherHostedService[0]
      [OrderAcceptService]       SELECT o."Id", o."CreatedAt", o."CreatedBy", o."LastModifiedAt", o."LastModifiedBy", o."OrderId", o."Status", o."Timeout", o."TimerId", o."TimerStatus"
info: Onion.CleanArchitecture.WebApp.Server.Services.MicroserviceLauncherHostedService[0]
      [OrderAcceptService]       FROM "OrderTimers" AS o
info: Onion.CleanArchitecture.WebApp.Server.Services.MicroserviceLauncherHostedService[0]
      [OrderAcceptService]       WHERE o."TimerStatus" = 1 AND o."Timeout" <= @now
info: Onion.CleanArchitecture.WebApp.Server.Services.MicroserviceLauncherHostedService[0]
      [OrderAcceptService] info: Microsoft.EntityFrameworkCore.Database.Command[20101]
info: Onion.CleanArchitecture.WebApp.Server.Services.MicroserviceLauncherHostedService[0]
      [OrderAcceptService]       Executed DbCommand (1ms) [Parameters=[@now='?' (DbType = DateTime)], CommandType='Text', CommandTimeout='30']
info: Onion.CleanArchitecture.WebApp.Server.Services.MicroserviceLauncherHostedService[0]
      [OrderAcceptService]       SELECT o."Id", o."CreatedAt", o."CreatedBy", o."LastModifiedAt", o."LastModifiedBy", o."OrderId", o."Status", o."Timeout", o."TimerId", o."TimerStatus"
info: Onion.CleanArchitecture.WebApp.Server.Services.MicroserviceLauncherHostedService[0]
      [OrderAcceptService]       FROM "OrderTimers" AS o
info: Onion.CleanArchitecture.WebApp.Server.Services.MicroserviceLauncherHostedService[0]
      [OrderAcceptService]       WHERE o."TimerStatus" = 1 AND o."Timeout" <= @now
info: Onion.CleanArchitecture.WebApp.Server.Services.MicroserviceLauncherHostedService[0]
      [OrderAcceptService] info: Microsoft.EntityFrameworkCore.Database.Command[20101]
info: Onion.CleanArchitecture.WebApp.Server.Services.MicroserviceLauncherHostedService[0]
      [OrderAcceptService]       Executed DbCommand (1ms) [Parameters=[@now='?' (DbType = DateTime)], CommandType='Text', CommandTimeout='30']
info: Onion.CleanArchitecture.WebApp.Server.Services.MicroserviceLauncherHostedService[0]
      [OrderAcceptService]       SELECT o."Id", o."CreatedAt", o."CreatedBy", o."LastModifiedAt", o."LastModifiedBy", o."OrderId", o."Status", o."Timeout", o."TimerId", o."TimerStatus"
info: Onion.CleanArchitecture.WebApp.Server.Services.MicroserviceLauncherHostedService[0]
      [OrderAcceptService]       FROM "OrderTimers" AS o
info: Onion.CleanArchitecture.WebApp.Server.Services.MicroserviceLauncherHostedService[0]
      [OrderAcceptService]       WHERE o."TimerStatus" = 1 AND o."Timeout" <= @now
info: Onion.CleanArchitecture.WebApp.Server.Services.MicroserviceLauncherHostedService[0]
      [OrderAcceptService] info: Microsoft.EntityFrameworkCore.Database.Command[20101]
info: Onion.CleanArchitecture.WebApp.Server.Services.MicroserviceLauncherHostedService[0]
      [OrderAcceptService]       Executed DbCommand (1ms) [Parameters=[@now='?' (DbType = DateTime)], CommandType='Text', CommandTimeout='30']
info: Onion.CleanArchitecture.WebApp.Server.Services.MicroserviceLauncherHostedService[0]
      [OrderAcceptService]       SELECT o."Id", o."CreatedAt", o."CreatedBy", o."LastModifiedAt", o."LastModifiedBy", o."OrderId", o."Status", o."Timeout", o."TimerId", o."TimerStatus"
info: Onion.CleanArchitecture.WebApp.Server.Services.MicroserviceLauncherHostedService[0]
      [OrderAcceptService]       FROM "OrderTimers" AS o
info: Onion.CleanArchitecture.WebApp.Server.Services.MicroserviceLauncherHostedService[0]
      [OrderAcceptService]       WHERE o."TimerStatus" = 1 AND o."Timeout" <= @now
info: Onion.CleanArchitecture.WebApp.Server.Services.MicroserviceLauncherHostedService[0]
      [OrderAcceptService] info: Microsoft.EntityFrameworkCore.Database.Command[20101]
info: Onion.CleanArchitecture.WebApp.Server.Services.MicroserviceLauncherHostedService[0]
      [OrderAcceptService]       Executed DbCommand (1ms) [Parameters=[@now='?' (DbType = DateTime)], CommandType='Text', CommandTimeout='30']
info: Onion.CleanArchitecture.WebApp.Server.Services.MicroserviceLauncherHostedService[0]
      [OrderAcceptService]       SELECT o."Id", o."CreatedAt", o."CreatedBy", o."LastModifiedAt", o."LastModifiedBy", o."OrderId", o."Status", o."Timeout", o."TimerId", o."TimerStatus"
info: Onion.CleanArchitecture.WebApp.Server.Services.MicroserviceLauncherHostedService[0]
      [OrderAcceptService]       FROM "OrderTimers" AS o
info: Onion.CleanArchitecture.WebApp.Server.Services.MicroserviceLauncherHostedService[0]
      [OrderAcceptService]       WHERE o."TimerStatus" = 1 AND o."Timeout" <= @now
info: Onion.CleanArchitecture.WebApp.Server.Services.MicroserviceLauncherHostedService[0]
      [OrderAcceptService] info: Microsoft.EntityFrameworkCore.Database.Command[20101]
info: Onion.CleanArchitecture.WebApp.Server.Services.MicroserviceLauncherHostedService[0]
      [OrderAcceptService]       Executed DbCommand (1ms) [Parameters=[@now='?' (DbType = DateTime)], CommandType='Text', CommandTimeout='30']
info: Onion.CleanArchitecture.WebApp.Server.Services.MicroserviceLauncherHostedService[0]
      [OrderAcceptService]       SELECT o."Id", o."CreatedAt", o."CreatedBy", o."LastModifiedAt", o."LastModifiedBy", o."OrderId", o."Status", o."Timeout", o."TimerId", o."TimerStatus"
info: Onion.CleanArchitecture.WebApp.Server.Services.MicroserviceLauncherHostedService[0]
      [OrderAcceptService]       FROM "OrderTimers" AS o
info: Onion.CleanArchitecture.WebApp.Server.Services.MicroserviceLauncherHostedService[0]
      [OrderAcceptService]       WHERE o."TimerStatus" = 1 AND o."Timeout" <= @now
info: Onion.CleanArchitecture.WebApp.Server.Services.MicroserviceLauncherHostedService[0]
      [OrderAcceptService] info: Microsoft.EntityFrameworkCore.Database.Command[20101]
info: Onion.CleanArchitecture.WebApp.Server.Services.MicroserviceLauncherHostedService[0]
      [OrderAcceptService]       Executed DbCommand (1ms) [Parameters=[@now='?' (DbType = DateTime)], CommandType='Text', CommandTimeout='30']
info: Onion.CleanArchitecture.WebApp.Server.Services.MicroserviceLauncherHostedService[0]
      [OrderAcceptService]       SELECT o."Id", o."CreatedAt", o."CreatedBy", o."LastModifiedAt", o."LastModifiedBy", o."OrderId", o."Status", o."Timeout", o."TimerId", o."TimerStatus"
info: Onion.CleanArchitecture.WebApp.Server.Services.MicroserviceLauncherHostedService[0]
      [OrderAcceptService]       FROM "OrderTimers" AS o
info: Onion.CleanArchitecture.WebApp.Server.Services.MicroserviceLauncherHostedService[0]
      [OrderAcceptService]       WHERE o."TimerStatus" = 1 AND o."Timeout" <= @now
info: Onion.CleanArchitecture.WebApp.Server.Services.MicroserviceLauncherHostedService[0]
      [OrderAcceptService] info: Microsoft.EntityFrameworkCore.Database.Command[20101]
info: Onion.CleanArchitecture.WebApp.Server.Services.MicroserviceLauncherHostedService[0]
      [OrderAcceptService]       Executed DbCommand (1ms) [Parameters=[@now='?' (DbType = DateTime)], CommandType='Text', CommandTimeout='30']
info: Onion.CleanArchitecture.WebApp.Server.Services.MicroserviceLauncherHostedService[0]
      [OrderAcceptService]       SELECT o."Id", o."CreatedAt", o."CreatedBy", o."LastModifiedAt", o."LastModifiedBy", o."OrderId", o."Status", o."Timeout", o."TimerId", o."TimerStatus"
info: Onion.CleanArchitecture.WebApp.Server.Services.MicroserviceLauncherHostedService[0]
      [OrderAcceptService]       FROM "OrderTimers" AS o
info: Onion.CleanArchitecture.WebApp.Server.Services.MicroserviceLauncherHostedService[0]
      [OrderAcceptService]       WHERE o."TimerStatus" = 1 AND o."Timeout" <= @now
info: Onion.CleanArchitecture.WebApp.Server.Services.MicroserviceLauncherHostedService[0]
      [OrderAcceptService] warn: MassTransit[0]
info: Onion.CleanArchitecture.WebApp.Server.Services.MicroserviceLauncherHostedService[0]
      [OrderAcceptService]       Consume Loop faulted
info: Onion.CleanArchitecture.WebApp.Server.Services.MicroserviceLauncherHostedService[0]
      [OrderAcceptService]       Npgsql.PostgresException (0x80004005): P0001: Queue not found: WILL_OrderAcceptService_bus_3tsoyybbc7fja5ctbdxxdz7yfz
info: Onion.CleanArchitecture.WebApp.Server.Services.MicroserviceLauncherHostedService[0]
      [OrderAcceptService]          at Npgsql.Internal.NpgsqlConnector.ReadMessageLong(Boolean async, DataRowLoadingMode dataRowLoadingMode, Boolean readingNotifications, Boolean isReadingPrependedMessage)
info: Onion.CleanArchitecture.WebApp.Server.Services.MicroserviceLauncherHostedService[0]
      [OrderAcceptService]          at System.Runtime.CompilerServices.PoolingAsyncValueTaskMethodBuilder`1.StateMachineBox`1.System.Threading.Tasks.Sources.IValueTaskSource<TResult>.GetResult(Int16 token)
info: Onion.CleanArchitecture.WebApp.Server.Services.MicroserviceLauncherHostedService[0]
      [OrderAcceptService]          at Npgsql.NpgsqlDataReader.<ReadMessage>g__ReadMessageSequential|49_0(NpgsqlConnector connector, Boolean async)
info: Onion.CleanArchitecture.WebApp.Server.Services.MicroserviceLauncherHostedService[0]
      [OrderAcceptService]          at Npgsql.NpgsqlDataReader.NextResult(Boolean async, Boolean isConsuming, CancellationToken cancellationToken)
info: Onion.CleanArchitecture.WebApp.Server.Services.MicroserviceLauncherHostedService[0]
      [OrderAcceptService]          at Npgsql.NpgsqlDataReader.NextResult(Boolean async, Boolean isConsuming, CancellationToken cancellationToken)
info: Onion.CleanArchitecture.WebApp.Server.Services.MicroserviceLauncherHostedService[0]
      [OrderAcceptService]          at Npgsql.NpgsqlCommand.ExecuteReader(Boolean async, CommandBehavior behavior, CancellationToken cancellationToken)
info: Onion.CleanArchitecture.WebApp.Server.Services.MicroserviceLauncherHostedService[0]
      [OrderAcceptService]          at Npgsql.NpgsqlCommand.ExecuteReader(Boolean async, CommandBehavior behavior, CancellationToken cancellationToken)
info: Onion.CleanArchitecture.WebApp.Server.Services.MicroserviceLauncherHostedService[0]
      [OrderAcceptService]          at Npgsql.NpgsqlCommand.ExecuteDbDataReaderAsync(CommandBehavior behavior, CancellationToken cancellationToken)
info: Onion.CleanArchitecture.WebApp.Server.Services.MicroserviceLauncherHostedService[0]
      [OrderAcceptService]          at Dapper.SqlMapper.QueryAsync[T](IDbConnection cnn, Type effectiveType, CommandDefinition command) in /_/Dapper/SqlMapper.Async.cs:line 434
info: Onion.CleanArchitecture.WebApp.Server.Services.MicroserviceLauncherHostedService[0]
      [OrderAcceptService]          at MassTransit.SqlTransport.PostgreSql.PostgresDbConnectionContext.<>c__DisplayClass19_0`1.<<Query>b__1>d.MoveNext()
info: Onion.CleanArchitecture.WebApp.Server.Services.MicroserviceLauncherHostedService[0]
      [OrderAcceptService]       --- End of stack trace from previous location ---
info: Onion.CleanArchitecture.WebApp.Server.Services.MicroserviceLauncherHostedService[0]
      [OrderAcceptService]          at MassTransit.SqlTransport.PostgreSql.PostgresDbConnectionContext.<>c__DisplayClass19_0`1.<<Query>b__1>d.MoveNext() in /_/src/Transports/MassTransit.SqlTransport.PostgreSql/SqlTransport/PostgreSql/PostgresDbConnectionContext.cs:line 98
info: Onion.CleanArchitecture.WebApp.Server.Services.MicroserviceLauncherHostedService[0]
      [OrderAcceptService]       --- End of stack trace from previous location ---
info: Onion.CleanArchitecture.WebApp.Server.Services.MicroserviceLauncherHostedService[0]
      [OrderAcceptService]          at MassTransit.SqlTransport.PostgreSql.PostgresDbConnectionContext.<>c__DisplayClass19_0`1.<<Query>b__1>d.MoveNext() in /_/src/Transports/MassTransit.SqlTransport.PostgreSql/SqlTransport/PostgreSql/PostgresDbConnectionContext.cs:line 98
info: Onion.CleanArchitecture.WebApp.Server.Services.MicroserviceLauncherHostedService[0]
      [OrderAcceptService]       --- End of stack trace from previous location ---
info: Onion.CleanArchitecture.WebApp.Server.Services.MicroserviceLauncherHostedService[0]
      [OrderAcceptService]          at MassTransit.RetryPolicies.PipeRetryExtensions.Retry[T](IRetryPolicy retryPolicy, Func`1 retryMethod, Boolean log, CancellationToken cancellationToken)
info: Onion.CleanArchitecture.WebApp.Server.Services.MicroserviceLauncherHostedService[0]
      [OrderAcceptService]          at MassTransit.RetryPolicies.PipeRetryExtensions.Retry[T](IRetryPolicy retryPolicy, Func`1 retryMethod, Boolean log, CancellationToken cancellationToken) in /_/src/MassTransit/RetryPolicies/PipeRetryExtensions.cs:line 85
info: Onion.CleanArchitecture.WebApp.Server.Services.MicroserviceLauncherHostedService[0]
      [OrderAcceptService]          at MassTransit.Util.TaskExecutor.TaskFuture`1.Run()
info: Onion.CleanArchitecture.WebApp.Server.Services.MicroserviceLauncherHostedService[0]
      [OrderAcceptService]          at MassTransit.Util.TaskExecutor.Run[T](Func`1 method, CancellationToken cancellationToken)
info: Onion.CleanArchitecture.WebApp.Server.Services.MicroserviceLauncherHostedService[0]
      [OrderAcceptService]          at MassTransit.SqlTransport.PostgreSql.PostgresClientContext.ReceiveMessages(String queueName, SqlReceiveMode mode, Int32 messageLimit, Int32 concurrentLimit, TimeSpan lockDuration) in /_/src/Transports/MassTransit.SqlTransport.PostgreSql/SqlTransport/PostgreSql/PostgresClientContext.cs:line 112
info: Onion.CleanArchitecture.WebApp.Server.Services.MicroserviceLauncherHostedService[0]
      [OrderAcceptService]          at MassTransit.SqlTransport.Middleware.SqlMessageReceiver.ReceiveMessages(Int32 messageLimit, CancellationToken cancellationToken) in /_/src/MassTransit/SqlTransport/SqlTransport/Middleware/SqlMessageReceiver.cs:line 128
info: Onion.CleanArchitecture.WebApp.Server.Services.MicroserviceLauncherHostedService[0]
      [OrderAcceptService]          at MassTransit.Util.RequestRateAlgorithm.RunRequest[T](RequestCallback`1 requestCallback, ResultCallback`1 resultCallback, CancellationToken cancellationToken)
info: Onion.CleanArchitecture.WebApp.Server.Services.MicroserviceLauncherHostedService[0]
      [OrderAcceptService]          at MassTransit.Util.RequestRateAlgorithm.Run[T](RequestCallback`1 requestCallback, ResultCallback`1 resultCallback, CancellationToken cancellationToken) in /_/src/MassTransit.Abstractions/Util/RequestRateAlgorithm.cs:line 186
info: Onion.CleanArchitecture.WebApp.Server.Services.MicroserviceLauncherHostedService[0]
      [OrderAcceptService]          at MassTransit.SqlTransport.Middleware.SqlMessageReceiver.Consume() in /_/src/MassTransit/SqlTransport/SqlTransport/Middleware/SqlMessageReceiver.cs:line 81
info: Onion.CleanArchitecture.WebApp.Server.Services.MicroserviceLauncherHostedService[0]
      [OrderAcceptService]         Exception data:
info: Onion.CleanArchitecture.WebApp.Server.Services.MicroserviceLauncherHostedService[0]
      [OrderAcceptService]           Severity: ERROR
info: Onion.CleanArchitecture.WebApp.Server.Services.MicroserviceLauncherHostedService[0]
      [OrderAcceptService]           SqlState: P0001
info: Onion.CleanArchitecture.WebApp.Server.Services.MicroserviceLauncherHostedService[0]
      [OrderAcceptService]           MessageText: Queue not found: WILL_OrderAcceptService_bus_3tsoyybbc7fja5ctbdxxdz7yfz
info: Onion.CleanArchitecture.WebApp.Server.Services.MicroserviceLauncherHostedService[0]
      [OrderAcceptService]           Where: PL/pgSQL function transport.fetch_messages(text,uuid,uuid,interval,integer) line 9 at RAISE
info: Onion.CleanArchitecture.WebApp.Server.Services.MicroserviceLauncherHostedService[0]
      [OrderAcceptService]           File: pl_exec.c
info: Onion.CleanArchitecture.WebApp.Server.Services.MicroserviceLauncherHostedService[0]
      [OrderAcceptService]           Line: 3923
info: Onion.CleanArchitecture.WebApp.Server.Services.MicroserviceLauncherHostedService[0]
      [OrderAcceptService]           Routine: exec_stmt_raise
info: Onion.CleanArchitecture.WebApp.Server.Services.MicroserviceLauncherHostedService[0]
      [OrderCompleteService] warn: MassTransit[0]
info: Onion.CleanArchitecture.WebApp.Server.Services.MicroserviceLauncherHostedService[0]
      [OrderCompleteService]       Consume Loop faulted
info: Onion.CleanArchitecture.WebApp.Server.Services.MicroserviceLauncherHostedService[0]
      [OrderCompleteService]       Npgsql.PostgresException (0x80004005): P0001: Queue not found: WILL_OrderCompleteService_bus_6tioyybbc7fj3xjsbdxxdz7byf
info: Onion.CleanArchitecture.WebApp.Server.Services.MicroserviceLauncherHostedService[0]
      [OrderCompleteService]          at Npgsql.Internal.NpgsqlConnector.ReadMessageLong(Boolean async, DataRowLoadingMode dataRowLoadingMode, Boolean readingNotifications, Boolean isReadingPrependedMessage)
info: Onion.CleanArchitecture.WebApp.Server.Services.MicroserviceLauncherHostedService[0]
      [OrderCompleteService]          at System.Runtime.CompilerServices.PoolingAsyncValueTaskMethodBuilder`1.StateMachineBox`1.System.Threading.Tasks.Sources.IValueTaskSource<TResult>.GetResult(Int16 token)
info: Onion.CleanArchitecture.WebApp.Server.Services.MicroserviceLauncherHostedService[0]
      [OrderCompleteService]          at Npgsql.NpgsqlDataReader.<ReadMessage>g__ReadMessageSequential|49_0(NpgsqlConnector connector, Boolean async)
info: Onion.CleanArchitecture.WebApp.Server.Services.MicroserviceLauncherHostedService[0]
      [OrderCompleteService]          at Npgsql.NpgsqlDataReader.NextResult(Boolean async, Boolean isConsuming, CancellationToken cancellationToken)
info: Onion.CleanArchitecture.WebApp.Server.Services.MicroserviceLauncherHostedService[0]
      [OrderCompleteService]          at Npgsql.NpgsqlDataReader.NextResult(Boolean async, Boolean isConsuming, CancellationToken cancellationToken)
info: Onion.CleanArchitecture.WebApp.Server.Services.MicroserviceLauncherHostedService[0]
      [OrderCompleteService]          at Npgsql.NpgsqlCommand.ExecuteReader(Boolean async, CommandBehavior behavior, CancellationToken cancellationToken)
info: Onion.CleanArchitecture.WebApp.Server.Services.MicroserviceLauncherHostedService[0]
      [OrderCompleteService]          at Npgsql.NpgsqlCommand.ExecuteReader(Boolean async, CommandBehavior behavior, CancellationToken cancellationToken)
info: Onion.CleanArchitecture.WebApp.Server.Services.MicroserviceLauncherHostedService[0]
      [OrderCompleteService]          at Npgsql.NpgsqlCommand.ExecuteDbDataReaderAsync(CommandBehavior behavior, CancellationToken cancellationToken)
info: Onion.CleanArchitecture.WebApp.Server.Services.MicroserviceLauncherHostedService[0]
      [OrderCompleteService]          at Dapper.SqlMapper.QueryAsync[T](IDbConnection cnn, Type effectiveType, CommandDefinition command) in /_/Dapper/SqlMapper.Async.cs:line 434
info: Onion.CleanArchitecture.WebApp.Server.Services.MicroserviceLauncherHostedService[0]
      [OrderCompleteService]          at MassTransit.SqlTransport.PostgreSql.PostgresDbConnectionContext.<>c__DisplayClass19_0`1.<<Query>b__1>d.MoveNext()
info: Onion.CleanArchitecture.WebApp.Server.Services.MicroserviceLauncherHostedService[0]
      [OrderCompleteService]       --- End of stack trace from previous location ---
info: Onion.CleanArchitecture.WebApp.Server.Services.MicroserviceLauncherHostedService[0]
      [OrderCompleteService]          at MassTransit.SqlTransport.PostgreSql.PostgresDbConnectionContext.<>c__DisplayClass19_0`1.<<Query>b__1>d.MoveNext() in /_/src/Transports/MassTransit.SqlTransport.PostgreSql/SqlTransport/PostgreSql/PostgresDbConnectionContext.cs:line 98
info: Onion.CleanArchitecture.WebApp.Server.Services.MicroserviceLauncherHostedService[0]
      [OrderCompleteService]       --- End of stack trace from previous location ---
info: Onion.CleanArchitecture.WebApp.Server.Services.MicroserviceLauncherHostedService[0]
      [OrderCompleteService]          at MassTransit.SqlTransport.PostgreSql.PostgresDbConnectionContext.<>c__DisplayClass19_0`1.<<Query>b__1>d.MoveNext() in /_/src/Transports/MassTransit.SqlTransport.PostgreSql/SqlTransport/PostgreSql/PostgresDbConnectionContext.cs:line 98
info: Onion.CleanArchitecture.WebApp.Server.Services.MicroserviceLauncherHostedService[0]
      [OrderCompleteService]       --- End of stack trace from previous location ---
info: Onion.CleanArchitecture.WebApp.Server.Services.MicroserviceLauncherHostedService[0]
      [OrderCompleteService]          at MassTransit.RetryPolicies.PipeRetryExtensions.Retry[T](IRetryPolicy retryPolicy, Func`1 retryMethod, Boolean log, CancellationToken cancellationToken)
info: Onion.CleanArchitecture.WebApp.Server.Services.MicroserviceLauncherHostedService[0]
      [OrderCompleteService]          at MassTransit.RetryPolicies.PipeRetryExtensions.Retry[T](IRetryPolicy retryPolicy, Func`1 retryMethod, Boolean log, CancellationToken cancellationToken) in /_/src/MassTransit/RetryPolicies/PipeRetryExtensions.cs:line 85
info: Onion.CleanArchitecture.WebApp.Server.Services.MicroserviceLauncherHostedService[0]
      [OrderCompleteService]          at MassTransit.Util.TaskExecutor.TaskFuture`1.Run()
info: Onion.CleanArchitecture.WebApp.Server.Services.MicroserviceLauncherHostedService[0]
      [OrderCompleteService]          at MassTransit.Util.TaskExecutor.Run[T](Func`1 method, CancellationToken cancellationToken)
info: Onion.CleanArchitecture.WebApp.Server.Services.MicroserviceLauncherHostedService[0]
      [OrderCompleteService]          at MassTransit.SqlTransport.PostgreSql.PostgresClientContext.ReceiveMessages(String queueName, SqlReceiveMode mode, Int32 messageLimit, Int32 concurrentLimit, TimeSpan lockDuration) in /_/src/Transports/MassTransit.SqlTransport.PostgreSql/SqlTransport/PostgreSql/PostgresClientContext.cs:line 112
info: Onion.CleanArchitecture.WebApp.Server.Services.MicroserviceLauncherHostedService[0]
      [OrderCompleteService]          at MassTransit.SqlTransport.Middleware.SqlMessageReceiver.ReceiveMessages(Int32 messageLimit, CancellationToken cancellationToken) in /_/src/MassTransit/SqlTransport/SqlTransport/Middleware/SqlMessageReceiver.cs:line 128
info: Onion.CleanArchitecture.WebApp.Server.Services.MicroserviceLauncherHostedService[0]
      [OrderCompleteService]          at MassTransit.Util.RequestRateAlgorithm.RunRequest[T](RequestCallback`1 requestCallback, ResultCallback`1 resultCallback, CancellationToken cancellationToken)
info: Onion.CleanArchitecture.WebApp.Server.Services.MicroserviceLauncherHostedService[0]
      [OrderCompleteService]          at MassTransit.Util.RequestRateAlgorithm.Run[T](RequestCallback`1 requestCallback, ResultCallback`1 resultCallback, CancellationToken cancellationToken) in /_/src/MassTransit.Abstractions/Util/RequestRateAlgorithm.cs:line 186
info: Onion.CleanArchitecture.WebApp.Server.Services.MicroserviceLauncherHostedService[0]
      [OrderCompleteService]          at MassTransit.SqlTransport.Middleware.SqlMessageReceiver.Consume() in /_/src/MassTransit/SqlTransport/SqlTransport/Middleware/SqlMessageReceiver.cs:line 81
info: Onion.CleanArchitecture.WebApp.Server.Services.MicroserviceLauncherHostedService[0]
      [OrderCompleteService]         Exception data:
info: Onion.CleanArchitecture.WebApp.Server.Services.MicroserviceLauncherHostedService[0]
      [OrderCompleteService]           Severity: ERROR
info: Onion.CleanArchitecture.WebApp.Server.Services.MicroserviceLauncherHostedService[0]
      [OrderCompleteService]           SqlState: P0001
info: Onion.CleanArchitecture.WebApp.Server.Services.MicroserviceLauncherHostedService[0]
      [OrderCompleteService]           MessageText: Queue not found: WILL_OrderCompleteService_bus_6tioyybbc7fj3xjsbdxxdz7byf
info: Onion.CleanArchitecture.WebApp.Server.Services.MicroserviceLauncherHostedService[0]
      [OrderCompleteService]           Where: PL/pgSQL function transport.fetch_messages(text,uuid,uuid,interval,integer) line 9 at RAISE
info: Onion.CleanArchitecture.WebApp.Server.Services.MicroserviceLauncherHostedService[0]
      [OrderCompleteService]           File: pl_exec.c
info: Onion.CleanArchitecture.WebApp.Server.Services.MicroserviceLauncherHostedService[0]
      [OrderCompleteService]           Line: 3923
info: Onion.CleanArchitecture.WebApp.Server.Services.MicroserviceLauncherHostedService[0]
      [OrderCompleteService]           Routine: exec_stmt_raise
info: Onion.CleanArchitecture.WebApp.Server.Services.MicroserviceLauncherHostedService[0]
      [OrderSubmitService] warn: MassTransit[0]
info: Onion.CleanArchitecture.WebApp.Server.Services.MicroserviceLauncherHostedService[0]
      [OrderSubmitService]       Consume Loop faulted
info: Onion.CleanArchitecture.WebApp.Server.Services.MicroserviceLauncherHostedService[0]
      [OrderSubmitService]       Npgsql.PostgresException (0x80004005): P0001: Queue not found: WILL_OrderSubmitService_bus_fbsoyybbc7fj3jofbdxxdzh9nx
info: Onion.CleanArchitecture.WebApp.Server.Services.MicroserviceLauncherHostedService[0]
      [OrderSubmitService]          at Npgsql.Internal.NpgsqlConnector.ReadMessageLong(Boolean async, DataRowLoadingMode dataRowLoadingMode, Boolean readingNotifications, Boolean isReadingPrependedMessage)
info: Onion.CleanArchitecture.WebApp.Server.Services.MicroserviceLauncherHostedService[0]
      [OrderSubmitService]          at System.Runtime.CompilerServices.PoolingAsyncValueTaskMethodBuilder`1.StateMachineBox`1.System.Threading.Tasks.Sources.IValueTaskSource<TResult>.GetResult(Int16 token)
info: Onion.CleanArchitecture.WebApp.Server.Services.MicroserviceLauncherHostedService[0]
      [OrderSubmitService]          at Npgsql.NpgsqlDataReader.<ReadMessage>g__ReadMessageSequential|49_0(NpgsqlConnector connector, Boolean async)
info: Onion.CleanArchitecture.WebApp.Server.Services.MicroserviceLauncherHostedService[0]
      [OrderSubmitService]          at Npgsql.NpgsqlDataReader.NextResult(Boolean async, Boolean isConsuming, CancellationToken cancellationToken)
info: Onion.CleanArchitecture.WebApp.Server.Services.MicroserviceLauncherHostedService[0]
      [OrderSubmitService]          at Npgsql.NpgsqlDataReader.NextResult(Boolean async, Boolean isConsuming, CancellationToken cancellationToken)
info: Onion.CleanArchitecture.WebApp.Server.Services.MicroserviceLauncherHostedService[0]
      [OrderSubmitService]          at Npgsql.NpgsqlCommand.ExecuteReader(Boolean async, CommandBehavior behavior, CancellationToken cancellationToken)
info: Onion.CleanArchitecture.WebApp.Server.Services.MicroserviceLauncherHostedService[0]
      [OrderSubmitService]          at Npgsql.NpgsqlCommand.ExecuteReader(Boolean async, CommandBehavior behavior, CancellationToken cancellationToken)
info: Onion.CleanArchitecture.WebApp.Server.Services.MicroserviceLauncherHostedService[0]
      [OrderSubmitService]          at Npgsql.NpgsqlCommand.ExecuteDbDataReaderAsync(CommandBehavior behavior, CancellationToken cancellationToken)
info: Onion.CleanArchitecture.WebApp.Server.Services.MicroserviceLauncherHostedService[0]
      [OrderSubmitService]          at Dapper.SqlMapper.QueryAsync[T](IDbConnection cnn, Type effectiveType, CommandDefinition command) in /_/Dapper/SqlMapper.Async.cs:line 434
info: Onion.CleanArchitecture.WebApp.Server.Services.MicroserviceLauncherHostedService[0]
      [OrderSubmitService]          at MassTransit.SqlTransport.PostgreSql.PostgresDbConnectionContext.<>c__DisplayClass19_0`1.<<Query>b__1>d.MoveNext()
info: Onion.CleanArchitecture.WebApp.Server.Services.MicroserviceLauncherHostedService[0]
      [OrderSubmitService]       --- End of stack trace from previous location ---
info: Onion.CleanArchitecture.WebApp.Server.Services.MicroserviceLauncherHostedService[0]
      [OrderSubmitService]          at MassTransit.SqlTransport.PostgreSql.PostgresDbConnectionContext.<>c__DisplayClass19_0`1.<<Query>b__1>d.MoveNext() in /_/src/Transports/MassTransit.SqlTransport.PostgreSql/SqlTransport/PostgreSql/PostgresDbConnectionContext.cs:line 98
info: Onion.CleanArchitecture.WebApp.Server.Services.MicroserviceLauncherHostedService[0]
      [OrderSubmitService]       --- End of stack trace from previous location ---
info: Onion.CleanArchitecture.WebApp.Server.Services.MicroserviceLauncherHostedService[0]
      [OrderSubmitService]          at MassTransit.SqlTransport.PostgreSql.PostgresDbConnectionContext.<>c__DisplayClass19_0`1.<<Query>b__1>d.MoveNext() in /_/src/Transports/MassTransit.SqlTransport.PostgreSql/SqlTransport/PostgreSql/PostgresDbConnectionContext.cs:line 98
info: Onion.CleanArchitecture.WebApp.Server.Services.MicroserviceLauncherHostedService[0]
      [OrderSubmitService]       --- End of stack trace from previous location ---
info: Onion.CleanArchitecture.WebApp.Server.Services.MicroserviceLauncherHostedService[0]
      [OrderSubmitService]          at MassTransit.RetryPolicies.PipeRetryExtensions.Retry[T](IRetryPolicy retryPolicy, Func`1 retryMethod, Boolean log, CancellationToken cancellationToken)
info: Onion.CleanArchitecture.WebApp.Server.Services.MicroserviceLauncherHostedService[0]
      [OrderSubmitService]          at MassTransit.RetryPolicies.PipeRetryExtensions.Retry[T](IRetryPolicy retryPolicy, Func`1 retryMethod, Boolean log, CancellationToken cancellationToken) in /_/src/MassTransit/RetryPolicies/PipeRetryExtensions.cs:line 85
info: Onion.CleanArchitecture.WebApp.Server.Services.MicroserviceLauncherHostedService[0]
      [OrderSubmitService]          at MassTransit.Util.TaskExecutor.TaskFuture`1.Run()
info: Onion.CleanArchitecture.WebApp.Server.Services.MicroserviceLauncherHostedService[0]
      [OrderSubmitService]          at MassTransit.Util.TaskExecutor.Run[T](Func`1 method, CancellationToken cancellationToken)
info: Onion.CleanArchitecture.WebApp.Server.Services.MicroserviceLauncherHostedService[0]
      [OrderSubmitService]          at MassTransit.SqlTransport.PostgreSql.PostgresClientContext.ReceiveMessages(String queueName, SqlReceiveMode mode, Int32 messageLimit, Int32 concurrentLimit, TimeSpan lockDuration) in /_/src/Transports/MassTransit.SqlTransport.PostgreSql/SqlTransport/PostgreSql/PostgresClientContext.cs:line 112
info: Onion.CleanArchitecture.WebApp.Server.Services.MicroserviceLauncherHostedService[0]
      [OrderSubmitService]          at MassTransit.SqlTransport.Middleware.SqlMessageReceiver.ReceiveMessages(Int32 messageLimit, CancellationToken cancellationToken) in /_/src/MassTransit/SqlTransport/SqlTransport/Middleware/SqlMessageReceiver.cs:line 128
info: Onion.CleanArchitecture.WebApp.Server.Services.MicroserviceLauncherHostedService[0]
      [NotificationService] warn: MassTransit[0]
info: Onion.CleanArchitecture.WebApp.Server.Services.MicroserviceLauncherHostedService[0]
      [NotificationService]       Consume Loop faulted
info: Onion.CleanArchitecture.WebApp.Server.Services.MicroserviceLauncherHostedService[0]
      [NotificationService]       Npgsql.PostgresException (0x80004005): P0001: Queue not found: WILL_NotificationService_bus_oy4oyybbc7fj3pe4bdxxdz7db4
info: Onion.CleanArchitecture.WebApp.Server.Services.MicroserviceLauncherHostedService[0]
      [NotificationService]          at Npgsql.Internal.NpgsqlConnector.ReadMessageLong(Boolean async, DataRowLoadingMode dataRowLoadingMode, Boolean readingNotifications, Boolean isReadingPrependedMessage)
info: Onion.CleanArchitecture.WebApp.Server.Services.MicroserviceLauncherHostedService[0]
      [NotificationService]          at System.Runtime.CompilerServices.PoolingAsyncValueTaskMethodBuilder`1.StateMachineBox`1.System.Threading.Tasks.Sources.IValueTaskSource<TResult>.GetResult(Int16 token)
info: Onion.CleanArchitecture.WebApp.Server.Services.MicroserviceLauncherHostedService[0]
      [NotificationService]          at Npgsql.NpgsqlDataReader.<ReadMessage>g__ReadMessageSequential|49_0(NpgsqlConnector connector, Boolean async)
info: Onion.CleanArchitecture.WebApp.Server.Services.MicroserviceLauncherHostedService[0]
      [NotificationService]          at Npgsql.NpgsqlDataReader.NextResult(Boolean async, Boolean isConsuming, CancellationToken cancellationToken)
info: Onion.CleanArchitecture.WebApp.Server.Services.MicroserviceLauncherHostedService[0]
      [NotificationService]          at Npgsql.NpgsqlDataReader.NextResult(Boolean async, Boolean isConsuming, CancellationToken cancellationToken)
info: Onion.CleanArchitecture.WebApp.Server.Services.MicroserviceLauncherHostedService[0]
      [NotificationService]          at Npgsql.NpgsqlCommand.ExecuteReader(Boolean async, CommandBehavior behavior, CancellationToken cancellationToken)
info: Onion.CleanArchitecture.WebApp.Server.Services.MicroserviceLauncherHostedService[0]
      [NotificationService]          at Npgsql.NpgsqlCommand.ExecuteReader(Boolean async, CommandBehavior behavior, CancellationToken cancellationToken)
info: Onion.CleanArchitecture.WebApp.Server.Services.MicroserviceLauncherHostedService[0]
      [NotificationService]          at Npgsql.NpgsqlCommand.ExecuteDbDataReaderAsync(CommandBehavior behavior, CancellationToken cancellationToken)
info: Onion.CleanArchitecture.WebApp.Server.Services.MicroserviceLauncherHostedService[0]
      [NotificationService]          at Dapper.SqlMapper.QueryAsync[T](IDbConnection cnn, Type effectiveType, CommandDefinition command) in /_/Dapper/SqlMapper.Async.cs:line 434
info: Onion.CleanArchitecture.WebApp.Server.Services.MicroserviceLauncherHostedService[0]
      [NotificationService]          at MassTransit.SqlTransport.PostgreSql.PostgresDbConnectionContext.<>c__DisplayClass19_0`1.<<Query>b__1>d.MoveNext()
info: Onion.CleanArchitecture.WebApp.Server.Services.MicroserviceLauncherHostedService[0]
      [NotificationService]       --- End of stack trace from previous location ---
info: Onion.CleanArchitecture.WebApp.Server.Services.MicroserviceLauncherHostedService[0]
      [NotificationService]          at MassTransit.SqlTransport.PostgreSql.PostgresDbConnectionContext.<>c__DisplayClass19_0`1.<<Query>b__1>d.MoveNext() in /_/src/Transports/MassTransit.SqlTransport.PostgreSql/SqlTransport/PostgreSql/PostgresDbConnectionContext.cs:line 98
info: Onion.CleanArchitecture.WebApp.Server.Services.MicroserviceLauncherHostedService[0]
      [NotificationService]       --- End of stack trace from previous location ---
info: Onion.CleanArchitecture.WebApp.Server.Services.MicroserviceLauncherHostedService[0]
      [NotificationService]          at MassTransit.SqlTransport.PostgreSql.PostgresDbConnectionContext.<>c__DisplayClass19_0`1.<<Query>b__1>d.MoveNext() in /_/src/Transports/MassTransit.SqlTransport.PostgreSql/SqlTransport/PostgreSql/PostgresDbConnectionContext.cs:line 98
info: Onion.CleanArchitecture.WebApp.Server.Services.MicroserviceLauncherHostedService[0]
      [NotificationService]       --- End of stack trace from previous location ---
info: Onion.CleanArchitecture.WebApp.Server.Services.MicroserviceLauncherHostedService[0]
      [NotificationService]          at MassTransit.RetryPolicies.PipeRetryExtensions.Retry[T](IRetryPolicy retryPolicy, Func`1 retryMethod, Boolean log, CancellationToken cancellationToken)
info: Onion.CleanArchitecture.WebApp.Server.Services.MicroserviceLauncherHostedService[0]
      [NotificationService]          at MassTransit.RetryPolicies.PipeRetryExtensions.Retry[T](IRetryPolicy retryPolicy, Func`1 retryMethod, Boolean log, CancellationToken cancellationToken) in /_/src/MassTransit/RetryPolicies/PipeRetryExtensions.cs:line 85
info: Onion.CleanArchitecture.WebApp.Server.Services.MicroserviceLauncherHostedService[0]
      [NotificationService]          at MassTransit.Util.TaskExecutor.TaskFuture`1.Run()
info: Onion.CleanArchitecture.WebApp.Server.Services.MicroserviceLauncherHostedService[0]
      [NotificationService]          at MassTransit.Util.TaskExecutor.Run[T](Func`1 method, CancellationToken cancellationToken)
info: Onion.CleanArchitecture.WebApp.Server.Services.MicroserviceLauncherHostedService[0]
      [NotificationService]          at MassTransit.SqlTransport.PostgreSql.PostgresClientContext.ReceiveMessages(String queueName, SqlReceiveMode mode, Int32 messageLimit, Int32 concurrentLimit, TimeSpan lockDuration) in /_/src/Transports/MassTransit.SqlTransport.PostgreSql/SqlTransport/PostgreSql/PostgresClientContext.cs:line 112
info: Onion.CleanArchitecture.WebApp.Server.Services.MicroserviceLauncherHostedService[0]
      [NotificationService]          at MassTransit.SqlTransport.Middleware.SqlMessageReceiver.ReceiveMessages(Int32 messageLimit, CancellationToken cancellationToken) in /_/src/MassTransit/SqlTransport/SqlTransport/Middleware/SqlMessageReceiver.cs:line 128
info: Onion.CleanArchitecture.WebApp.Server.Services.MicroserviceLauncherHostedService[0]
      [NotificationService]          at MassTransit.Util.RequestRateAlgorithm.RunRequest[T](RequestCallback`1 requestCallback, ResultCallback`1 resultCallback, CancellationToken cancellationToken)
info: Onion.CleanArchitecture.WebApp.Server.Services.MicroserviceLauncherHostedService[0]
      [NotificationService]          at MassTransit.Util.RequestRateAlgorithm.Run[T](RequestCallback`1 requestCallback, ResultCallback`1 resultCallback, CancellationToken cancellationToken) in /_/src/MassTransit.Abstractions/Util/RequestRateAlgorithm.cs:line 186
info: Onion.CleanArchitecture.WebApp.Server.Services.MicroserviceLauncherHostedService[0]
      [NotificationService]          at MassTransit.SqlTransport.Middleware.SqlMessageReceiver.Consume() in /_/src/MassTransit/SqlTransport/SqlTransport/Middleware/SqlMessageReceiver.cs:line 81
info: Onion.CleanArchitecture.WebApp.Server.Services.MicroserviceLauncherHostedService[0]
      [NotificationService]         Exception data:
info: Onion.CleanArchitecture.WebApp.Server.Services.MicroserviceLauncherHostedService[0]
      [NotificationService]           Severity: ERROR
info: Onion.CleanArchitecture.WebApp.Server.Services.MicroserviceLauncherHostedService[0]
      [NotificationService]           SqlState: P0001
info: Onion.CleanArchitecture.WebApp.Server.Services.MicroserviceLauncherHostedService[0]
      [NotificationService]           MessageText: Queue not found: WILL_NotificationService_bus_oy4oyybbc7fj3pe4bdxxdz7db4
info: Onion.CleanArchitecture.WebApp.Server.Services.MicroserviceLauncherHostedService[0]
      [NotificationService]           Where: PL/pgSQL function transport.fetch_messages(text,uuid,uuid,interval,integer) line 9 at RAISE
info: Onion.CleanArchitecture.WebApp.Server.Services.MicroserviceLauncherHostedService[0]
      [NotificationService]           File: pl_exec.c
info: Onion.CleanArchitecture.WebApp.Server.Services.MicroserviceLauncherHostedService[0]
      [NotificationService]           Line: 3923
info: Onion.CleanArchitecture.WebApp.Server.Services.MicroserviceLauncherHostedService[0]
      [NotificationService]           Routine: exec_stmt_raise
info: Onion.CleanArchitecture.WebApp.Server.Services.MicroserviceLauncherHostedService[0]
      [OrderSubmitService]          at MassTransit.Util.RequestRateAlgorithm.RunRequest[T](RequestCallback`1 requestCallback, ResultCallback`1 resultCallback, CancellationToken cancellationToken)
info: Onion.CleanArchitecture.WebApp.Server.Services.MicroserviceLauncherHostedService[0]
      [OrderSubmitService]          at MassTransit.Util.RequestRateAlgorithm.Run[T](RequestCallback`1 requestCallback, ResultCallback`1 resultCallback, CancellationToken cancellationToken) in /_/src/MassTransit.Abstractions/Util/RequestRateAlgorithm.cs:line 186
info: Onion.CleanArchitecture.WebApp.Server.Services.MicroserviceLauncherHostedService[0]
      [OrderSubmitService]          at MassTransit.SqlTransport.Middleware.SqlMessageReceiver.Consume() in /_/src/MassTransit/SqlTransport/SqlTransport/Middleware/SqlMessageReceiver.cs:line 81
info: Onion.CleanArchitecture.WebApp.Server.Services.MicroserviceLauncherHostedService[0]
      [OrderSubmitService]         Exception data:
info: Onion.CleanArchitecture.WebApp.Server.Services.MicroserviceLauncherHostedService[0]
      [OrderSubmitService]           Severity: ERROR
info: Onion.CleanArchitecture.WebApp.Server.Services.MicroserviceLauncherHostedService[0]
      [OrderSubmitService]           SqlState: P0001
info: Onion.CleanArchitecture.WebApp.Server.Services.MicroserviceLauncherHostedService[0]
      [OrderSubmitService]           MessageText: Queue not found: WILL_OrderSubmitService_bus_fbsoyybbc7fj3jofbdxxdzh9nx
info: Onion.CleanArchitecture.WebApp.Server.Services.MicroserviceLauncherHostedService[0]
      [OrderSubmitService]           Where: PL/pgSQL function transport.fetch_messages(text,uuid,uuid,interval,integer) line 9 at RAISE
info: Onion.CleanArchitecture.WebApp.Server.Services.MicroserviceLauncherHostedService[0]
      [OrderSubmitService]           File: pl_exec.c
info: Onion.CleanArchitecture.WebApp.Server.Services.MicroserviceLauncherHostedService[0]
      [OrderSubmitService]           Line: 3923
info: Onion.CleanArchitecture.WebApp.Server.Services.MicroserviceLauncherHostedService[0]
      [OrderSubmitService]           Routine: exec_stmt_raise
info: Onion.CleanArchitecture.WebApp.Server.Services.MicroserviceLauncherHostedService[0]
      [OrderOrchestration] warn: MassTransit[0]
info: Onion.CleanArchitecture.WebApp.Server.Services.MicroserviceLauncherHostedService[0]
      [OrderOrchestration]       Consume Loop faulted
info: Onion.CleanArchitecture.WebApp.Server.Services.MicroserviceLauncherHostedService[0]
      [OrderOrchestration]       Npgsql.PostgresException (0x80004005): P0001: Queue not found: WILL_OrderOrchestration_bus_htxyyybbc7fjamnpbdxxdz7d8m
info: Onion.CleanArchitecture.WebApp.Server.Services.MicroserviceLauncherHostedService[0]
      [OrderOrchestration]          at Npgsql.Internal.NpgsqlConnector.ReadMessageLong(Boolean async, DataRowLoadingMode dataRowLoadingMode, Boolean readingNotifications, Boolean isReadingPrependedMessage)
info: Onion.CleanArchitecture.WebApp.Server.Services.MicroserviceLauncherHostedService[0]
      [OrderOrchestration]          at System.Runtime.CompilerServices.PoolingAsyncValueTaskMethodBuilder`1.StateMachineBox`1.System.Threading.Tasks.Sources.IValueTaskSource<TResult>.GetResult(Int16 token)
info: Onion.CleanArchitecture.WebApp.Server.Services.MicroserviceLauncherHostedService[0]
      [OrderOrchestration]          at Npgsql.NpgsqlDataReader.<ReadMessage>g__ReadMessageSequential|49_0(NpgsqlConnector connector, Boolean async)
info: Onion.CleanArchitecture.WebApp.Server.Services.MicroserviceLauncherHostedService[0]
      [OrderOrchestration]          at Npgsql.NpgsqlDataReader.NextResult(Boolean async, Boolean isConsuming, CancellationToken cancellationToken)
info: Onion.CleanArchitecture.WebApp.Server.Services.MicroserviceLauncherHostedService[0]
      [OrderOrchestration]          at Npgsql.NpgsqlDataReader.NextResult(Boolean async, Boolean isConsuming, CancellationToken cancellationToken)
info: Onion.CleanArchitecture.WebApp.Server.Services.MicroserviceLauncherHostedService[0]
      [OrderOrchestration]          at Npgsql.NpgsqlCommand.ExecuteReader(Boolean async, CommandBehavior behavior, CancellationToken cancellationToken)
info: Onion.CleanArchitecture.WebApp.Server.Services.MicroserviceLauncherHostedService[0]
      [OrderOrchestration]          at Npgsql.NpgsqlCommand.ExecuteReader(Boolean async, CommandBehavior behavior, CancellationToken cancellationToken)
info: Onion.CleanArchitecture.WebApp.Server.Services.MicroserviceLauncherHostedService[0]
      [OrderOrchestration]          at Npgsql.NpgsqlCommand.ExecuteDbDataReaderAsync(CommandBehavior behavior, CancellationToken cancellationToken)
info: Onion.CleanArchitecture.WebApp.Server.Services.MicroserviceLauncherHostedService[0]
      [OrderOrchestration]          at Dapper.SqlMapper.QueryAsync[T](IDbConnection cnn, Type effectiveType, CommandDefinition command) in /_/Dapper/SqlMapper.Async.cs:line 434
info: Onion.CleanArchitecture.WebApp.Server.Services.MicroserviceLauncherHostedService[0]
      [OrderOrchestration]          at MassTransit.SqlTransport.PostgreSql.PostgresDbConnectionContext.<>c__DisplayClass19_0`1.<<Query>b__1>d.MoveNext()
info: Onion.CleanArchitecture.WebApp.Server.Services.MicroserviceLauncherHostedService[0]
      [OrderOrchestration]       --- End of stack trace from previous location ---
info: Onion.CleanArchitecture.WebApp.Server.Services.MicroserviceLauncherHostedService[0]
      [OrderOrchestration]          at MassTransit.SqlTransport.PostgreSql.PostgresDbConnectionContext.<>c__DisplayClass19_0`1.<<Query>b__1>d.MoveNext() in /_/src/Transports/MassTransit.SqlTransport.PostgreSql/SqlTransport/PostgreSql/PostgresDbConnectionContext.cs:line 98
info: Onion.CleanArchitecture.WebApp.Server.Services.MicroserviceLauncherHostedService[0]
      [OrderOrchestration]       --- End of stack trace from previous location ---
info: Onion.CleanArchitecture.WebApp.Server.Services.MicroserviceLauncherHostedService[0]
      [OrderOrchestration]          at MassTransit.SqlTransport.PostgreSql.PostgresDbConnectionContext.<>c__DisplayClass19_0`1.<<Query>b__1>d.MoveNext() in /_/src/Transports/MassTransit.SqlTransport.PostgreSql/SqlTransport/PostgreSql/PostgresDbConnectionContext.cs:line 98
info: Onion.CleanArchitecture.WebApp.Server.Services.MicroserviceLauncherHostedService[0]
      [OrderOrchestration]       --- End of stack trace from previous location ---
info: Onion.CleanArchitecture.WebApp.Server.Services.MicroserviceLauncherHostedService[0]
      [OrderOrchestration]          at MassTransit.RetryPolicies.PipeRetryExtensions.Retry[T](IRetryPolicy retryPolicy, Func`1 retryMethod, Boolean log, CancellationToken cancellationToken)
info: Onion.CleanArchitecture.WebApp.Server.Services.MicroserviceLauncherHostedService[0]
      [OrderOrchestration]          at MassTransit.RetryPolicies.PipeRetryExtensions.Retry[T](IRetryPolicy retryPolicy, Func`1 retryMethod, Boolean log, CancellationToken cancellationToken) in /_/src/MassTransit/RetryPolicies/PipeRetryExtensions.cs:line 85
info: Onion.CleanArchitecture.WebApp.Server.Services.MicroserviceLauncherHostedService[0]
      [OrderOrchestration]          at MassTransit.Util.TaskExecutor.TaskFuture`1.Run()
info: Onion.CleanArchitecture.WebApp.Server.Services.MicroserviceLauncherHostedService[0]
      [OrderOrchestration]          at MassTransit.Util.TaskExecutor.Run[T](Func`1 method, CancellationToken cancellationToken)
info: Onion.CleanArchitecture.WebApp.Server.Services.MicroserviceLauncherHostedService[0]
      [OrderOrchestration]          at MassTransit.SqlTransport.PostgreSql.PostgresClientContext.ReceiveMessages(String queueName, SqlReceiveMode mode, Int32 messageLimit, Int32 concurrentLimit, TimeSpan lockDuration) in /_/src/Transports/MassTransit.SqlTransport.PostgreSql/SqlTransport/PostgreSql/PostgresClientContext.cs:line 112
info: Onion.CleanArchitecture.WebApp.Server.Services.MicroserviceLauncherHostedService[0]
      [OrderOrchestration]          at MassTransit.SqlTransport.Middleware.SqlMessageReceiver.ReceiveMessages(Int32 messageLimit, CancellationToken cancellationToken) in /_/src/MassTransit/SqlTransport/SqlTransport/Middleware/SqlMessageReceiver.cs:line 128
info: Onion.CleanArchitecture.WebApp.Server.Services.MicroserviceLauncherHostedService[0]
      [OrderOrchestration]          at MassTransit.Util.RequestRateAlgorithm.RunRequest[T](RequestCallback`1 requestCallback, ResultCallback`1 resultCallback, CancellationToken cancellationToken)
info: Onion.CleanArchitecture.WebApp.Server.Services.MicroserviceLauncherHostedService[0]
      [OrderOrchestration]          at MassTransit.Util.RequestRateAlgorithm.Run[T](RequestCallback`1 requestCallback, ResultCallback`1 resultCallback, CancellationToken cancellationToken) in /_/src/MassTransit.Abstractions/Util/RequestRateAlgorithm.cs:line 186
info: Onion.CleanArchitecture.WebApp.Server.Services.MicroserviceLauncherHostedService[0]
      [OrderOrchestration]          at MassTransit.SqlTransport.Middleware.SqlMessageReceiver.Consume() in /_/src/MassTransit/SqlTransport/SqlTransport/Middleware/SqlMessageReceiver.cs:line 81
info: Onion.CleanArchitecture.WebApp.Server.Services.MicroserviceLauncherHostedService[0]
      [OrderOrchestration]         Exception data:
info: Onion.CleanArchitecture.WebApp.Server.Services.MicroserviceLauncherHostedService[0]
      [OrderOrchestration]           Severity: ERROR
info: Onion.CleanArchitecture.WebApp.Server.Services.MicroserviceLauncherHostedService[0]
      [OrderOrchestration]           SqlState: P0001
info: Onion.CleanArchitecture.WebApp.Server.Services.MicroserviceLauncherHostedService[0]
      [OrderOrchestration]           MessageText: Queue not found: WILL_OrderOrchestration_bus_htxyyybbc7fjamnpbdxxdz7d8m
info: Onion.CleanArchitecture.WebApp.Server.Services.MicroserviceLauncherHostedService[0]
      [OrderOrchestration]           Where: PL/pgSQL function transport.fetch_messages(text,uuid,uuid,interval,integer) line 9 at RAISE
info: Onion.CleanArchitecture.WebApp.Server.Services.MicroserviceLauncherHostedService[0]
      [OrderOrchestration]           File: pl_exec.c
info: Onion.CleanArchitecture.WebApp.Server.Services.MicroserviceLauncherHostedService[0]
      [OrderOrchestration]           Line: 3923
info: Onion.CleanArchitecture.WebApp.Server.Services.MicroserviceLauncherHostedService[0]
      [OrderOrchestration]           Routine: exec_stmt_raise
warn: MassTransit[0]
      Consume Loop faulted
      Npgsql.PostgresException (0x80004005): P0001: Queue not found: WILL_OnionCleanArchitectureWebAppServer_bus_7yroyybbc7fj3i8kbdxxdzhqgp
         at Npgsql.Internal.NpgsqlConnector.ReadMessageLong(Boolean async, DataRowLoadingMode dataRowLoadingMode, Boolean readingNotifications, Boolean isReadingPrependedMessage)
         at System.Runtime.CompilerServices.PoolingAsyncValueTaskMethodBuilder`1.StateMachineBox`1.System.Threading.Tasks.Sources.IValueTaskSource<TResult>.GetResult(Int16 token)
         at Npgsql.NpgsqlDataReader.<ReadMessage>g__ReadMessageSequential|49_0(NpgsqlConnector connector, Boolean async)
         at Npgsql.NpgsqlDataReader.NextResult(Boolean async, Boolean isConsuming, CancellationToken cancellationToken)
         at Npgsql.NpgsqlDataReader.NextResult(Boolean async, Boolean isConsuming, CancellationToken cancellationToken)
         at Npgsql.NpgsqlCommand.ExecuteReader(Boolean async, CommandBehavior behavior, CancellationToken cancellationToken)
         at Npgsql.NpgsqlCommand.ExecuteReader(Boolean async, CommandBehavior behavior, CancellationToken cancellationToken)
         at Npgsql.NpgsqlCommand.ExecuteDbDataReaderAsync(CommandBehavior behavior, CancellationToken cancellationToken)
         at Dapper.SqlMapper.QueryAsync[T](IDbConnection cnn, Type effectiveType, CommandDefinition command) in /_/Dapper/SqlMapper.Async.cs:line 434
         at MassTransit.SqlTransport.PostgreSql.PostgresDbConnectionContext.<>c__DisplayClass19_0`1.<<Query>b__1>d.MoveNext()
      --- End of stack trace from previous location ---
         at MassTransit.SqlTransport.PostgreSql.PostgresDbConnectionContext.<>c__DisplayClass19_0`1.<<Query>b__1>d.MoveNext() in /_/src/Transports/MassTransit.SqlTransport.PostgreSql/SqlTransport/PostgreSql/PostgresDbConnectionContext.cs:line 98
      --- End of stack trace from previous location ---
         at MassTransit.SqlTransport.PostgreSql.PostgresDbConnectionContext.<>c__DisplayClass19_0`1.<<Query>b__1>d.MoveNext() in /_/src/Transports/MassTransit.SqlTransport.PostgreSql/SqlTransport/PostgreSql/PostgresDbConnectionContext.cs:line 98
      --- End of stack trace from previous location ---
         at MassTransit.RetryPolicies.PipeRetryExtensions.Retry[T](IRetryPolicy retryPolicy, Func`1 retryMethod, Boolean log, CancellationToken cancellationToken)
         at MassTransit.RetryPolicies.PipeRetryExtensions.Retry[T](IRetryPolicy retryPolicy, Func`1 retryMethod, Boolean log, CancellationToken cancellationToken) in /_/src/MassTransit/RetryPolicies/PipeRetryExtensions.cs:line 85
         at MassTransit.Util.TaskExecutor.TaskFuture`1.Run()
         at MassTransit.Util.TaskExecutor.Run[T](Func`1 method, CancellationToken cancellationToken)
         at MassTransit.SqlTransport.PostgreSql.PostgresClientContext.ReceiveMessages(String queueName, SqlReceiveMode mode, Int32 messageLimit, Int32 concurrentLimit, TimeSpan lockDuration) in /_/src/Transports/MassTransit.SqlTransport.PostgreSql/SqlTransport/PostgreSql/PostgresClientContext.cs:line 112
         at MassTransit.SqlTransport.Middleware.SqlMessageReceiver.ReceiveMessages(Int32 messageLimit, CancellationToken cancellationToken) in /_/src/MassTransit/SqlTransport/SqlTransport/Middleware/SqlMessageReceiver.cs:line 128
         at MassTransit.Util.RequestRateAlgorithm.RunRequest[T](RequestCallback`1 requestCallback, ResultCallback`1 resultCallback, CancellationToken cancellationToken)
         at MassTransit.Util.RequestRateAlgorithm.Run[T](RequestCallback`1 requestCallback, ResultCallback`1 resultCallback, CancellationToken cancellationToken) in /_/src/MassTransit.Abstractions/Util/RequestRateAlgorithm.cs:line 186
         at MassTransit.SqlTransport.Middleware.SqlMessageReceiver.Consume() in /_/src/MassTransit/SqlTransport/SqlTransport/Middleware/SqlMessageReceiver.cs:line 81
        Exception data:
          Severity: ERROR
          SqlState: P0001
          MessageText: Queue not found: WILL_OnionCleanArchitectureWebAppServer_bus_7yroyybbc7fj3i8kbdxxdzhqgp
          Where: PL/pgSQL function transport.fetch_messages(text,uuid,uuid,interval,integer) line 9 at RAISE
          File: pl_exec.c
          Line: 3923
          Routine: exec_stmt_raise
warn: MassTransit[0]
      Consume Loop faulted
      Npgsql.PostgresException (0x80004005): P0001: Queue not found: WILL_OnionCleanArchitectureWebAppServer_bus_7yroyybbc7fj3i8kbdxxdzhqgp
         at Npgsql.Internal.NpgsqlConnector.ReadMessageLong(Boolean async, DataRowLoadingMode dataRowLoadingMode, Boolean readingNotifications, Boolean isReadingPrependedMessage)
         at System.Runtime.CompilerServices.PoolingAsyncValueTaskMethodBuilder`1.StateMachineBox`1.System.Threading.Tasks.Sources.IValueTaskSource<TResult>.GetResult(Int16 token)
         at Npgsql.NpgsqlDataReader.<ReadMessage>g__ReadMessageSequential|49_0(NpgsqlConnector connector, Boolean async)
         at Npgsql.NpgsqlDataReader.NextResult(Boolean async, Boolean isConsuming, CancellationToken cancellationToken)
         at Npgsql.NpgsqlDataReader.NextResult(Boolean async, Boolean isConsuming, CancellationToken cancellationToken)
         at Npgsql.NpgsqlCommand.ExecuteReader(Boolean async, CommandBehavior behavior, CancellationToken cancellationToken)
         at Npgsql.NpgsqlCommand.ExecuteReader(Boolean async, CommandBehavior behavior, CancellationToken cancellationToken)
         at Npgsql.NpgsqlCommand.ExecuteDbDataReaderAsync(CommandBehavior behavior, CancellationToken cancellationToken)
         at Dapper.SqlMapper.QueryAsync[T](IDbConnection cnn, Type effectiveType, CommandDefinition command) in /_/Dapper/SqlMapper.Async.cs:line 434
         at MassTransit.SqlTransport.PostgreSql.PostgresDbConnectionContext.<>c__DisplayClass19_0`1.<<Query>b__1>d.MoveNext()
      --- End of stack trace from previous location ---
         at MassTransit.SqlTransport.PostgreSql.PostgresDbConnectionContext.<>c__DisplayClass19_0`1.<<Query>b__1>d.MoveNext() in /_/src/Transports/MassTransit.SqlTransport.PostgreSql/SqlTransport/PostgreSql/PostgresDbConnectionContext.cs:line 98
      --- End of stack trace from previous location ---
         at MassTransit.SqlTransport.PostgreSql.PostgresDbConnectionContext.<>c__DisplayClass19_0`1.<<Query>b__1>d.MoveNext() in /_/src/Transports/MassTransit.SqlTransport.PostgreSql/SqlTransport/PostgreSql/PostgresDbConnectionContext.cs:line 98
      --- End of stack trace from previous location ---
         at MassTransit.RetryPolicies.PipeRetryExtensions.Retry[T](IRetryPolicy retryPolicy, Func`1 retryMethod, Boolean log, CancellationToken cancellationToken)
         at MassTransit.RetryPolicies.PipeRetryExtensions.Retry[T](IRetryPolicy retryPolicy, Func`1 retryMethod, Boolean log, CancellationToken cancellationToken) in /_/src/MassTransit/RetryPolicies/PipeRetryExtensions.cs:line 85
         at MassTransit.Util.TaskExecutor.TaskFuture`1.Run()
         at MassTransit.Util.TaskExecutor.Run[T](Func`1 method, CancellationToken cancellationToken)
         at MassTransit.SqlTransport.PostgreSql.PostgresClientContext.ReceiveMessages(String queueName, SqlReceiveMode mode, Int32 messageLimit, Int32 concurrentLimit, TimeSpan lockDuration) in /_/src/Transports/MassTransit.SqlTransport.PostgreSql/SqlTransport/PostgreSql/PostgresClientContext.cs:line 112
         at MassTransit.SqlTransport.Middleware.SqlMessageReceiver.ReceiveMessages(Int32 messageLimit, CancellationToken cancellationToken) in /_/src/MassTransit/SqlTransport/SqlTransport/Middleware/SqlMessageReceiver.cs:line 128
         at MassTransit.Util.RequestRateAlgorithm.RunRequest[T](RequestCallback`1 requestCallback, ResultCallback`1 resultCallback, CancellationToken cancellationToken)
         at MassTransit.Util.RequestRateAlgorithm.Run[T](RequestCallback`1 requestCallback, ResultCallback`1 resultCallback, CancellationToken cancellationToken) in /_/src/MassTransit.Abstractions/Util/RequestRateAlgorithm.cs:line 186
         at MassTransit.SqlTransport.Middleware.SqlMessageReceiver.Consume() in /_/src/MassTransit/SqlTransport/SqlTransport/Middleware/SqlMessageReceiver.cs:line 81
        Exception data:
          Severity: ERROR
          SqlState: P0001
          MessageText: Queue not found: WILL_OnionCleanArchitectureWebAppServer_bus_7yroyybbc7fj3i8kbdxxdzhqgp
          Where: PL/pgSQL function transport.fetch_messages(text,uuid,uuid,interval,integer) line 9 at RAISE
          File: pl_exec.c
          Line: 3923
          Routine: exec_stmt_raise
info: Onion.CleanArchitecture.WebApp.Server.Services.MicroserviceLauncherHostedService[0]
      [OrderAcceptService] info: Microsoft.EntityFrameworkCore.Database.Command[20101]
info: Onion.CleanArchitecture.WebApp.Server.Services.MicroserviceLauncherHostedService[0]
      [OrderAcceptService]       Executed DbCommand (1ms) [Parameters=[@now='?' (DbType = DateTime)], CommandType='Text', CommandTimeout='30']
info: Onion.CleanArchitecture.WebApp.Server.Services.MicroserviceLauncherHostedService[0]
      [OrderAcceptService]       SELECT o."Id", o."CreatedAt", o."CreatedBy", o."LastModifiedAt", o."LastModifiedBy", o."OrderId", o."Status", o."Timeout", o."TimerId", o."TimerStatus"
info: Onion.CleanArchitecture.WebApp.Server.Services.MicroserviceLauncherHostedService[0]
      [OrderAcceptService]       FROM "OrderTimers" AS o
info: Onion.CleanArchitecture.WebApp.Server.Services.MicroserviceLauncherHostedService[0]
      [OrderAcceptService]       WHERE o."TimerStatus" = 1 AND o."Timeout" <= @now
info: Onion.CleanArchitecture.WebApp.Server.Services.MicroserviceLauncherHostedService[0]
      [OrderAcceptService] info: Microsoft.EntityFrameworkCore.Database.Command[20101]
info: Onion.CleanArchitecture.WebApp.Server.Services.MicroserviceLauncherHostedService[0]
      [OrderAcceptService]       Executed DbCommand (2ms) [Parameters=[@now='?' (DbType = DateTime)], CommandType='Text', CommandTimeout='30']
info: Onion.CleanArchitecture.WebApp.Server.Services.MicroserviceLauncherHostedService[0]
      [OrderAcceptService]       SELECT o."Id", o."CreatedAt", o."CreatedBy", o."LastModifiedAt", o."LastModifiedBy", o."OrderId", o."Status", o."Timeout", o."TimerId", o."TimerStatus"
info: Onion.CleanArchitecture.WebApp.Server.Services.MicroserviceLauncherHostedService[0]
      [OrderAcceptService]       FROM "OrderTimers" AS o
info: Onion.CleanArchitecture.WebApp.Server.Services.MicroserviceLauncherHostedService[0]
      [OrderAcceptService]       WHERE o."TimerStatus" = 1 AND o."Timeout" <= @now
info: Onion.CleanArchitecture.WebApp.Server.Services.MicroserviceLauncherHostedService[0]
      [OrderAcceptService] info: Microsoft.EntityFrameworkCore.Database.Command[20101]
info: Onion.CleanArchitecture.WebApp.Server.Services.MicroserviceLauncherHostedService[0]
      [OrderAcceptService]       Executed DbCommand (1ms) [Parameters=[@now='?' (DbType = DateTime)], CommandType='Text', CommandTimeout='30']
info: Onion.CleanArchitecture.WebApp.Server.Services.MicroserviceLauncherHostedService[0]
      [OrderAcceptService]       SELECT o."Id", o."CreatedAt", o."CreatedBy", o."LastModifiedAt", o."LastModifiedBy", o."OrderId", o."Status", o."Timeout", o."TimerId", o."TimerStatus"
info: Onion.CleanArchitecture.WebApp.Server.Services.MicroserviceLauncherHostedService[0]
      [OrderAcceptService]       FROM "OrderTimers" AS o
info: Onion.CleanArchitecture.WebApp.Server.Services.MicroserviceLauncherHostedService[0]
      [OrderAcceptService]       WHERE o."TimerStatus" = 1 AND o."Timeout" <= @now
info: Onion.CleanArchitecture.WebApp.Server.Services.MicroserviceLauncherHostedService[0]
      [OrderAcceptService] info: Microsoft.EntityFrameworkCore.Database.Command[20101]
info: Onion.CleanArchitecture.WebApp.Server.Services.MicroserviceLauncherHostedService[0]
      [OrderAcceptService]       Executed DbCommand (1ms) [Parameters=[@now='?' (DbType = DateTime)], CommandType='Text', CommandTimeout='30']
info: Onion.CleanArchitecture.WebApp.Server.Services.MicroserviceLauncherHostedService[0]
      [OrderAcceptService]       SELECT o."Id", o."CreatedAt", o."CreatedBy", o."LastModifiedAt", o."LastModifiedBy", o."OrderId", o."Status", o."Timeout", o."TimerId", o."TimerStatus"
info: Onion.CleanArchitecture.WebApp.Server.Services.MicroserviceLauncherHostedService[0]
      [OrderAcceptService]       FROM "OrderTimers" AS o
info: Onion.CleanArchitecture.WebApp.Server.Services.MicroserviceLauncherHostedService[0]
      [OrderAcceptService]       WHERE o."TimerStatus" = 1 AND o."Timeout" <= @now
info: Onion.CleanArchitecture.WebApp.Server.Services.MicroserviceLauncherHostedService[0]
      [OrderAcceptService] info: Microsoft.EntityFrameworkCore.Database.Command[20101]
info: Onion.CleanArchitecture.WebApp.Server.Services.MicroserviceLauncherHostedService[0]
      [OrderAcceptService]       Executed DbCommand (1ms) [Parameters=[@now='?' (DbType = DateTime)], CommandType='Text', CommandTimeout='30']
info: Onion.CleanArchitecture.WebApp.Server.Services.MicroserviceLauncherHostedService[0]
      [OrderAcceptService]       SELECT o."Id", o."CreatedAt", o."CreatedBy", o."LastModifiedAt", o."LastModifiedBy", o."OrderId", o."Status", o."Timeout", o."TimerId", o."TimerStatus"
info: Onion.CleanArchitecture.WebApp.Server.Services.MicroserviceLauncherHostedService[0]
      [OrderAcceptService]       FROM "OrderTimers" AS o
info: Onion.CleanArchitecture.WebApp.Server.Services.MicroserviceLauncherHostedService[0]
      [OrderAcceptService]       WHERE o."TimerStatus" = 1 AND o."Timeout" <= @now
info: Onion.CleanArchitecture.WebApp.Server.Services.MicroserviceLauncherHostedService[0]
      [OrderAcceptService] info: Microsoft.EntityFrameworkCore.Database.Command[20101]
info: Onion.CleanArchitecture.WebApp.Server.Services.MicroserviceLauncherHostedService[0]
      [OrderAcceptService]       Executed DbCommand (1ms) [Parameters=[@now='?' (DbType = DateTime)], CommandType='Text', CommandTimeout='30']
info: Onion.CleanArchitecture.WebApp.Server.Services.MicroserviceLauncherHostedService[0]
      [OrderAcceptService]       SELECT o."Id", o."CreatedAt", o."CreatedBy", o."LastModifiedAt", o."LastModifiedBy", o."OrderId", o."Status", o."Timeout", o."TimerId", o."TimerStatus"
info: Onion.CleanArchitecture.WebApp.Server.Services.MicroserviceLauncherHostedService[0]
      [OrderAcceptService]       FROM "OrderTimers" AS o
info: Onion.CleanArchitecture.WebApp.Server.Services.MicroserviceLauncherHostedService[0]
      [OrderAcceptService]       WHERE o."TimerStatus" = 1 AND o."Timeout" <= @now
info: Onion.CleanArchitecture.WebApp.Server.Services.MicroserviceLauncherHostedService[0]
      [OrderAcceptService] info: Microsoft.EntityFrameworkCore.Database.Command[20101]
info: Onion.CleanArchitecture.WebApp.Server.Services.MicroserviceLauncherHostedService[0]
      [OrderAcceptService]       Executed DbCommand (1ms) [Parameters=[@now='?' (DbType = DateTime)], CommandType='Text', CommandTimeout='30']
info: Onion.CleanArchitecture.WebApp.Server.Services.MicroserviceLauncherHostedService[0]
      [OrderAcceptService]       SELECT o."Id", o."CreatedAt", o."CreatedBy", o."LastModifiedAt", o."LastModifiedBy", o."OrderId", o."Status", o."Timeout", o."TimerId", o."TimerStatus"
info: Onion.CleanArchitecture.WebApp.Server.Services.MicroserviceLauncherHostedService[0]
      [OrderAcceptService]       FROM "OrderTimers" AS o
info: Onion.CleanArchitecture.WebApp.Server.Services.MicroserviceLauncherHostedService[0]
      [OrderAcceptService]       WHERE o."TimerStatus" = 1 AND o."Timeout" <= @now
info: Onion.CleanArchitecture.WebApp.Server.Services.MicroserviceLauncherHostedService[0]
      [OrderAcceptService] info: Microsoft.EntityFrameworkCore.Database.Command[20101]
info: Onion.CleanArchitecture.WebApp.Server.Services.MicroserviceLauncherHostedService[0]
      [OrderAcceptService]       Executed DbCommand (1ms) [Parameters=[@now='?' (DbType = DateTime)], CommandType='Text', CommandTimeout='30']
info: Onion.CleanArchitecture.WebApp.Server.Services.MicroserviceLauncherHostedService[0]
      [OrderAcceptService]       SELECT o."Id", o."CreatedAt", o."CreatedBy", o."LastModifiedAt", o."LastModifiedBy", o."OrderId", o."Status", o."Timeout", o."TimerId", o."TimerStatus"
info: Onion.CleanArchitecture.WebApp.Server.Services.MicroserviceLauncherHostedService[0]
      [OrderAcceptService]       FROM "OrderTimers" AS o
info: Onion.CleanArchitecture.WebApp.Server.Services.MicroserviceLauncherHostedService[0]
      [OrderAcceptService]       WHERE o."TimerStatus" = 1 AND o."Timeout" <= @now
fail: Microsoft.AspNetCore.Diagnostics.DeveloperExceptionPageMiddleware[1]
      An unhandled exception has occurred while executing the request.
      System.InvalidOperationException: StatusCode cannot be set because the response has already started.
         at Microsoft.AspNetCore.Server.Kestrel.Core.Internal.Http.HttpProtocol.ThrowResponseAlreadyStartedException(String value)
         at Microsoft.AspNetCore.Server.Kestrel.Core.Internal.Http.HttpProtocol.Microsoft.AspNetCore.Http.Features.IHttpResponseFeature.set_StatusCode(Int32 value)
         at Onion.CleanArchitecture.Infrastructure.Identity.ServiceExtensions.<>c.<AddIdentityRepositories>b__3_3(JwtBearerChallengeContext context) in D:\Univer\Nam_4\VB\Demo-Saga\Onion.CleanArchitecture\Onion.CleanArchitecture.Infrastructure.Identity\ServiceExtensions.cs:line 135
         at Microsoft.AspNetCore.Authentication.JwtBearer.JwtBearerEvents.Challenge(JwtBearerChallengeContext context)
         at Microsoft.AspNetCore.Authentication.JwtBearer.JwtBearerHandler.HandleChallengeAsync(AuthenticationProperties properties)
         at Microsoft.AspNetCore.Authentication.AuthenticationHandler`1.ChallengeAsync(AuthenticationProperties properties)
         at Microsoft.AspNetCore.Authentication.AuthenticationService.ChallengeAsync(HttpContext context, String scheme, AuthenticationProperties properties)
         at Microsoft.AspNetCore.Authentication.AuthenticationServiceImpl.ChallengeAsync(HttpContext context, String scheme, AuthenticationProperties properties)
         at Microsoft.AspNetCore.Authorization.Policy.AuthorizationMiddlewareResultHandler.<>c__DisplayClass0_0.<<HandleAsync>g__Handle|0>d.MoveNext()
      --- End of stack trace from previous location ---
         at Microsoft.AspNetCore.Authorization.AuthorizationMiddleware.Invoke(HttpContext context)
         at Swashbuckle.AspNetCore.SwaggerUI.SwaggerUIMiddleware.Invoke(HttpContext httpContext)
         at Swashbuckle.AspNetCore.Swagger.SwaggerMiddleware.Invoke(HttpContext httpContext, ISwaggerProvider swaggerProvider)
         at Microsoft.AspNetCore.Diagnostics.DeveloperExceptionPageMiddlewareImpl.Invoke(HttpContext context)
fail: Microsoft.AspNetCore.Diagnostics.DeveloperExceptionPageMiddleware[1]
      An unhandled exception has occurred while executing the request.
      System.InvalidOperationException: StatusCode cannot be set because the response has already started.
         at Microsoft.AspNetCore.Server.Kestrel.Core.Internal.Http.HttpProtocol.ThrowResponseAlreadyStartedException(String value)
         at Microsoft.AspNetCore.Server.Kestrel.Core.Internal.Http.HttpProtocol.Microsoft.AspNetCore.Http.Features.IHttpResponseFeature.set_StatusCode(Int32 value)
         at Onion.CleanArchitecture.Infrastructure.Identity.ServiceExtensions.<>c.<AddIdentityRepositories>b__3_3(JwtBearerChallengeContext context) in D:\Univer\Nam_4\VB\Demo-Saga\Onion.CleanArchitecture\Onion.CleanArchitecture.Infrastructure.Identity\ServiceExtensions.cs:line 135
         at Microsoft.AspNetCore.Authentication.JwtBearer.JwtBearerEvents.Challenge(JwtBearerChallengeContext context)
         at Microsoft.AspNetCore.Authentication.JwtBearer.JwtBearerHandler.HandleChallengeAsync(AuthenticationProperties properties)
         at Microsoft.AspNetCore.Authentication.AuthenticationHandler`1.ChallengeAsync(AuthenticationProperties properties)
         at Microsoft.AspNetCore.Authentication.AuthenticationService.ChallengeAsync(HttpContext context, String scheme, AuthenticationProperties properties)
         at Microsoft.AspNetCore.Authentication.AuthenticationServiceImpl.ChallengeAsync(HttpContext context, String scheme, AuthenticationProperties properties)
         at Microsoft.AspNetCore.Authorization.Policy.AuthorizationMiddlewareResultHandler.<>c__DisplayClass0_0.<<HandleAsync>g__Handle|0>d.MoveNext()
      --- End of stack trace from previous location ---
         at Microsoft.AspNetCore.Authorization.AuthorizationMiddleware.Invoke(HttpContext context)
         at Swashbuckle.AspNetCore.SwaggerUI.SwaggerUIMiddleware.Invoke(HttpContext httpContext)
         at Swashbuckle.AspNetCore.Swagger.SwaggerMiddleware.Invoke(HttpContext httpContext, ISwaggerProvider swaggerProvider)
         at Microsoft.AspNetCore.Diagnostics.DeveloperExceptionPageMiddlewareImpl.Invoke(HttpContext context)
warn: Microsoft.AspNetCore.Diagnostics.DeveloperExceptionPageMiddleware[2]
      The response has already started, the error page middleware will not be executed.
warn: Microsoft.AspNetCore.Diagnostics.DeveloperExceptionPageMiddleware[2]
      The response has already started, the error page middleware will not be executed.
fail: Microsoft.AspNetCore.Diagnostics.DeveloperExceptionPageMiddleware[1]
      An unhandled exception has occurred while executing the request.
      System.InvalidOperationException: StatusCode cannot be set because the response has already started.
         at Microsoft.AspNetCore.Server.Kestrel.Core.Internal.Http.HttpProtocol.ThrowResponseAlreadyStartedException(String value)
         at Microsoft.AspNetCore.Server.Kestrel.Core.Internal.Http.HttpProtocol.Microsoft.AspNetCore.Http.Features.IHttpResponseFeature.set_StatusCode(Int32 value)
         at Onion.CleanArchitecture.Infrastructure.Identity.ServiceExtensions.<>c.<AddIdentityRepositories>b__3_3(JwtBearerChallengeContext context) in D:\Univer\Nam_4\VB\Demo-Saga\Onion.CleanArchitecture\Onion.CleanArchitecture.Infrastructure.Identity\ServiceExtensions.cs:line 135
         at Microsoft.AspNetCore.Authentication.JwtBearer.JwtBearerEvents.Challenge(JwtBearerChallengeContext context)
         at Microsoft.AspNetCore.Authentication.JwtBearer.JwtBearerHandler.HandleChallengeAsync(AuthenticationProperties properties)
         at Microsoft.AspNetCore.Authentication.AuthenticationHandler`1.ChallengeAsync(AuthenticationProperties properties)
         at Microsoft.AspNetCore.Authentication.AuthenticationService.ChallengeAsync(HttpContext context, String scheme, AuthenticationProperties properties)
         at Microsoft.AspNetCore.Authentication.AuthenticationServiceImpl.ChallengeAsync(HttpContext context, String scheme, AuthenticationProperties properties)
         at Microsoft.AspNetCore.Authorization.Policy.AuthorizationMiddlewareResultHandler.<>c__DisplayClass0_0.<<HandleAsync>g__Handle|0>d.MoveNext()
      --- End of stack trace from previous location ---
         at Microsoft.AspNetCore.Authorization.AuthorizationMiddleware.Invoke(HttpContext context)
         at Swashbuckle.AspNetCore.SwaggerUI.SwaggerUIMiddleware.Invoke(HttpContext httpContext)
         at Swashbuckle.AspNetCore.Swagger.SwaggerMiddleware.Invoke(HttpContext httpContext, ISwaggerProvider swaggerProvider)
         at Microsoft.AspNetCore.Diagnostics.DeveloperExceptionPageMiddlewareImpl.Invoke(HttpContext context)
         at Microsoft.AspNetCore.Diagnostics.DeveloperExceptionPageMiddlewareImpl.Invoke(HttpContext context)
         at Microsoft.AspNetCore.Authentication.AuthenticationMiddleware.Invoke(HttpContext context)
         at Microsoft.AspNetCore.Diagnostics.DeveloperExceptionPageMiddlewareImpl.Invoke(HttpContext context)
warn: Microsoft.AspNetCore.Diagnostics.DeveloperExceptionPageMiddleware[2]
      The response has already started, the error page middleware will not be executed.
fail: Microsoft.AspNetCore.Diagnostics.DeveloperExceptionPageMiddleware[1]
      An unhandled exception has occurred while executing the request.
      System.InvalidOperationException: StatusCode cannot be set because the response has already started.
         at Microsoft.AspNetCore.Server.Kestrel.Core.Internal.Http.HttpProtocol.ThrowResponseAlreadyStartedException(String value)
         at Microsoft.AspNetCore.Server.Kestrel.Core.Internal.Http.HttpProtocol.Microsoft.AspNetCore.Http.Features.IHttpResponseFeature.set_StatusCode(Int32 value)
         at Onion.CleanArchitecture.Infrastructure.Identity.ServiceExtensions.<>c.<AddIdentityRepositories>b__3_3(JwtBearerChallengeContext context) in D:\Univer\Nam_4\VB\Demo-Saga\Onion.CleanArchitecture\Onion.CleanArchitecture.Infrastructure.Identity\ServiceExtensions.cs:line 135
         at Microsoft.AspNetCore.Authentication.JwtBearer.JwtBearerEvents.Challenge(JwtBearerChallengeContext context)
         at Microsoft.AspNetCore.Authentication.JwtBearer.JwtBearerHandler.HandleChallengeAsync(AuthenticationProperties properties)
         at Microsoft.AspNetCore.Authentication.AuthenticationHandler`1.ChallengeAsync(AuthenticationProperties properties)
         at Microsoft.AspNetCore.Authentication.AuthenticationService.ChallengeAsync(HttpContext context, String scheme, AuthenticationProperties properties)
         at Microsoft.AspNetCore.Authentication.AuthenticationServiceImpl.ChallengeAsync(HttpContext context, String scheme, AuthenticationProperties properties)
         at Microsoft.AspNetCore.Authorization.Policy.AuthorizationMiddlewareResultHandler.<>c__DisplayClass0_0.<<HandleAsync>g__Handle|0>d.MoveNext()
      --- End of stack trace from previous location ---
         at Microsoft.AspNetCore.Authorization.AuthorizationMiddleware.Invoke(HttpContext context)
         at Swashbuckle.AspNetCore.SwaggerUI.SwaggerUIMiddleware.Invoke(HttpContext httpContext)
         at Swashbuckle.AspNetCore.Swagger.SwaggerMiddleware.Invoke(HttpContext httpContext, ISwaggerProvider swaggerProvider)
         at Microsoft.AspNetCore.Diagnostics.DeveloperExceptionPageMiddlewareImpl.Invoke(HttpContext context)
         at Microsoft.AspNetCore.Diagnostics.DeveloperExceptionPageMiddlewareImpl.Invoke(HttpContext context)
         at Microsoft.AspNetCore.Authentication.AuthenticationMiddleware.Invoke(HttpContext context)
         at Microsoft.AspNetCore.Diagnostics.DeveloperExceptionPageMiddlewareImpl.Invoke(HttpContext context)
warn: Microsoft.AspNetCore.Diagnostics.DeveloperExceptionPageMiddleware[2]
      The response has already started, the error page middleware will not be executed.
fail: Microsoft.AspNetCore.Server.Kestrel[13]
      Connection id "0HNNHS07B9INF", Request id "0HNNHS07B9INF:00000001": An unhandled exception was thrown by the application.
      System.InvalidOperationException: StatusCode cannot be set because the response has already started.
         at Microsoft.AspNetCore.Server.Kestrel.Core.Internal.Http.HttpProtocol.ThrowResponseAlreadyStartedException(String value)
         at Microsoft.AspNetCore.Server.Kestrel.Core.Internal.Http.HttpProtocol.Microsoft.AspNetCore.Http.Features.IHttpResponseFeature.set_StatusCode(Int32 value)
         at Onion.CleanArchitecture.Infrastructure.Identity.ServiceExtensions.<>c.<AddIdentityRepositories>b__3_3(JwtBearerChallengeContext context) in D:\Univer\Nam_4\VB\Demo-Saga\Onion.CleanArchitecture\Onion.CleanArchitecture.Infrastructure.Identity\ServiceExtensions.cs:line 135
         at Microsoft.AspNetCore.Authentication.JwtBearer.JwtBearerEvents.Challenge(JwtBearerChallengeContext context)
         at Microsoft.AspNetCore.Authentication.JwtBearer.JwtBearerHandler.HandleChallengeAsync(AuthenticationProperties properties)
         at Microsoft.AspNetCore.Authentication.AuthenticationHandler`1.ChallengeAsync(AuthenticationProperties properties)
         at Microsoft.AspNetCore.Authentication.AuthenticationService.ChallengeAsync(HttpContext context, String scheme, AuthenticationProperties properties)
         at Microsoft.AspNetCore.Authentication.AuthenticationServiceImpl.ChallengeAsync(HttpContext context, String scheme, AuthenticationProperties properties)
         at Microsoft.AspNetCore.Authorization.Policy.AuthorizationMiddlewareResultHandler.<>c__DisplayClass0_0.<<HandleAsync>g__Handle|0>d.MoveNext()
      --- End of stack trace from previous location ---
         at Microsoft.AspNetCore.Authorization.AuthorizationMiddleware.Invoke(HttpContext context)
         at Swashbuckle.AspNetCore.SwaggerUI.SwaggerUIMiddleware.Invoke(HttpContext httpContext)
         at Swashbuckle.AspNetCore.Swagger.SwaggerMiddleware.Invoke(HttpContext httpContext, ISwaggerProvider swaggerProvider)
         at Microsoft.AspNetCore.Diagnostics.DeveloperExceptionPageMiddlewareImpl.Invoke(HttpContext context)
         at Microsoft.AspNetCore.Diagnostics.DeveloperExceptionPageMiddlewareImpl.Invoke(HttpContext context)
         at Microsoft.AspNetCore.Authentication.AuthenticationMiddleware.Invoke(HttpContext context)
         at Microsoft.AspNetCore.Diagnostics.DeveloperExceptionPageMiddlewareImpl.Invoke(HttpContext context)
         at Microsoft.AspNetCore.Diagnostics.DeveloperExceptionPageMiddlewareImpl.Invoke(HttpContext context)
         at Microsoft.AspNetCore.Server.Kestrel.Core.Internal.Http.HttpProtocol.ProcessRequests[TContext](IHttpApplication`1 application)
fail: Microsoft.AspNetCore.Server.Kestrel[13]
      Connection id "0HNNHS07B9ING", Request id "0HNNHS07B9ING:00000001": An unhandled exception was thrown by the application.
      System.InvalidOperationException: StatusCode cannot be set because the response has already started.
         at Microsoft.AspNetCore.Server.Kestrel.Core.Internal.Http.HttpProtocol.ThrowResponseAlreadyStartedException(String value)
         at Microsoft.AspNetCore.Server.Kestrel.Core.Internal.Http.HttpProtocol.Microsoft.AspNetCore.Http.Features.IHttpResponseFeature.set_StatusCode(Int32 value)
         at Onion.CleanArchitecture.Infrastructure.Identity.ServiceExtensions.<>c.<AddIdentityRepositories>b__3_3(JwtBearerChallengeContext context) in D:\Univer\Nam_4\VB\Demo-Saga\Onion.CleanArchitecture\Onion.CleanArchitecture.Infrastructure.Identity\ServiceExtensions.cs:line 135
         at Microsoft.AspNetCore.Authentication.JwtBearer.JwtBearerEvents.Challenge(JwtBearerChallengeContext context)
         at Microsoft.AspNetCore.Authentication.JwtBearer.JwtBearerHandler.HandleChallengeAsync(AuthenticationProperties properties)
         at Microsoft.AspNetCore.Authentication.AuthenticationHandler`1.ChallengeAsync(AuthenticationProperties properties)
         at Microsoft.AspNetCore.Authentication.AuthenticationService.ChallengeAsync(HttpContext context, String scheme, AuthenticationProperties properties)
         at Microsoft.AspNetCore.Authentication.AuthenticationServiceImpl.ChallengeAsync(HttpContext context, String scheme, AuthenticationProperties properties)
         at Microsoft.AspNetCore.Authorization.Policy.AuthorizationMiddlewareResultHandler.<>c__DisplayClass0_0.<<HandleAsync>g__Handle|0>d.MoveNext()
      --- End of stack trace from previous location ---
         at Microsoft.AspNetCore.Authorization.AuthorizationMiddleware.Invoke(HttpContext context)
         at Swashbuckle.AspNetCore.SwaggerUI.SwaggerUIMiddleware.Invoke(HttpContext httpContext)
         at Swashbuckle.AspNetCore.Swagger.SwaggerMiddleware.Invoke(HttpContext httpContext, ISwaggerProvider swaggerProvider)
         at Microsoft.AspNetCore.Diagnostics.DeveloperExceptionPageMiddlewareImpl.Invoke(HttpContext context)
         at Microsoft.AspNetCore.Diagnostics.DeveloperExceptionPageMiddlewareImpl.Invoke(HttpContext context)
         at Microsoft.AspNetCore.Authentication.AuthenticationMiddleware.Invoke(HttpContext context)
         at Microsoft.AspNetCore.Diagnostics.DeveloperExceptionPageMiddlewareImpl.Invoke(HttpContext context)
         at Microsoft.AspNetCore.Diagnostics.DeveloperExceptionPageMiddlewareImpl.Invoke(HttpContext context)
         at Microsoft.AspNetCore.Server.Kestrel.Core.Internal.Http.HttpProtocol.ProcessRequests[TContext](IHttpApplication`1 application)
info: Onion.CleanArchitecture.WebApp.Server.Services.MicroserviceLauncherHostedService[0]
      [OrderAcceptService] info: Microsoft.EntityFrameworkCore.Database.Command[20101]
info: Onion.CleanArchitecture.WebApp.Server.Services.MicroserviceLauncherHostedService[0]
      [OrderAcceptService]       Executed DbCommand (1ms) [Parameters=[@now='?' (DbType = DateTime)], CommandType='Text', CommandTimeout='30']
info: Onion.CleanArchitecture.WebApp.Server.Services.MicroserviceLauncherHostedService[0]
      [OrderAcceptService]       SELECT o."Id", o."CreatedAt", o."CreatedBy", o."LastModifiedAt", o."LastModifiedBy", o."OrderId", o."Status", o."Timeout", o."TimerId", o."TimerStatus"
info: Onion.CleanArchitecture.WebApp.Server.Services.MicroserviceLauncherHostedService[0]
      [OrderAcceptService]       FROM "OrderTimers" AS o
info: Onion.CleanArchitecture.WebApp.Server.Services.MicroserviceLauncherHostedService[0]
      [OrderAcceptService]       WHERE o."TimerStatus" = 1 AND o."Timeout" <= @now
info: Onion.CleanArchitecture.WebApp.Server.Services.MicroserviceLauncherHostedService[0]
      [OrderAcceptService] info: Microsoft.EntityFrameworkCore.Database.Command[20101]
info: Onion.CleanArchitecture.WebApp.Server.Services.MicroserviceLauncherHostedService[0]
      [OrderAcceptService]       Executed DbCommand (1ms) [Parameters=[@now='?' (DbType = DateTime)], CommandType='Text', CommandTimeout='30']
info: Onion.CleanArchitecture.WebApp.Server.Services.MicroserviceLauncherHostedService[0]
      [OrderAcceptService]       SELECT o."Id", o."CreatedAt", o."CreatedBy", o."LastModifiedAt", o."LastModifiedBy", o."OrderId", o."Status", o."Timeout", o."TimerId", o."TimerStatus"
info: Onion.CleanArchitecture.WebApp.Server.Services.MicroserviceLauncherHostedService[0]
      [OrderAcceptService]       FROM "OrderTimers" AS o
info: Onion.CleanArchitecture.WebApp.Server.Services.MicroserviceLauncherHostedService[0]
      [OrderAcceptService]       WHERE o."TimerStatus" = 1 AND o."Timeout" <= @now
info: Onion.CleanArchitecture.WebApp.Server.Services.MicroserviceLauncherHostedService[0]
      [OrderAcceptService] info: Microsoft.EntityFrameworkCore.Database.Command[20101]
info: Onion.CleanArchitecture.WebApp.Server.Services.MicroserviceLauncherHostedService[0]
      [OrderAcceptService]       Executed DbCommand (1ms) [Parameters=[@now='?' (DbType = DateTime)], CommandType='Text', CommandTimeout='30']
info: Onion.CleanArchitecture.WebApp.Server.Services.MicroserviceLauncherHostedService[0]
      [OrderAcceptService]       SELECT o."Id", o."CreatedAt", o."CreatedBy", o."LastModifiedAt", o."LastModifiedBy", o."OrderId", o."Status", o."Timeout", o."TimerId", o."TimerStatus"
info: Onion.CleanArchitecture.WebApp.Server.Services.MicroserviceLauncherHostedService[0]
      [OrderAcceptService]       FROM "OrderTimers" AS o
info: Onion.CleanArchitecture.WebApp.Server.Services.MicroserviceLauncherHostedService[0]
      [OrderAcceptService]       WHERE o."TimerStatus" = 1 AND o."Timeout" <= @now
info: Onion.CleanArchitecture.WebApp.Server.Services.MicroserviceLauncherHostedService[0]
      [OrderAcceptService] info: Microsoft.EntityFrameworkCore.Database.Command[20101]
info: Onion.CleanArchitecture.WebApp.Server.Services.MicroserviceLauncherHostedService[0]
      [OrderAcceptService]       Executed DbCommand (1ms) [Parameters=[@now='?' (DbType = DateTime)], CommandType='Text', CommandTimeout='30']
info: Onion.CleanArchitecture.WebApp.Server.Services.MicroserviceLauncherHostedService[0]
      [OrderAcceptService]       SELECT o."Id", o."CreatedAt", o."CreatedBy", o."LastModifiedAt", o."LastModifiedBy", o."OrderId", o."Status", o."Timeout", o."TimerId", o."TimerStatus"
info: Onion.CleanArchitecture.WebApp.Server.Services.MicroserviceLauncherHostedService[0]
      [OrderAcceptService]       FROM "OrderTimers" AS o
info: Onion.CleanArchitecture.WebApp.Server.Services.MicroserviceLauncherHostedService[0]
      [OrderAcceptService]       WHERE o."TimerStatus" = 1 AND o."Timeout" <= @now
info: Onion.CleanArchitecture.WebApp.Server.Services.MicroserviceLauncherHostedService[0]
      [OrderAcceptService] info: Microsoft.EntityFrameworkCore.Database.Command[20101]
info: Onion.CleanArchitecture.WebApp.Server.Services.MicroserviceLauncherHostedService[0]
      [OrderAcceptService]       Executed DbCommand (6ms) [Parameters=[@now='?' (DbType = DateTime)], CommandType='Text', CommandTimeout='30']
info: Onion.CleanArchitecture.WebApp.Server.Services.MicroserviceLauncherHostedService[0]
      [OrderAcceptService]       SELECT o."Id", o."CreatedAt", o."CreatedBy", o."LastModifiedAt", o."LastModifiedBy", o."OrderId", o."Status", o."Timeout", o."TimerId", o."TimerStatus"
info: Onion.CleanArchitecture.WebApp.Server.Services.MicroserviceLauncherHostedService[0]
      [OrderAcceptService]       FROM "OrderTimers" AS o
info: Onion.CleanArchitecture.WebApp.Server.Services.MicroserviceLauncherHostedService[0]
      [OrderAcceptService]       WHERE o."TimerStatus" = 1 AND o."Timeout" <= @now
info: Onion.CleanArchitecture.WebApp.Server.Services.MicroserviceLauncherHostedService[0]
      [OrderAcceptService] info: Microsoft.EntityFrameworkCore.Database.Command[20101]
info: Onion.CleanArchitecture.WebApp.Server.Services.MicroserviceLauncherHostedService[0]
      [OrderAcceptService]       Executed DbCommand (1ms) [Parameters=[@now='?' (DbType = DateTime)], CommandType='Text', CommandTimeout='30']
info: Onion.CleanArchitecture.WebApp.Server.Services.MicroserviceLauncherHostedService[0]
      [OrderAcceptService]       SELECT o."Id", o."CreatedAt", o."CreatedBy", o."LastModifiedAt", o."LastModifiedBy", o."OrderId", o."Status", o."Timeout", o."TimerId", o."TimerStatus"
info: Onion.CleanArchitecture.WebApp.Server.Services.MicroserviceLauncherHostedService[0]
      [OrderAcceptService]       FROM "OrderTimers" AS o
info: Onion.CleanArchitecture.WebApp.Server.Services.MicroserviceLauncherHostedService[0]
      [OrderAcceptService]       WHERE o."TimerStatus" = 1 AND o."Timeout" <= @now
info: Onion.CleanArchitecture.WebApp.Server.Services.MicroserviceLauncherHostedService[0]
      [OrderAcceptService] info: Microsoft.EntityFrameworkCore.Database.Command[20101]
info: Onion.CleanArchitecture.WebApp.Server.Services.MicroserviceLauncherHostedService[0]
      [OrderAcceptService]       Executed DbCommand (1ms) [Parameters=[@now='?' (DbType = DateTime)], CommandType='Text', CommandTimeout='30']
info: Onion.CleanArchitecture.WebApp.Server.Services.MicroserviceLauncherHostedService[0]
      [OrderAcceptService]       SELECT o."Id", o."CreatedAt", o."CreatedBy", o."LastModifiedAt", o."LastModifiedBy", o."OrderId", o."Status", o."Timeout", o."TimerId", o."TimerStatus"
info: Onion.CleanArchitecture.WebApp.Server.Services.MicroserviceLauncherHostedService[0]
      [OrderAcceptService]       FROM "OrderTimers" AS o
info: Onion.CleanArchitecture.WebApp.Server.Services.MicroserviceLauncherHostedService[0]
      [OrderAcceptService]       WHERE o."TimerStatus" = 1 AND o."Timeout" <= @now
info: Onion.CleanArchitecture.WebApp.Server.Services.MicroserviceLauncherHostedService[0]
      [OrderAcceptService] info: Microsoft.EntityFrameworkCore.Database.Command[20101]
info: Onion.CleanArchitecture.WebApp.Server.Services.MicroserviceLauncherHostedService[0]
      [OrderAcceptService]       Executed DbCommand (1ms) [Parameters=[@now='?' (DbType = DateTime)], CommandType='Text', CommandTimeout='30']
info: Onion.CleanArchitecture.WebApp.Server.Services.MicroserviceLauncherHostedService[0]
      [OrderAcceptService]       SELECT o."Id", o."CreatedAt", o."CreatedBy", o."LastModifiedAt", o."LastModifiedBy", o."OrderId", o."Status", o."Timeout", o."TimerId", o."TimerStatus"
info: Onion.CleanArchitecture.WebApp.Server.Services.MicroserviceLauncherHostedService[0]
      [OrderAcceptService]       FROM "OrderTimers" AS o
info: Onion.CleanArchitecture.WebApp.Server.Services.MicroserviceLauncherHostedService[0]
      [OrderAcceptService]       WHERE o."TimerStatus" = 1 AND o."Timeout" <= @now
info: Onion.CleanArchitecture.WebApp.Server.Services.MicroserviceLauncherHostedService[0]
      [OrderAcceptService] info: Microsoft.EntityFrameworkCore.Database.Command[20101]
info: Onion.CleanArchitecture.WebApp.Server.Services.MicroserviceLauncherHostedService[0]
      [OrderAcceptService]       Executed DbCommand (2ms) [Parameters=[@now='?' (DbType = DateTime)], CommandType='Text', CommandTimeout='30']
info: Onion.CleanArchitecture.WebApp.Server.Services.MicroserviceLauncherHostedService[0]
      [OrderAcceptService]       SELECT o."Id", o."CreatedAt", o."CreatedBy", o."LastModifiedAt", o."LastModifiedBy", o."OrderId", o."Status", o."Timeout", o."TimerId", o."TimerStatus"
info: Onion.CleanArchitecture.WebApp.Server.Services.MicroserviceLauncherHostedService[0]
      [OrderAcceptService]       FROM "OrderTimers" AS o
info: Onion.CleanArchitecture.WebApp.Server.Services.MicroserviceLauncherHostedService[0]
      [OrderAcceptService]       WHERE o."TimerStatus" = 1 AND o."Timeout" <= @now
info: Onion.CleanArchitecture.WebApp.Server.Services.MicroserviceLauncherHostedService[0]
      [OrderAcceptService] info: Microsoft.EntityFrameworkCore.Database.Command[20101]
info: Onion.CleanArchitecture.WebApp.Server.Services.MicroserviceLauncherHostedService[0]
      [OrderAcceptService]       Executed DbCommand (3ms) [Parameters=[@now='?' (DbType = DateTime)], CommandType='Text', CommandTimeout='30']
info: Onion.CleanArchitecture.WebApp.Server.Services.MicroserviceLauncherHostedService[0]
      [OrderAcceptService]       SELECT o."Id", o."CreatedAt", o."CreatedBy", o."LastModifiedAt", o."LastModifiedBy", o."OrderId", o."Status", o."Timeout", o."TimerId", o."TimerStatus"
info: Onion.CleanArchitecture.WebApp.Server.Services.MicroserviceLauncherHostedService[0]
      [OrderAcceptService]       FROM "OrderTimers" AS o
info: Onion.CleanArchitecture.WebApp.Server.Services.MicroserviceLauncherHostedService[0]
      [OrderAcceptService]       WHERE o."TimerStatus" = 1 AND o."Timeout" <= @now
info: Onion.CleanArchitecture.WebApp.Server.Services.MicroserviceLauncherHostedService[0]
      [OrderAcceptService] info: Microsoft.EntityFrameworkCore.Database.Command[20101]
info: Onion.CleanArchitecture.WebApp.Server.Services.MicroserviceLauncherHostedService[0]
      [OrderAcceptService]       Executed DbCommand (2ms) [Parameters=[@now='?' (DbType = DateTime)], CommandType='Text', CommandTimeout='30']
info: Onion.CleanArchitecture.WebApp.Server.Services.MicroserviceLauncherHostedService[0]
      [OrderAcceptService]       SELECT o."Id", o."CreatedAt", o."CreatedBy", o."LastModifiedAt", o."LastModifiedBy", o."OrderId", o."Status", o."Timeout", o."TimerId", o."TimerStatus"
info: Onion.CleanArchitecture.WebApp.Server.Services.MicroserviceLauncherHostedService[0]
      [OrderAcceptService]       FROM "OrderTimers" AS o
info: Onion.CleanArchitecture.WebApp.Server.Services.MicroserviceLauncherHostedService[0]
      [OrderAcceptService]       WHERE o."TimerStatus" = 1 AND o."Timeout" <= @now
info: Onion.CleanArchitecture.WebApp.Server.Services.MicroserviceLauncherHostedService[0]
      [OrderAcceptService] info: Microsoft.EntityFrameworkCore.Database.Command[20101]
info: Onion.CleanArchitecture.WebApp.Server.Services.MicroserviceLauncherHostedService[0]
      [OrderAcceptService]       Executed DbCommand (3ms) [Parameters=[@now='?' (DbType = DateTime)], CommandType='Text', CommandTimeout='30']
info: Onion.CleanArchitecture.WebApp.Server.Services.MicroserviceLauncherHostedService[0]
      [OrderAcceptService]       SELECT o."Id", o."CreatedAt", o."CreatedBy", o."LastModifiedAt", o."LastModifiedBy", o."OrderId", o."Status", o."Timeout", o."TimerId", o."TimerStatus"
info: Onion.CleanArchitecture.WebApp.Server.Services.MicroserviceLauncherHostedService[0]
      [OrderAcceptService]       FROM "OrderTimers" AS o
info: Onion.CleanArchitecture.WebApp.Server.Services.MicroserviceLauncherHostedService[0]
      [OrderAcceptService]       WHERE o."TimerStatus" = 1 AND o."Timeout" <= @now
info: Onion.CleanArchitecture.WebApp.Server.Services.MicroserviceLauncherHostedService[0]
      [OrderAcceptService] info: Microsoft.EntityFrameworkCore.Database.Command[20101]
info: Onion.CleanArchitecture.WebApp.Server.Services.MicroserviceLauncherHostedService[0]
      [OrderAcceptService]       Executed DbCommand (1ms) [Parameters=[@now='?' (DbType = DateTime)], CommandType='Text', CommandTimeout='30']
info: Onion.CleanArchitecture.WebApp.Server.Services.MicroserviceLauncherHostedService[0]
      [OrderAcceptService]       SELECT o."Id", o."CreatedAt", o."CreatedBy", o."LastModifiedAt", o."LastModifiedBy", o."OrderId", o."Status", o."Timeout", o."TimerId", o."TimerStatus"
info: Onion.CleanArchitecture.WebApp.Server.Services.MicroserviceLauncherHostedService[0]
      [OrderAcceptService]       FROM "OrderTimers" AS o
info: Onion.CleanArchitecture.WebApp.Server.Services.MicroserviceLauncherHostedService[0]
      [OrderAcceptService]       WHERE o."TimerStatus" = 1 AND o."Timeout" <= @now
info: Microsoft.EntityFrameworkCore.Database.Command[20101]
      Executed DbCommand (16ms) [Parameters=[@normalizedEmail='?'], CommandType='Text', CommandTimeout='30']
      SELECT u."Id", u."AccessFailedCount", u."ConcurrencyStamp", u."Email", u."EmailConfirmed", u."FirstName", u."LastName", u."LockoutEnabled", u."LockoutEnd", u."NormalizedEmail", u."NormalizedUserName", u."PasswordHash", u."PhoneNumber", u."PhoneNumberConfirmed", u."SecurityStamp", u."TwoFactorEnabled", u."UserName"
      FROM "Identity"."User" AS u
      WHERE u."NormalizedEmail" = @normalizedEmail
      LIMIT 2
info: Microsoft.EntityFrameworkCore.Database.Command[20101]
      Executed DbCommand (1ms) [Parameters=[@normalizedUserName='?'], CommandType='Text', CommandTimeout='30']
      SELECT u."Id", u."AccessFailedCount", u."ConcurrencyStamp", u."Email", u."EmailConfirmed", u."FirstName", u."LastName", u."LockoutEnabled", u."LockoutEnd", u."NormalizedEmail", u."NormalizedUserName", u."PasswordHash", u."PhoneNumber", u."PhoneNumberConfirmed", u."SecurityStamp", u."TwoFactorEnabled", u."UserName"
      FROM "Identity"."User" AS u
      WHERE u."NormalizedUserName" = @normalizedUserName
      LIMIT 1
info: Microsoft.EntityFrameworkCore.Database.Command[20101]
      Executed DbCommand (7ms) [Parameters=[@user_Id='?'], CommandType='Text', CommandTimeout='30']
      SELECT u."Id", u."ClaimType", u."ClaimValue", u."UserId"
      FROM "Identity"."UserClaims" AS u
      WHERE u."UserId" = @user_Id
info: Microsoft.EntityFrameworkCore.Database.Command[20101]
      Executed DbCommand (9ms) [Parameters=[@userId='?'], CommandType='Text', CommandTimeout='30']
      SELECT r."Name"
      FROM "Identity"."UserRoles" AS u
      INNER JOIN "Identity"."Role" AS r ON u."RoleId" = r."Id"
      WHERE u."UserId" = @userId
info: Microsoft.EntityFrameworkCore.Database.Command[20101]
      Executed DbCommand (1ms) [Parameters=[@normalizedName='?'], CommandType='Text', CommandTimeout='30']
      SELECT r."Id", r."ConcurrencyStamp", r."Name", r."NormalizedName"
      FROM "Identity"."Role" AS r
      WHERE r."NormalizedName" = @normalizedName
      LIMIT 1
info: Microsoft.EntityFrameworkCore.Database.Command[20101]
      Executed DbCommand (6ms) [Parameters=[@role_Id='?'], CommandType='Text', CommandTimeout='30']
      SELECT r."ClaimType", r."ClaimValue"
      FROM "Identity"."RoleClaims" AS r
      WHERE r."RoleId" = @role_Id
info: Microsoft.EntityFrameworkCore.Database.Command[20101]
      Executed DbCommand (1ms) [Parameters=[@user_Id='?'], CommandType='Text', CommandTimeout='30']
      SELECT u."Id", u."ClaimType", u."ClaimValue", u."UserId"
      FROM "Identity"."UserClaims" AS u
      WHERE u."UserId" = @user_Id
info: Microsoft.EntityFrameworkCore.Database.Command[20101]
      Executed DbCommand (1ms) [Parameters=[@userId='?'], CommandType='Text', CommandTimeout='30']
      SELECT r."Name"
      FROM "Identity"."UserRoles" AS u
      INNER JOIN "Identity"."Role" AS r ON u."RoleId" = r."Id"
      WHERE u."UserId" = @userId
info: Microsoft.EntityFrameworkCore.Database.Command[20101]
      Executed DbCommand (1ms) [Parameters=[@normalizedName='?'], CommandType='Text', CommandTimeout='30']
      SELECT r."Id", r."ConcurrencyStamp", r."Name", r."NormalizedName"
      FROM "Identity"."Role" AS r
      WHERE r."NormalizedName" = @normalizedName
      LIMIT 1
info: Microsoft.EntityFrameworkCore.Database.Command[20101]
      Executed DbCommand (1ms) [Parameters=[@role_Id='?'], CommandType='Text', CommandTimeout='30']
      SELECT r."Id", r."ClaimType", r."ClaimValue", r."RoleId"
      FROM "Identity"."RoleClaims" AS r
      WHERE r."RoleId" = @role_Id
info: Microsoft.EntityFrameworkCore.Database.Command[20101]
      Executed DbCommand (1ms) [Parameters=[@userId='?'], CommandType='Text', CommandTimeout='30']
      SELECT r."Name"
      FROM "Identity"."UserRoles" AS u
      INNER JOIN "Identity"."Role" AS r ON u."RoleId" = r."Id"
      WHERE u."UserId" = @userId
info: Microsoft.EntityFrameworkCore.Database.Command[20101]
      Executed DbCommand (11ms) [Parameters=[], CommandType='Text', CommandTimeout='30']
      SELECT count(*)::int
      FROM "Orders" AS o
info: Microsoft.EntityFrameworkCore.Database.Command[20101]
      Executed DbCommand (4ms) [Parameters=[@p1='?' (DbType = Int32), @p='?' (DbType = Int32)], CommandType='Text', CommandTimeout='30']
      SELECT o."Id", o."CompletedAt", o."CreatedAt", o."CreatedBy", o."CustomerId", o."IsReserved", o."LastModifiedAt", o."LastModifiedBy", o."Note", o."OrderCode", o."OrderId", o."RejectedAt", o."ShippingAddress", o."Status", o."TotalAmount", o."UpdatedAt"
      FROM "Orders" AS o
      ORDER BY o."CreatedAt" DESC
      LIMIT @p1 OFFSET @p
info: Onion.CleanArchitecture.WebApp.Server.Services.MicroserviceLauncherHostedService[0]
      [OrderAcceptService] info: Microsoft.EntityFrameworkCore.Database.Command[20101]
info: Onion.CleanArchitecture.WebApp.Server.Services.MicroserviceLauncherHostedService[0]
      [OrderAcceptService]       Executed DbCommand (1ms) [Parameters=[@now='?' (DbType = DateTime)], CommandType='Text', CommandTimeout='30']
info: Onion.CleanArchitecture.WebApp.Server.Services.MicroserviceLauncherHostedService[0]
      [OrderAcceptService]       SELECT o."Id", o."CreatedAt", o."CreatedBy", o."LastModifiedAt", o."LastModifiedBy", o."OrderId", o."Status", o."Timeout", o."TimerId", o."TimerStatus"
info: Onion.CleanArchitecture.WebApp.Server.Services.MicroserviceLauncherHostedService[0]
      [OrderAcceptService]       FROM "OrderTimers" AS o
info: Onion.CleanArchitecture.WebApp.Server.Services.MicroserviceLauncherHostedService[0]
      [OrderAcceptService]       WHERE o."TimerStatus" = 1 AND o."Timeout" <= @now
info: Microsoft.EntityFrameworkCore.Database.Command[20101]
      Executed DbCommand (6ms) [Parameters=[], CommandType='Text', CommandTimeout='30']
      SELECT count(*)::int
      FROM "Product" AS p
info: Microsoft.EntityFrameworkCore.Database.Command[20101]
      Executed DbCommand (1ms) [Parameters=[@p1='?' (DbType = Int32), @p='?' (DbType = Int32)], CommandType='Text', CommandTimeout='30']
      SELECT p."Id", p."Code", p."CreatedAt", p."CreatedBy", p."Description", p."IsActive", p."LastModifiedAt", p."LastModifiedBy", p."Name", p."Price", p."ProductId", p."Rate", p."SLTKho"
      FROM "Product" AS p
      ORDER BY p."Id"
      LIMIT @p1 OFFSET @p
info: Onion.CleanArchitecture.WebApp.Server.Services.MicroserviceLauncherHostedService[0]
      [OrderAcceptService] info: Microsoft.EntityFrameworkCore.Database.Command[20101]
info: Onion.CleanArchitecture.WebApp.Server.Services.MicroserviceLauncherHostedService[0]
      [OrderAcceptService]       Executed DbCommand (1ms) [Parameters=[@now='?' (DbType = DateTime)], CommandType='Text', CommandTimeout='30']
info: Onion.CleanArchitecture.WebApp.Server.Services.MicroserviceLauncherHostedService[0]
      [OrderAcceptService]       SELECT o."Id", o."CreatedAt", o."CreatedBy", o."LastModifiedAt", o."LastModifiedBy", o."OrderId", o."Status", o."Timeout", o."TimerId", o."TimerStatus"
info: Onion.CleanArchitecture.WebApp.Server.Services.MicroserviceLauncherHostedService[0]
      [OrderAcceptService]       FROM "OrderTimers" AS o
info: Onion.CleanArchitecture.WebApp.Server.Services.MicroserviceLauncherHostedService[0]
      [OrderAcceptService]       WHERE o."TimerStatus" = 1 AND o."Timeout" <= @now
info: Microsoft.EntityFrameworkCore.Database.Command[20101]
      Executed DbCommand (2ms) [Parameters=[@productId='?' (DbType = Guid)], CommandType='Text', CommandTimeout='30']
      SELECT p."Id", p."Code", p."CreatedAt", p."CreatedBy", p."Description", p."IsActive", p."LastModifiedAt", p."LastModifiedBy", p."Name", p."Price", p."ProductId", p."Rate", p."SLTKho"
      FROM "Product" AS p
      WHERE p."ProductId" = @productId
      LIMIT 1
info: Microsoft.EntityFrameworkCore.Database.Command[20101]
      Executed DbCommand (15ms) [Parameters=[@p0='?' (DbType = DateTime), @p1='?' (DbType = DateTime), @p2='?', @p3='?', @p4='?' (DbType = Boolean), @p5='?' (DbType = DateTime), @p6='?', @p7='?', @p8='?', @p9='?' (DbType = Guid), @p10='?' (DbType = DateTime), @p11='?', @p12='?' (DbType = Int32), @p13='?' (DbType = Decimal), @p14='?' (DbType = DateTime), @p15='?' (DbType = DateTime), @p16='?', @p17='?' (DbType = DateTime), @p18='?', @p19='?' (DbType = Guid), @p20='?' (DbType = Guid), @p21='?' (DbType = Guid), @p22='?', @p23='?' (DbType = Int32), @p24='?' (DbType = Decimal)], CommandType='Text', CommandTimeout='30']
      INSERT INTO "Orders" ("CompletedAt", "CreatedAt", "CreatedBy", "CustomerId", "IsReserved", "LastModifiedAt", "LastModifiedBy", "Note", "OrderCode", "OrderId", "RejectedAt", "ShippingAddress", "Status", "TotalAmount", "UpdatedAt")
      VALUES (@p0, @p1, @p2, @p3, @p4, @p5, @p6, @p7, @p8, @p9, @p10, @p11, @p12, @p13, @p14)
      RETURNING "Id";
      INSERT INTO "OrderItems" ("CreatedAt", "CreatedBy", "LastModifiedAt", "LastModifiedBy", "OrderId", "OrderItemId", "ProductId", "ProductName", "Quantity", "UnitPrice")
      VALUES (@p15, @p16, @p17, @p18, @p19, @p20, @p21, @p22, @p23, @p24)
      RETURNING "Id";
info: Microsoft.EntityFrameworkCore.Database.Command[20101]
      Executed DbCommand (1ms) [Parameters=[], CommandType='Text', CommandTimeout='30']
      SELECT count(*)::int
      FROM "Orders" AS o
info: Microsoft.EntityFrameworkCore.Database.Command[20101]
      Executed DbCommand (1ms) [Parameters=[@p1='?' (DbType = Int32), @p='?' (DbType = Int32)], CommandType='Text', CommandTimeout='30']
      SELECT o."Id", o."CompletedAt", o."CreatedAt", o."CreatedBy", o."CustomerId", o."IsReserved", o."LastModifiedAt", o."LastModifiedBy", o."Note", o."OrderCode", o."OrderId", o."RejectedAt", o."ShippingAddress", o."Status", o."TotalAmount", o."UpdatedAt"
      FROM "Orders" AS o
      ORDER BY o."CreatedAt" DESC
      LIMIT @p1 OFFSET @p
info: Onion.CleanArchitecture.WebApp.Server.Services.MicroserviceLauncherHostedService[0]
      [OrderOrchestration] info: Microsoft.EntityFrameworkCore.Database.Command[20101]
info: Onion.CleanArchitecture.WebApp.Server.Services.MicroserviceLauncherHostedService[0]
      [OrderOrchestration]       Executed DbCommand (9ms) [Parameters=[p0='?' (DbType = Guid)], CommandType='Text', CommandTimeout='30']
info: Onion.CleanArchitecture.WebApp.Server.Services.MicroserviceLauncherHostedService[0]
      [OrderOrchestration]       SELECT o."CorrelationId", o."CreatedAt", o."CurrentState", o."CustomerId", o."ErrorReason", o."IsTimeout", o."Items", o."NeedReleaseInventory", o."TotalAmount"
info: Onion.CleanArchitecture.WebApp.Server.Services.MicroserviceLauncherHostedService[0]
      [OrderOrchestration]       FROM (
info: Onion.CleanArchitecture.WebApp.Server.Services.MicroserviceLauncherHostedService[0]
      [OrderOrchestration]           SELECT *, xmin FROM "OrderState" WHERE "CorrelationId" = @p0 FOR UPDATE
info: Onion.CleanArchitecture.WebApp.Server.Services.MicroserviceLauncherHostedService[0]
      [OrderOrchestration]       ) AS o
info: Onion.CleanArchitecture.WebApp.Server.Services.MicroserviceLauncherHostedService[0]
      [OrderOrchestration]       LIMIT 2
info: Onion.CleanArchitecture.WebApp.Server.Services.MicroserviceLauncherHostedService[0]
      [OrderOrchestration] info: Microsoft.EntityFrameworkCore.Database.Command[20101]
info: Onion.CleanArchitecture.WebApp.Server.Services.MicroserviceLauncherHostedService[0]
      [OrderOrchestration]       Executed DbCommand (4ms) [Parameters=[@p0='?' (DbType = Guid), @p1='?' (DbType = DateTime), @p2='?', @p3='?' (DbType = Guid), @p4='?', @p5='?' (DbType = Boolean), @p6='?' (DbType = Object), @p7='?' (DbType = Boolean), @p8='?' (DbType = Decimal)], CommandType='Text', CommandTimeout='30']
info: Onion.CleanArchitecture.WebApp.Server.Services.MicroserviceLauncherHostedService[0]
      [OrderOrchestration]       INSERT INTO "OrderState" ("CorrelationId", "CreatedAt", "CurrentState", "CustomerId", "ErrorReason", "IsTimeout", "Items", "NeedReleaseInventory", "TotalAmount")
info: Onion.CleanArchitecture.WebApp.Server.Services.MicroserviceLauncherHostedService[0]
      [OrderOrchestration]       VALUES (@p0, @p1, @p2, @p3, @p4, @p5, @p6, @p7, @p8);
info: Onion.CleanArchitecture.WebApp.Server.Services.MicroserviceLauncherHostedService[0]
      [OrderSubmitService] info: OrderSubmitService.OrderSubmitConsumer[0]
info: Onion.CleanArchitecture.WebApp.Server.Services.MicroserviceLauncherHostedService[0]
      [OrderSubmitService]       Nhận ValidateOrderCommand OrderId=40cda1ad-b477-45bd-be5c-0bdc82b9d10d
info: Onion.CleanArchitecture.WebApp.Server.Services.MicroserviceLauncherHostedService[0]
      [OrderSubmitService] info: Microsoft.EntityFrameworkCore.Database.Command[20101]
info: Onion.CleanArchitecture.WebApp.Server.Services.MicroserviceLauncherHostedService[0]
      [OrderSubmitService]       Executed DbCommand (7ms) [Parameters=[@orderId='?' (DbType = Guid)], CommandType='Text', CommandTimeout='30']
info: Onion.CleanArchitecture.WebApp.Server.Services.MicroserviceLauncherHostedService[0]
      [OrderSubmitService]       SELECT o."Id", o."CompletedAt", o."CreatedAt", o."CreatedBy", o."CustomerId", o."IsReserved", o."LastModifiedAt", o."LastModifiedBy", o."Note", o."OrderCode", o."OrderId", o."RejectedAt", o."ShippingAddress", o."Status", o."TotalAmount", o."UpdatedAt"
info: Onion.CleanArchitecture.WebApp.Server.Services.MicroserviceLauncherHostedService[0]
      [OrderSubmitService]       FROM "Orders" AS o
info: Onion.CleanArchitecture.WebApp.Server.Services.MicroserviceLauncherHostedService[0]
      [OrderSubmitService]       WHERE o."OrderId" = @orderId
info: Onion.CleanArchitecture.WebApp.Server.Services.MicroserviceLauncherHostedService[0]
      [OrderSubmitService]       ORDER BY o."Id"
info: Onion.CleanArchitecture.WebApp.Server.Services.MicroserviceLauncherHostedService[0]
      [OrderSubmitService]       LIMIT 1
info: Onion.CleanArchitecture.WebApp.Server.Services.MicroserviceLauncherHostedService[0]
      [OrderSubmitService] info: Microsoft.EntityFrameworkCore.Database.Command[20101]
info: Onion.CleanArchitecture.WebApp.Server.Services.MicroserviceLauncherHostedService[0]
      [OrderSubmitService]       Executed DbCommand (15ms) [Parameters=[@orderId='?' (DbType = Guid)], CommandType='Text', CommandTimeout='30']
info: Onion.CleanArchitecture.WebApp.Server.Services.MicroserviceLauncherHostedService[0]
      [OrderSubmitService]       SELECT o0."Id", o0."CreatedAt", o0."CreatedBy", o0."LastModifiedAt", o0."LastModifiedBy", o0."OrderId", o0."OrderItemId", o0."ProductId", o0."ProductName", o0."Quantity", o0."UnitPrice", o1."Id"
info: Onion.CleanArchitecture.WebApp.Server.Services.MicroserviceLauncherHostedService[0]
      [OrderSubmitService]       FROM (
info: Onion.CleanArchitecture.WebApp.Server.Services.MicroserviceLauncherHostedService[0]
      [OrderSubmitService]           SELECT o."Id", o."OrderId"
info: Onion.CleanArchitecture.WebApp.Server.Services.MicroserviceLauncherHostedService[0]
      [OrderSubmitService]           FROM "Orders" AS o
info: Onion.CleanArchitecture.WebApp.Server.Services.MicroserviceLauncherHostedService[0]
      [OrderSubmitService]           WHERE o."OrderId" = @orderId
info: Onion.CleanArchitecture.WebApp.Server.Services.MicroserviceLauncherHostedService[0]
      [OrderSubmitService]           ORDER BY o."Id"
info: Onion.CleanArchitecture.WebApp.Server.Services.MicroserviceLauncherHostedService[0]
      [OrderSubmitService]           LIMIT 1
info: Onion.CleanArchitecture.WebApp.Server.Services.MicroserviceLauncherHostedService[0]
      [OrderSubmitService]       ) AS o1
info: Onion.CleanArchitecture.WebApp.Server.Services.MicroserviceLauncherHostedService[0]
      [OrderSubmitService]       INNER JOIN "OrderItems" AS o0 ON o1."OrderId" = o0."OrderId"
info: Onion.CleanArchitecture.WebApp.Server.Services.MicroserviceLauncherHostedService[0]
      [OrderSubmitService]       ORDER BY o1."Id"
info: Onion.CleanArchitecture.WebApp.Server.Services.MicroserviceLauncherHostedService[0]
      [OrderSubmitService] info: Microsoft.EntityFrameworkCore.Database.Command[20101]
info: Onion.CleanArchitecture.WebApp.Server.Services.MicroserviceLauncherHostedService[0]
      [OrderSubmitService]       Executed DbCommand (4ms) [Parameters=[@productId='?' (DbType = Guid)], CommandType='Text', CommandTimeout='30']
info: Onion.CleanArchitecture.WebApp.Server.Services.MicroserviceLauncherHostedService[0]
      [OrderSubmitService]       SELECT p."Id", p."Code", p."CreatedAt", p."CreatedBy", p."Description", p."IsActive", p."LastModifiedAt", p."LastModifiedBy", p."Name", p."Price", p."ProductId", p."Rate", p."SLTKho"
info: Onion.CleanArchitecture.WebApp.Server.Services.MicroserviceLauncherHostedService[0]
      [OrderSubmitService]       FROM "Product" AS p
info: Onion.CleanArchitecture.WebApp.Server.Services.MicroserviceLauncherHostedService[0]
      [OrderSubmitService]       WHERE p."ProductId" = @productId
info: Onion.CleanArchitecture.WebApp.Server.Services.MicroserviceLauncherHostedService[0]
      [OrderSubmitService]       LIMIT 1
info: Onion.CleanArchitecture.WebApp.Server.Services.MicroserviceLauncherHostedService[0]
      [OrderSubmitService] info: Microsoft.EntityFrameworkCore.Database.Command[20101]
info: Onion.CleanArchitecture.WebApp.Server.Services.MicroserviceLauncherHostedService[0]
      [OrderSubmitService]       Executed DbCommand (4ms) [Parameters=[@p14='?' (DbType = Int32), @p0='?' (DbType = DateTime), @p1='?' (DbType = DateTime), @p2='?', @p3='?', @p4='?' (DbType = Boolean), @p5='?' (DbType = DateTime), @p6='?', @p7='?', @p8='?', @p9='?' (DbType = DateTime), @p10='?', @p11='?' (DbType = Int32), @p12='?' (DbType = Decimal), @p13='?' (DbType = DateTime), @p27='?' (DbType = Int32), @p15='?', @p16='?' (DbType = DateTime), @p17='?', @p18='?', @p19='?' (DbType = Boolean), @p20='?' (DbType = DateTime), @p21='?', @p22='?', @p23='?' (DbType = Decimal), @p24='?' (DbType = Guid), @p25='?' (DbType = Decimal), @p26='?' (DbType = Int32)], CommandType='Text', CommandTimeout='30']
info: Onion.CleanArchitecture.WebApp.Server.Services.MicroserviceLauncherHostedService[0]
      [OrderSubmitService]       UPDATE "Orders" SET "CompletedAt" = @p0, "CreatedAt" = @p1, "CreatedBy" = @p2, "CustomerId" = @p3, "IsReserved" = @p4, "LastModifiedAt" = @p5, "LastModifiedBy" = @p6, "Note" = @p7, "OrderCode" = @p8, "RejectedAt" = @p9, "ShippingAddress" = @p10, "Status" = @p11, "TotalAmount" = @p12, "UpdatedAt" = @p13
info: Onion.CleanArchitecture.WebApp.Server.Services.MicroserviceLauncherHostedService[0]
      [OrderSubmitService]       WHERE "Id" = @p14;
info: Onion.CleanArchitecture.WebApp.Server.Services.MicroserviceLauncherHostedService[0]
      [OrderSubmitService]       UPDATE "Product" SET "Code" = @p15, "CreatedAt" = @p16, "CreatedBy" = @p17, "Description" = @p18, "IsActive" = @p19, "LastModifiedAt" = @p20, "LastModifiedBy" = @p21, "Name" = @p22, "Price" = @p23, "ProductId" = @p24, "Rate" = @p25, "SLTKho" = @p26
info: Onion.CleanArchitecture.WebApp.Server.Services.MicroserviceLauncherHostedService[0]
      [OrderSubmitService]       WHERE "Id" = @p27;
info: Onion.CleanArchitecture.WebApp.Server.Services.MicroserviceLauncherHostedService[0]
      [OrderSubmitService] info: Microsoft.EntityFrameworkCore.Database.Command[20101]
info: Onion.CleanArchitecture.WebApp.Server.Services.MicroserviceLauncherHostedService[0]
      [OrderSubmitService]       Executed DbCommand (4ms) [Parameters=[@p0='?', @p1='?' (DbType = DateTime), @p2='?', @p3='?', @p4='?' (DbType = Guid), @p5='?' (DbType = DateTime), @p6='?', @p7='?', @p8='?' (DbType = Guid), @p9='?' (DbType = Int32)], CommandType='Text', CommandTimeout='30']
info: Onion.CleanArchitecture.WebApp.Server.Services.MicroserviceLauncherHostedService[0]
      [OrderSubmitService]       INSERT INTO "OrderHistories" ("ConsumerName", "CreatedAt", "CreatedBy", "EventType", "HistoryId", "LastModifiedAt", "LastModifiedBy", "Message", "OrderId", "Status")
info: Onion.CleanArchitecture.WebApp.Server.Services.MicroserviceLauncherHostedService[0]
      [OrderSubmitService]       VALUES (@p0, @p1, @p2, @p3, @p4, @p5, @p6, @p7, @p8, @p9)
info: Onion.CleanArchitecture.WebApp.Server.Services.MicroserviceLauncherHostedService[0]
      [OrderSubmitService]       RETURNING "Id";
info: Onion.CleanArchitecture.WebApp.Server.Services.MicroserviceLauncherHostedService[0]
      [OrderSubmitService] info: OrderSubmitService.OrderSubmitConsumer[0]
info: Onion.CleanArchitecture.WebApp.Server.Services.MicroserviceLauncherHostedService[0]
      [OrderSubmitService]       Validate thành công OrderId=40cda1ad-b477-45bd-be5c-0bdc82b9d10d, đã giữ chỗ 1 sản phẩm. Saga sẽ gửi AcceptOrderCommand
info: Onion.CleanArchitecture.WebApp.Server.Services.MicroserviceLauncherHostedService[0]
      [OrderOrchestration] info: Microsoft.EntityFrameworkCore.Database.Command[20101]
info: Onion.CleanArchitecture.WebApp.Server.Services.MicroserviceLauncherHostedService[0]
      [OrderOrchestration]       Executed DbCommand (2ms) [Parameters=[p0='?' (DbType = Guid)], CommandType='Text', CommandTimeout='30']
info: Onion.CleanArchitecture.WebApp.Server.Services.MicroserviceLauncherHostedService[0]
      [OrderOrchestration]       SELECT o."CorrelationId", o."CreatedAt", o."CurrentState", o."CustomerId", o."ErrorReason", o."IsTimeout", o."Items", o."NeedReleaseInventory", o."TotalAmount"
info: Onion.CleanArchitecture.WebApp.Server.Services.MicroserviceLauncherHostedService[0]
      [OrderOrchestration]       FROM (
info: Onion.CleanArchitecture.WebApp.Server.Services.MicroserviceLauncherHostedService[0]
      [OrderOrchestration]           SELECT *, xmin FROM "OrderState" WHERE "CorrelationId" = @p0 FOR UPDATE
info: Onion.CleanArchitecture.WebApp.Server.Services.MicroserviceLauncherHostedService[0]
      [OrderOrchestration]       ) AS o
info: Onion.CleanArchitecture.WebApp.Server.Services.MicroserviceLauncherHostedService[0]
      [OrderOrchestration]       LIMIT 2
info: Onion.CleanArchitecture.WebApp.Server.Services.MicroserviceLauncherHostedService[0]
      [OrderOrchestration] info: Microsoft.EntityFrameworkCore.Database.Command[20101]
info: Onion.CleanArchitecture.WebApp.Server.Services.MicroserviceLauncherHostedService[0]
      [OrderOrchestration]       Executed DbCommand (1ms) [Parameters=[@p2='?' (DbType = Guid), @p0='?', @p1='?' (DbType = Boolean)], CommandType='Text', CommandTimeout='30']
info: Onion.CleanArchitecture.WebApp.Server.Services.MicroserviceLauncherHostedService[0]
      [OrderOrchestration]       UPDATE "OrderState" SET "CurrentState" = @p0, "NeedReleaseInventory" = @p1
info: Onion.CleanArchitecture.WebApp.Server.Services.MicroserviceLauncherHostedService[0]
      [OrderOrchestration]       WHERE "CorrelationId" = @p2;
info: Onion.CleanArchitecture.WebApp.Server.Services.MicroserviceLauncherHostedService[0]
      [OrderAcceptService] info: Microsoft.EntityFrameworkCore.Database.Command[20101]
info: Onion.CleanArchitecture.WebApp.Server.Services.MicroserviceLauncherHostedService[0]
      [OrderAcceptService]       Executed DbCommand (5ms) [Parameters=[@orderId='?' (DbType = Guid)], CommandType='Text', CommandTimeout='30']
info: Onion.CleanArchitecture.WebApp.Server.Services.MicroserviceLauncherHostedService[0]
      [OrderAcceptService]       SELECT o."Id", o."CompletedAt", o."CreatedAt", o."CreatedBy", o."CustomerId", o."IsReserved", o."LastModifiedAt", o."LastModifiedBy", o."Note", o."OrderCode", o."OrderId", o."RejectedAt", o."ShippingAddress", o."Status", o."TotalAmount", o."UpdatedAt"
info: Onion.CleanArchitecture.WebApp.Server.Services.MicroserviceLauncherHostedService[0]
      [OrderAcceptService]       FROM "Orders" AS o
info: Onion.CleanArchitecture.WebApp.Server.Services.MicroserviceLauncherHostedService[0]
      [OrderAcceptService]       WHERE o."OrderId" = @orderId
info: Onion.CleanArchitecture.WebApp.Server.Services.MicroserviceLauncherHostedService[0]
      [OrderAcceptService]       ORDER BY o."Id"
info: Onion.CleanArchitecture.WebApp.Server.Services.MicroserviceLauncherHostedService[0]
      [OrderAcceptService]       LIMIT 1
info: Onion.CleanArchitecture.WebApp.Server.Services.MicroserviceLauncherHostedService[0]
      [OrderAcceptService] info: Microsoft.EntityFrameworkCore.Database.Command[20101]
info: Onion.CleanArchitecture.WebApp.Server.Services.MicroserviceLauncherHostedService[0]
      [OrderAcceptService]       Executed DbCommand (3ms) [Parameters=[@orderId='?' (DbType = Guid)], CommandType='Text', CommandTimeout='30']
info: Onion.CleanArchitecture.WebApp.Server.Services.MicroserviceLauncherHostedService[0]
      [OrderAcceptService]       SELECT o0."Id", o0."CreatedAt", o0."CreatedBy", o0."LastModifiedAt", o0."LastModifiedBy", o0."OrderId", o0."OrderItemId", o0."ProductId", o0."ProductName", o0."Quantity", o0."UnitPrice", o1."Id"
info: Onion.CleanArchitecture.WebApp.Server.Services.MicroserviceLauncherHostedService[0]
      [OrderAcceptService]       FROM (
info: Onion.CleanArchitecture.WebApp.Server.Services.MicroserviceLauncherHostedService[0]
      [OrderAcceptService]           SELECT o."Id", o."OrderId"
info: Onion.CleanArchitecture.WebApp.Server.Services.MicroserviceLauncherHostedService[0]
      [OrderAcceptService]           FROM "Orders" AS o
info: Onion.CleanArchitecture.WebApp.Server.Services.MicroserviceLauncherHostedService[0]
      [OrderAcceptService]           WHERE o."OrderId" = @orderId
info: Onion.CleanArchitecture.WebApp.Server.Services.MicroserviceLauncherHostedService[0]
      [OrderAcceptService]           ORDER BY o."Id"
info: Onion.CleanArchitecture.WebApp.Server.Services.MicroserviceLauncherHostedService[0]
      [OrderAcceptService]           LIMIT 1
info: Onion.CleanArchitecture.WebApp.Server.Services.MicroserviceLauncherHostedService[0]
      [OrderAcceptService]       ) AS o1
info: Onion.CleanArchitecture.WebApp.Server.Services.MicroserviceLauncherHostedService[0]
      [OrderAcceptService]       INNER JOIN "OrderItems" AS o0 ON o1."OrderId" = o0."OrderId"
info: Onion.CleanArchitecture.WebApp.Server.Services.MicroserviceLauncherHostedService[0]
      [OrderAcceptService]       ORDER BY o1."Id"
info: Onion.CleanArchitecture.WebApp.Server.Services.MicroserviceLauncherHostedService[0]
      [OrderAcceptService] info: OrderAcceptService.OrderAcceptConsumer[0]
info: Onion.CleanArchitecture.WebApp.Server.Services.MicroserviceLauncherHostedService[0]
      [OrderAcceptService]       Nhận AcceptOrderCommand OrderId=40cda1ad-b477-45bd-be5c-0bdc82b9d10d
info: Onion.CleanArchitecture.WebApp.Server.Services.MicroserviceLauncherHostedService[0]
      [OrderAcceptService] info: Microsoft.EntityFrameworkCore.Database.Command[20101]
info: Onion.CleanArchitecture.WebApp.Server.Services.MicroserviceLauncherHostedService[0]
      [OrderAcceptService]       Executed DbCommand (4ms) [Parameters=[@productId='?' (DbType = Guid)], CommandType='Text', CommandTimeout='30']
info: Onion.CleanArchitecture.WebApp.Server.Services.MicroserviceLauncherHostedService[0]
      [OrderAcceptService]       SELECT p."Id", p."Code", p."CreatedAt", p."CreatedBy", p."Description", p."IsActive", p."LastModifiedAt", p."LastModifiedBy", p."Name", p."Price", p."ProductId", p."Rate", p."SLTKho"
info: Onion.CleanArchitecture.WebApp.Server.Services.MicroserviceLauncherHostedService[0]
      [OrderAcceptService]       FROM "Product" AS p
info: Onion.CleanArchitecture.WebApp.Server.Services.MicroserviceLauncherHostedService[0]
      [OrderAcceptService]       WHERE p."ProductId" = @productId
info: Onion.CleanArchitecture.WebApp.Server.Services.MicroserviceLauncherHostedService[0]
      [OrderAcceptService]       LIMIT 1
info: Onion.CleanArchitecture.WebApp.Server.Services.MicroserviceLauncherHostedService[0]
      [OrderAcceptService] info: Microsoft.EntityFrameworkCore.Database.Command[20101]
info: Onion.CleanArchitecture.WebApp.Server.Services.MicroserviceLauncherHostedService[0]
      [OrderAcceptService]       Executed DbCommand (4ms) [Parameters=[@p14='?' (DbType = Int32), @p0='?' (DbType = DateTime), @p1='?' (DbType = DateTime), @p2='?', @p3='?', @p4='?' (DbType = Boolean), @p5='?' (DbType = DateTime), @p6='?', @p7='?', @p8='?', @p9='?' (DbType = DateTime), @p10='?', @p11='?' (DbType = Int32), @p12='?' (DbType = Decimal), @p13='?' (DbType = DateTime)], CommandType='Text', CommandTimeout='30']
info: Onion.CleanArchitecture.WebApp.Server.Services.MicroserviceLauncherHostedService[0]
      [OrderAcceptService]       UPDATE "Orders" SET "CompletedAt" = @p0, "CreatedAt" = @p1, "CreatedBy" = @p2, "CustomerId" = @p3, "IsReserved" = @p4, "LastModifiedAt" = @p5, "LastModifiedBy" = @p6, "Note" = @p7, "OrderCode" = @p8, "RejectedAt" = @p9, "ShippingAddress" = @p10, "Status" = @p11, "TotalAmount" = @p12, "UpdatedAt" = @p13
info: Onion.CleanArchitecture.WebApp.Server.Services.MicroserviceLauncherHostedService[0]
      [OrderAcceptService]       WHERE "Id" = @p14;
info: Onion.CleanArchitecture.WebApp.Server.Services.MicroserviceLauncherHostedService[0]
      [OrderAcceptService] info: Microsoft.EntityFrameworkCore.Database.Command[20101]
info: Onion.CleanArchitecture.WebApp.Server.Services.MicroserviceLauncherHostedService[0]
      [OrderAcceptService]       Executed DbCommand (6ms) [Parameters=[@p0='?' (DbType = DateTime), @p1='?', @p2='?' (DbType = DateTime), @p3='?', @p4='?' (DbType = Guid), @p5='?' (DbType = Int32), @p6='?' (DbType = DateTime), @p7='?' (DbType = Guid), @p8='?' (DbType = Int32)], CommandType='Text', CommandTimeout='30']
info: Onion.CleanArchitecture.WebApp.Server.Services.MicroserviceLauncherHostedService[0]
      [OrderAcceptService]       INSERT INTO "OrderTimers" ("CreatedAt", "CreatedBy", "LastModifiedAt", "LastModifiedBy", "OrderId", "Status", "Timeout", "TimerId", "TimerStatus")
info: Onion.CleanArchitecture.WebApp.Server.Services.MicroserviceLauncherHostedService[0]
      [OrderAcceptService]       VALUES (@p0, @p1, @p2, @p3, @p4, @p5, @p6, @p7, @p8)
info: Onion.CleanArchitecture.WebApp.Server.Services.MicroserviceLauncherHostedService[0]
      [OrderAcceptService]       RETURNING "Id";
info: Onion.CleanArchitecture.WebApp.Server.Services.MicroserviceLauncherHostedService[0]
      [OrderAcceptService] info: Microsoft.EntityFrameworkCore.Database.Command[20101]
info: Onion.CleanArchitecture.WebApp.Server.Services.MicroserviceLauncherHostedService[0]
      [OrderAcceptService]       Executed DbCommand (3ms) [Parameters=[@p0='?', @p1='?' (DbType = DateTime), @p2='?', @p3='?', @p4='?' (DbType = Guid), @p5='?' (DbType = DateTime), @p6='?', @p7='?', @p8='?' (DbType = Guid), @p9='?' (DbType = Int32)], CommandType='Text', CommandTimeout='30']
info: Onion.CleanArchitecture.WebApp.Server.Services.MicroserviceLauncherHostedService[0]
      [OrderAcceptService]       INSERT INTO "OrderHistories" ("ConsumerName", "CreatedAt", "CreatedBy", "EventType", "HistoryId", "LastModifiedAt", "LastModifiedBy", "Message", "OrderId", "Status")
info: Onion.CleanArchitecture.WebApp.Server.Services.MicroserviceLauncherHostedService[0]
      [OrderAcceptService]       VALUES (@p0, @p1, @p2, @p3, @p4, @p5, @p6, @p7, @p8, @p9)
info: Onion.CleanArchitecture.WebApp.Server.Services.MicroserviceLauncherHostedService[0]
      [OrderAcceptService]       RETURNING "Id";
info: Onion.CleanArchitecture.WebApp.Server.Services.MicroserviceLauncherHostedService[0]
      [OrderAcceptService] info: OrderAcceptService.OrderAcceptConsumer[0]
info: Onion.CleanArchitecture.WebApp.Server.Services.MicroserviceLauncherHostedService[0]
      [OrderAcceptService]       Accept thành công OrderId=40cda1ad-b477-45bd-be5c-0bdc82b9d10d, Saga sẽ gửi CompleteOrderCommand
info: Onion.CleanArchitecture.WebApp.Server.Services.MicroserviceLauncherHostedService[0]
      [OrderOrchestration] info: Microsoft.EntityFrameworkCore.Database.Command[20101]
info: Onion.CleanArchitecture.WebApp.Server.Services.MicroserviceLauncherHostedService[0]
      [OrderOrchestration]       Executed DbCommand (1ms) [Parameters=[p0='?' (DbType = Guid)], CommandType='Text', CommandTimeout='30']
info: Onion.CleanArchitecture.WebApp.Server.Services.MicroserviceLauncherHostedService[0]
      [OrderOrchestration]       SELECT o."CorrelationId", o."CreatedAt", o."CurrentState", o."CustomerId", o."ErrorReason", o."IsTimeout", o."Items", o."NeedReleaseInventory", o."TotalAmount"
info: Onion.CleanArchitecture.WebApp.Server.Services.MicroserviceLauncherHostedService[0]
      [OrderOrchestration]       FROM (
info: Onion.CleanArchitecture.WebApp.Server.Services.MicroserviceLauncherHostedService[0]
      [OrderOrchestration]           SELECT *, xmin FROM "OrderState" WHERE "CorrelationId" = @p0 FOR UPDATE
info: Onion.CleanArchitecture.WebApp.Server.Services.MicroserviceLauncherHostedService[0]
      [OrderOrchestration]       ) AS o
info: Onion.CleanArchitecture.WebApp.Server.Services.MicroserviceLauncherHostedService[0]
      [OrderOrchestration]       LIMIT 2
info: Onion.CleanArchitecture.WebApp.Server.Services.MicroserviceLauncherHostedService[0]
      [OrderOrchestration] info: Microsoft.EntityFrameworkCore.Database.Command[20101]
info: Onion.CleanArchitecture.WebApp.Server.Services.MicroserviceLauncherHostedService[0]
      [OrderOrchestration]       Executed DbCommand (1ms) [Parameters=[@p1='?' (DbType = Guid), @p0='?'], CommandType='Text', CommandTimeout='30']
info: Onion.CleanArchitecture.WebApp.Server.Services.MicroserviceLauncherHostedService[0]
      [OrderOrchestration]       UPDATE "OrderState" SET "CurrentState" = @p0
info: Onion.CleanArchitecture.WebApp.Server.Services.MicroserviceLauncherHostedService[0]
      [OrderOrchestration]       WHERE "CorrelationId" = @p1;
info: Onion.CleanArchitecture.WebApp.Server.Services.MicroserviceLauncherHostedService[0]
      [OrderCompleteService] info: Microsoft.EntityFrameworkCore.Database.Command[20101]
info: Onion.CleanArchitecture.WebApp.Server.Services.MicroserviceLauncherHostedService[0]
      [OrderCompleteService]       Executed DbCommand (7ms) [Parameters=[@orderId='?' (DbType = Guid)], CommandType='Text', CommandTimeout='30']
info: Onion.CleanArchitecture.WebApp.Server.Services.MicroserviceLauncherHostedService[0]
      [OrderCompleteService]       SELECT o."Id", o."CompletedAt", o."CreatedAt", o."CreatedBy", o."CustomerId", o."IsReserved", o."LastModifiedAt", o."LastModifiedBy", o."Note", o."OrderCode", o."OrderId", o."RejectedAt", o."ShippingAddress", o."Status", o."TotalAmount", o."UpdatedAt"
info: Onion.CleanArchitecture.WebApp.Server.Services.MicroserviceLauncherHostedService[0]
      [OrderCompleteService]       FROM "Orders" AS o
info: Onion.CleanArchitecture.WebApp.Server.Services.MicroserviceLauncherHostedService[0]
      [OrderCompleteService]       WHERE o."OrderId" = @orderId
info: Onion.CleanArchitecture.WebApp.Server.Services.MicroserviceLauncherHostedService[0]
      [OrderCompleteService]       ORDER BY o."Id"
info: Onion.CleanArchitecture.WebApp.Server.Services.MicroserviceLauncherHostedService[0]
      [OrderCompleteService]       LIMIT 1
info: Onion.CleanArchitecture.WebApp.Server.Services.MicroserviceLauncherHostedService[0]
      [OrderCompleteService] info: Microsoft.EntityFrameworkCore.Database.Command[20101]
info: Onion.CleanArchitecture.WebApp.Server.Services.MicroserviceLauncherHostedService[0]
      [OrderCompleteService]       Executed DbCommand (5ms) [Parameters=[@orderId='?' (DbType = Guid)], CommandType='Text', CommandTimeout='30']
info: Onion.CleanArchitecture.WebApp.Server.Services.MicroserviceLauncherHostedService[0]
      [OrderCompleteService]       SELECT o0."Id", o0."CreatedAt", o0."CreatedBy", o0."LastModifiedAt", o0."LastModifiedBy", o0."OrderId", o0."OrderItemId", o0."ProductId", o0."ProductName", o0."Quantity", o0."UnitPrice", o1."Id"
info: Onion.CleanArchitecture.WebApp.Server.Services.MicroserviceLauncherHostedService[0]
      [OrderCompleteService]       FROM (
info: Onion.CleanArchitecture.WebApp.Server.Services.MicroserviceLauncherHostedService[0]
      [OrderCompleteService]           SELECT o."Id", o."OrderId"
info: Onion.CleanArchitecture.WebApp.Server.Services.MicroserviceLauncherHostedService[0]
      [OrderCompleteService]           FROM "Orders" AS o
info: Onion.CleanArchitecture.WebApp.Server.Services.MicroserviceLauncherHostedService[0]
      [OrderCompleteService]           WHERE o."OrderId" = @orderId
info: Onion.CleanArchitecture.WebApp.Server.Services.MicroserviceLauncherHostedService[0]
      [OrderCompleteService]           ORDER BY o."Id"
info: Onion.CleanArchitecture.WebApp.Server.Services.MicroserviceLauncherHostedService[0]
      [OrderCompleteService]           LIMIT 1
info: Onion.CleanArchitecture.WebApp.Server.Services.MicroserviceLauncherHostedService[0]
      [OrderCompleteService]       ) AS o1
info: Onion.CleanArchitecture.WebApp.Server.Services.MicroserviceLauncherHostedService[0]
      [OrderCompleteService]       INNER JOIN "OrderItems" AS o0 ON o1."OrderId" = o0."OrderId"
info: Onion.CleanArchitecture.WebApp.Server.Services.MicroserviceLauncherHostedService[0]
      [OrderCompleteService]       ORDER BY o1."Id"
info: Onion.CleanArchitecture.WebApp.Server.Services.MicroserviceLauncherHostedService[0]
      [OrderCompleteService] info: OrderCompleteService.OrderCompleteConsumer[0]
info: Onion.CleanArchitecture.WebApp.Server.Services.MicroserviceLauncherHostedService[0]
      [OrderCompleteService]       Nhận CompleteOrderCommand OrderId=40cda1ad-b477-45bd-be5c-0bdc82b9d10d
info: Onion.CleanArchitecture.WebApp.Server.Services.MicroserviceLauncherHostedService[0]
      [OrderCompleteService] info: Microsoft.EntityFrameworkCore.Database.Command[20101]
info: Onion.CleanArchitecture.WebApp.Server.Services.MicroserviceLauncherHostedService[0]
      [OrderCompleteService]       Executed DbCommand (3ms) [Parameters=[@orderId='?' (DbType = Guid)], CommandType='Text', CommandTimeout='30']
info: Onion.CleanArchitecture.WebApp.Server.Services.MicroserviceLauncherHostedService[0]
      [OrderCompleteService]       SELECT o."Id", o."CreatedAt", o."CreatedBy", o."LastModifiedAt", o."LastModifiedBy", o."OrderId", o."Status", o."Timeout", o."TimerId", o."TimerStatus"
info: Onion.CleanArchitecture.WebApp.Server.Services.MicroserviceLauncherHostedService[0]
      [OrderCompleteService]       FROM "OrderTimers" AS o
info: Onion.CleanArchitecture.WebApp.Server.Services.MicroserviceLauncherHostedService[0]
      [OrderCompleteService]       WHERE o."OrderId" = @orderId AND o."TimerStatus" = 1
info: Onion.CleanArchitecture.WebApp.Server.Services.MicroserviceLauncherHostedService[0]
      [OrderCompleteService]       LIMIT 1
info: Onion.CleanArchitecture.WebApp.Server.Services.MicroserviceLauncherHostedService[0]
      [OrderCompleteService] info: Microsoft.EntityFrameworkCore.Database.Command[20101]
info: Onion.CleanArchitecture.WebApp.Server.Services.MicroserviceLauncherHostedService[0]
      [OrderCompleteService]       Executed DbCommand (3ms) [Parameters=[@p9='?' (DbType = Int32), @p0='?' (DbType = DateTime), @p1='?', @p2='?' (DbType = DateTime), @p3='?', @p4='?' (DbType = Guid), @p5='?' (DbType = Int32), @p6='?' (DbType = DateTime), @p7='?' (DbType = Guid), @p8='?' (DbType = Int32)], CommandType='Text', CommandTimeout='30']
info: Onion.CleanArchitecture.WebApp.Server.Services.MicroserviceLauncherHostedService[0]
      [OrderCompleteService]       UPDATE "OrderTimers" SET "CreatedAt" = @p0, "CreatedBy" = @p1, "LastModifiedAt" = @p2, "LastModifiedBy" = @p3, "OrderId" = @p4, "Status" = @p5, "Timeout" = @p6, "TimerId" = @p7, "TimerStatus" = @p8
info: Onion.CleanArchitecture.WebApp.Server.Services.MicroserviceLauncherHostedService[0]
      [OrderCompleteService]       WHERE "Id" = @p9;
info: Onion.CleanArchitecture.WebApp.Server.Services.MicroserviceLauncherHostedService[0]
      [OrderCompleteService] info: Microsoft.EntityFrameworkCore.Database.Command[20101]
info: Onion.CleanArchitecture.WebApp.Server.Services.MicroserviceLauncherHostedService[0]
      [OrderCompleteService]       Executed DbCommand (2ms) [Parameters=[@p14='?' (DbType = Int32), @p0='?' (DbType = DateTime), @p1='?' (DbType = DateTime), @p2='?', @p3='?', @p4='?' (DbType = Boolean), @p5='?' (DbType = DateTime), @p6='?', @p7='?', @p8='?', @p9='?' (DbType = DateTime), @p10='?', @p11='?' (DbType = Int32), @p12='?' (DbType = Decimal), @p13='?' (DbType = DateTime)], CommandType='Text', CommandTimeout='30']
info: Onion.CleanArchitecture.WebApp.Server.Services.MicroserviceLauncherHostedService[0]
      [OrderCompleteService]       UPDATE "Orders" SET "CompletedAt" = @p0, "CreatedAt" = @p1, "CreatedBy" = @p2, "CustomerId" = @p3, "IsReserved" = @p4, "LastModifiedAt" = @p5, "LastModifiedBy" = @p6, "Note" = @p7, "OrderCode" = @p8, "RejectedAt" = @p9, "ShippingAddress" = @p10, "Status" = @p11, "TotalAmount" = @p12, "UpdatedAt" = @p13
info: Onion.CleanArchitecture.WebApp.Server.Services.MicroserviceLauncherHostedService[0]
      [OrderCompleteService]       WHERE "Id" = @p14;
info: Onion.CleanArchitecture.WebApp.Server.Services.MicroserviceLauncherHostedService[0]
      [OrderCompleteService] info: Microsoft.EntityFrameworkCore.Database.Command[20101]
info: Onion.CleanArchitecture.WebApp.Server.Services.MicroserviceLauncherHostedService[0]
      [OrderCompleteService]       Executed DbCommand (2ms) [Parameters=[@p0='?', @p1='?' (DbType = DateTime), @p2='?', @p3='?', @p4='?' (DbType = Guid), @p5='?' (DbType = DateTime), @p6='?', @p7='?', @p8='?' (DbType = Guid), @p9='?' (DbType = Int32)], CommandType='Text', CommandTimeout='30']
info: Onion.CleanArchitecture.WebApp.Server.Services.MicroserviceLauncherHostedService[0]
      [OrderCompleteService]       INSERT INTO "OrderHistories" ("ConsumerName", "CreatedAt", "CreatedBy", "EventType", "HistoryId", "LastModifiedAt", "LastModifiedBy", "Message", "OrderId", "Status")
info: Onion.CleanArchitecture.WebApp.Server.Services.MicroserviceLauncherHostedService[0]
      [OrderCompleteService]       VALUES (@p0, @p1, @p2, @p3, @p4, @p5, @p6, @p7, @p8, @p9)
info: Onion.CleanArchitecture.WebApp.Server.Services.MicroserviceLauncherHostedService[0]
      [OrderCompleteService]       RETURNING "Id";
info: Onion.CleanArchitecture.WebApp.Server.Services.MicroserviceLauncherHostedService[0]
      [OrderCompleteService] info: OrderCompleteService.OrderCompleteConsumer[0]
info: Onion.CleanArchitecture.WebApp.Server.Services.MicroserviceLauncherHostedService[0]
      [OrderCompleteService]       Complete thành công OrderId=40cda1ad-b477-45bd-be5c-0bdc82b9d10d.
info: Onion.CleanArchitecture.WebApp.Server.Services.MicroserviceLauncherHostedService[0]
      [OrderOrchestration] info: Microsoft.EntityFrameworkCore.Database.Command[20101]
info: Onion.CleanArchitecture.WebApp.Server.Services.MicroserviceLauncherHostedService[0]
      [OrderOrchestration]       Executed DbCommand (1ms) [Parameters=[p0='?' (DbType = Guid)], CommandType='Text', CommandTimeout='30']
info: Onion.CleanArchitecture.WebApp.Server.Services.MicroserviceLauncherHostedService[0]
      [OrderOrchestration]       SELECT o."CorrelationId", o."CreatedAt", o."CurrentState", o."CustomerId", o."ErrorReason", o."IsTimeout", o."Items", o."NeedReleaseInventory", o."TotalAmount"
info: Onion.CleanArchitecture.WebApp.Server.Services.MicroserviceLauncherHostedService[0]
      [OrderOrchestration]       FROM (
info: Onion.CleanArchitecture.WebApp.Server.Services.MicroserviceLauncherHostedService[0]
      [OrderOrchestration]           SELECT *, xmin FROM "OrderState" WHERE "CorrelationId" = @p0 FOR UPDATE
info: Onion.CleanArchitecture.WebApp.Server.Services.MicroserviceLauncherHostedService[0]
      [OrderOrchestration]       ) AS o
info: Onion.CleanArchitecture.WebApp.Server.Services.MicroserviceLauncherHostedService[0]
      [OrderOrchestration]       LIMIT 2
info: Onion.CleanArchitecture.WebApp.Server.Services.MicroserviceLauncherHostedService[0]
      [OrderOrchestration] info: Microsoft.EntityFrameworkCore.Database.Command[20101]
info: Onion.CleanArchitecture.WebApp.Server.Services.MicroserviceLauncherHostedService[0]
      [OrderOrchestration]       Executed DbCommand (1ms) [Parameters=[@p1='?' (DbType = Guid), @p0='?'], CommandType='Text', CommandTimeout='30']
info: Onion.CleanArchitecture.WebApp.Server.Services.MicroserviceLauncherHostedService[0]
      [OrderOrchestration]       UPDATE "OrderState" SET "CurrentState" = @p0
info: Onion.CleanArchitecture.WebApp.Server.Services.MicroserviceLauncherHostedService[0]
      [OrderOrchestration]       WHERE "CorrelationId" = @p1;
info: Onion.CleanArchitecture.WebApp.Server.Services.MicroserviceLauncherHostedService[0]
      [NotificationService] info: NotificationService.Consumers.OrderCompleteSuccessConsumer[0]
info: Onion.CleanArchitecture.WebApp.Server.Services.MicroserviceLauncherHostedService[0]
      [NotificationService]       Nhận OrderCompleteSuccessResponse OrderId=40cda1ad-b477-45bd-be5c-0bdc82b9d10d
info: Microsoft.EntityFrameworkCore.Database.Command[20101]
      Executed DbCommand (1ms) [Parameters=[], CommandType='Text', CommandTimeout='30']
      SELECT count(*)::int
      FROM "Orders" AS o
info: Microsoft.EntityFrameworkCore.Database.Command[20101]
      Executed DbCommand (1ms) [Parameters=[@p1='?' (DbType = Int32), @p='?' (DbType = Int32)], CommandType='Text', CommandTimeout='30']
      SELECT o."Id", o."CompletedAt", o."CreatedAt", o."CreatedBy", o."CustomerId", o."IsReserved", o."LastModifiedAt", o."LastModifiedBy", o."Note", o."OrderCode", o."OrderId", o."RejectedAt", o."ShippingAddress", o."Status", o."TotalAmount", o."UpdatedAt"
      FROM "Orders" AS o
      ORDER BY o."CreatedAt" DESC
      LIMIT @p1 OFFSET @p
info: Onion.CleanArchitecture.WebApp.Server.Services.MicroserviceLauncherHostedService[0]
      [NotificationService] info: Microsoft.EntityFrameworkCore.Database.Command[20101]
info: Onion.CleanArchitecture.WebApp.Server.Services.MicroserviceLauncherHostedService[0]
      [NotificationService]       Executed DbCommand (6ms) [Parameters=[@p0='?' (DbType = DateTime), @p1='?', @p2='?' (DbType = Boolean), @p3='?' (DbType = DateTime), @p4='?', @p5='?', @p6='?' (DbType = Guid), @p7='?' (DbType = Guid), @p8='?' (DbType = DateTime), @p9='?' (DbType = Guid), @p10='?', @p11='?'], CommandType='Text', CommandTimeout='30']
info: Onion.CleanArchitecture.WebApp.Server.Services.MicroserviceLauncherHostedService[0]
      [NotificationService]       INSERT INTO "Notifications" ("CreatedAt", "CreatedBy", "IsRead", "LastModifiedAt", "LastModifiedBy", "Message", "NotifyId", "OrderId", "SendAt", "TargetUserId", "Title", "Type")
info: Onion.CleanArchitecture.WebApp.Server.Services.MicroserviceLauncherHostedService[0]
      [NotificationService]       VALUES (@p0, @p1, @p2, @p3, @p4, @p5, @p6, @p7, @p8, @p9, @p10, @p11)
info: Onion.CleanArchitecture.WebApp.Server.Services.MicroserviceLauncherHostedService[0]
      [NotificationService]       RETURNING "Id";
info: Onion.CleanArchitecture.WebApp.Server.Services.MicroserviceLauncherHostedService[0]
      [OrderAcceptService] info: Microsoft.EntityFrameworkCore.Database.Command[20101]
info: Onion.CleanArchitecture.WebApp.Server.Services.MicroserviceLauncherHostedService[0]
      [OrderAcceptService]       Executed DbCommand (2ms) [Parameters=[@now='?' (DbType = DateTime)], CommandType='Text', CommandTimeout='30']
info: Onion.CleanArchitecture.WebApp.Server.Services.MicroserviceLauncherHostedService[0]
      [OrderAcceptService]       SELECT o."Id", o."CreatedAt", o."CreatedBy", o."LastModifiedAt", o."LastModifiedBy", o."OrderId", o."Status", o."Timeout", o."TimerId", o."TimerStatus"
info: Onion.CleanArchitecture.WebApp.Server.Services.MicroserviceLauncherHostedService[0]
      [OrderAcceptService]       FROM "OrderTimers" AS o
info: Onion.CleanArchitecture.WebApp.Server.Services.MicroserviceLauncherHostedService[0]
      [OrderAcceptService]       WHERE o."TimerStatus" = 1 AND o."Timeout" <= @now
info: Onion.CleanArchitecture.WebApp.Server.Services.MicroserviceLauncherHostedService[0]
      [OrderAcceptService] info: Microsoft.EntityFrameworkCore.Database.Command[20101]
info: Onion.CleanArchitecture.WebApp.Server.Services.MicroserviceLauncherHostedService[0]
      [OrderAcceptService]       Executed DbCommand (1ms) [Parameters=[@now='?' (DbType = DateTime)], CommandType='Text', CommandTimeout='30']
info: Onion.CleanArchitecture.WebApp.Server.Services.MicroserviceLauncherHostedService[0]
      [OrderAcceptService]       SELECT o."Id", o."CreatedAt", o."CreatedBy", o."LastModifiedAt", o."LastModifiedBy", o."OrderId", o."Status", o."Timeout", o."TimerId", o."TimerStatus"
info: Onion.CleanArchitecture.WebApp.Server.Services.MicroserviceLauncherHostedService[0]
      [OrderAcceptService]       FROM "OrderTimers" AS o
info: Onion.CleanArchitecture.WebApp.Server.Services.MicroserviceLauncherHostedService[0]
      [OrderAcceptService]       WHERE o."TimerStatus" = 1 AND o."Timeout" <= @now
info: Onion.CleanArchitecture.WebApp.Server.Services.MicroserviceLauncherHostedService[0]
      [OrderAcceptService] info: Microsoft.EntityFrameworkCore.Database.Command[20101]
info: Onion.CleanArchitecture.WebApp.Server.Services.MicroserviceLauncherHostedService[0]
      [OrderAcceptService]       Executed DbCommand (1ms) [Parameters=[@now='?' (DbType = DateTime)], CommandType='Text', CommandTimeout='30']
info: Onion.CleanArchitecture.WebApp.Server.Services.MicroserviceLauncherHostedService[0]
      [OrderAcceptService]       SELECT o."Id", o."CreatedAt", o."CreatedBy", o."LastModifiedAt", o."LastModifiedBy", o."OrderId", o."Status", o."Timeout", o."TimerId", o."TimerStatus"
info: Onion.CleanArchitecture.WebApp.Server.Services.MicroserviceLauncherHostedService[0]
      [OrderAcceptService]       FROM "OrderTimers" AS o
info: Onion.CleanArchitecture.WebApp.Server.Services.MicroserviceLauncherHostedService[0]
      [OrderAcceptService]       WHERE o."TimerStatus" = 1 AND o."Timeout" <= @now
info: Onion.CleanArchitecture.WebApp.Server.Services.MicroserviceLauncherHostedService[0]
      [OrderAcceptService] info: Microsoft.EntityFrameworkCore.Database.Command[20101]
info: Onion.CleanArchitecture.WebApp.Server.Services.MicroserviceLauncherHostedService[0]
      [OrderAcceptService]       Executed DbCommand (1ms) [Parameters=[@now='?' (DbType = DateTime)], CommandType='Text', CommandTimeout='30']
info: Onion.CleanArchitecture.WebApp.Server.Services.MicroserviceLauncherHostedService[0]
      [OrderAcceptService]       SELECT o."Id", o."CreatedAt", o."CreatedBy", o."LastModifiedAt", o."LastModifiedBy", o."OrderId", o."Status", o."Timeout", o."TimerId", o."TimerStatus"
info: Onion.CleanArchitecture.WebApp.Server.Services.MicroserviceLauncherHostedService[0]
      [OrderAcceptService]       FROM "OrderTimers" AS o
info: Onion.CleanArchitecture.WebApp.Server.Services.MicroserviceLauncherHostedService[0]
      [OrderAcceptService]       WHERE o."TimerStatus" = 1 AND o."Timeout" <= @now
info: Onion.CleanArchitecture.WebApp.Server.Services.MicroserviceLauncherHostedService[0]
      [OrderAcceptService] info: Microsoft.EntityFrameworkCore.Database.Command[20101]
info: Onion.CleanArchitecture.WebApp.Server.Services.MicroserviceLauncherHostedService[0]
      [OrderAcceptService]       Executed DbCommand (1ms) [Parameters=[@now='?' (DbType = DateTime)], CommandType='Text', CommandTimeout='30']
info: Onion.CleanArchitecture.WebApp.Server.Services.MicroserviceLauncherHostedService[0]
      [OrderAcceptService]       SELECT o."Id", o."CreatedAt", o."CreatedBy", o."LastModifiedAt", o."LastModifiedBy", o."OrderId", o."Status", o."Timeout", o."TimerId", o."TimerStatus"
info: Onion.CleanArchitecture.WebApp.Server.Services.MicroserviceLauncherHostedService[0]
      [OrderAcceptService]       FROM "OrderTimers" AS o
info: Onion.CleanArchitecture.WebApp.Server.Services.MicroserviceLauncherHostedService[0]
      [OrderAcceptService]       WHERE o."TimerStatus" = 1 AND o."Timeout" <= @now
info: Onion.CleanArchitecture.WebApp.Server.Services.MicroserviceLauncherHostedService[0]
      [OrderAcceptService] info: Microsoft.EntityFrameworkCore.Database.Command[20101]
info: Onion.CleanArchitecture.WebApp.Server.Services.MicroserviceLauncherHostedService[0]
      [OrderAcceptService]       Executed DbCommand (2ms) [Parameters=[@now='?' (DbType = DateTime)], CommandType='Text', CommandTimeout='30']
info: Onion.CleanArchitecture.WebApp.Server.Services.MicroserviceLauncherHostedService[0]
      [OrderAcceptService]       SELECT o."Id", o."CreatedAt", o."CreatedBy", o."LastModifiedAt", o."LastModifiedBy", o."OrderId", o."Status", o."Timeout", o."TimerId", o."TimerStatus"
info: Onion.CleanArchitecture.WebApp.Server.Services.MicroserviceLauncherHostedService[0]
      [OrderAcceptService]       FROM "OrderTimers" AS o
info: Onion.CleanArchitecture.WebApp.Server.Services.MicroserviceLauncherHostedService[0]
      [OrderAcceptService]       WHERE o."TimerStatus" = 1 AND o."Timeout" <= @now
info: Onion.CleanArchitecture.WebApp.Server.Services.MicroserviceLauncherHostedService[0]
      [OrderAcceptService] info: Microsoft.EntityFrameworkCore.Database.Command[20101]
info: Onion.CleanArchitecture.WebApp.Server.Services.MicroserviceLauncherHostedService[0]
      [OrderAcceptService]       Executed DbCommand (1ms) [Parameters=[@now='?' (DbType = DateTime)], CommandType='Text', CommandTimeout='30']
info: Onion.CleanArchitecture.WebApp.Server.Services.MicroserviceLauncherHostedService[0]
      [OrderAcceptService]       SELECT o."Id", o."CreatedAt", o."CreatedBy", o."LastModifiedAt", o."LastModifiedBy", o."OrderId", o."Status", o."Timeout", o."TimerId", o."TimerStatus"
info: Onion.CleanArchitecture.WebApp.Server.Services.MicroserviceLauncherHostedService[0]
      [OrderAcceptService]       FROM "OrderTimers" AS o
info: Onion.CleanArchitecture.WebApp.Server.Services.MicroserviceLauncherHostedService[0]
      [OrderAcceptService]       WHERE o."TimerStatus" = 1 AND o."Timeout" <= @now
info: Onion.CleanArchitecture.WebApp.Server.Services.MicroserviceLauncherHostedService[0]
      [OrderAcceptService] info: Microsoft.EntityFrameworkCore.Database.Command[20101]
info: Onion.CleanArchitecture.WebApp.Server.Services.MicroserviceLauncherHostedService[0]
      [OrderAcceptService]       Executed DbCommand (3ms) [Parameters=[@now='?' (DbType = DateTime)], CommandType='Text', CommandTimeout='30']
info: Onion.CleanArchitecture.WebApp.Server.Services.MicroserviceLauncherHostedService[0]
      [OrderAcceptService]       SELECT o."Id", o."CreatedAt", o."CreatedBy", o."LastModifiedAt", o."LastModifiedBy", o."OrderId", o."Status", o."Timeout", o."TimerId", o."TimerStatus"
info: Onion.CleanArchitecture.WebApp.Server.Services.MicroserviceLauncherHostedService[0]
      [OrderAcceptService]       FROM "OrderTimers" AS o
info: Onion.CleanArchitecture.WebApp.Server.Services.MicroserviceLauncherHostedService[0]
      [OrderAcceptService]       WHERE o."TimerStatus" = 1 AND o."Timeout" <= @now
info: Onion.CleanArchitecture.WebApp.Server.Services.MicroserviceLauncherHostedService[0]
      [OrderAcceptService] info: Microsoft.EntityFrameworkCore.Database.Command[20101]
info: Onion.CleanArchitecture.WebApp.Server.Services.MicroserviceLauncherHostedService[0]
      [OrderAcceptService]       Executed DbCommand (1ms) [Parameters=[@now='?' (DbType = DateTime)], CommandType='Text', CommandTimeout='30']
info: Onion.CleanArchitecture.WebApp.Server.Services.MicroserviceLauncherHostedService[0]
      [OrderAcceptService]       SELECT o."Id", o."CreatedAt", o."CreatedBy", o."LastModifiedAt", o."LastModifiedBy", o."OrderId", o."Status", o."Timeout", o."TimerId", o."TimerStatus"
info: Onion.CleanArchitecture.WebApp.Server.Services.MicroserviceLauncherHostedService[0]
      [OrderAcceptService]       FROM "OrderTimers" AS o
info: Onion.CleanArchitecture.WebApp.Server.Services.MicroserviceLauncherHostedService[0]
      [OrderAcceptService]       WHERE o."TimerStatus" = 1 AND o."Timeout" <= @now
info: Onion.CleanArchitecture.WebApp.Server.Services.MicroserviceLauncherHostedService[0]
      [OrderAcceptService] info: Microsoft.EntityFrameworkCore.Database.Command[20101]
info: Onion.CleanArchitecture.WebApp.Server.Services.MicroserviceLauncherHostedService[0]
      [OrderAcceptService]       Executed DbCommand (1ms) [Parameters=[@now='?' (DbType = DateTime)], CommandType='Text', CommandTimeout='30']
info: Onion.CleanArchitecture.WebApp.Server.Services.MicroserviceLauncherHostedService[0]
      [OrderAcceptService]       SELECT o."Id", o."CreatedAt", o."CreatedBy", o."LastModifiedAt", o."LastModifiedBy", o."OrderId", o."Status", o."Timeout", o."TimerId", o."TimerStatus"
info: Onion.CleanArchitecture.WebApp.Server.Services.MicroserviceLauncherHostedService[0]
      [OrderAcceptService]       FROM "OrderTimers" AS o
info: Onion.CleanArchitecture.WebApp.Server.Services.MicroserviceLauncherHostedService[0]
      [OrderAcceptService]       WHERE o."TimerStatus" = 1 AND o."Timeout" <= @now
info: Onion.CleanArchitecture.WebApp.Server.Services.MicroserviceLauncherHostedService[0]
      [OrderAcceptService] info: Microsoft.EntityFrameworkCore.Database.Command[20101]
info: Onion.CleanArchitecture.WebApp.Server.Services.MicroserviceLauncherHostedService[0]
      [OrderAcceptService]       Executed DbCommand (6ms) [Parameters=[@now='?' (DbType = DateTime)], CommandType='Text', CommandTimeout='30']
info: Onion.CleanArchitecture.WebApp.Server.Services.MicroserviceLauncherHostedService[0]
      [OrderAcceptService]       SELECT o."Id", o."CreatedAt", o."CreatedBy", o."LastModifiedAt", o."LastModifiedBy", o."OrderId", o."Status", o."Timeout", o."TimerId", o."TimerStatus"
info: Onion.CleanArchitecture.WebApp.Server.Services.MicroserviceLauncherHostedService[0]
      [OrderAcceptService]       FROM "OrderTimers" AS o
info: Onion.CleanArchitecture.WebApp.Server.Services.MicroserviceLauncherHostedService[0]
      [OrderAcceptService]       WHERE o."TimerStatus" = 1 AND o."Timeout" <= @now
info: Onion.CleanArchitecture.WebApp.Server.Services.MicroserviceLauncherHostedService[0]
      [OrderAcceptService] info: Microsoft.EntityFrameworkCore.Database.Command[20101]
info: Onion.CleanArchitecture.WebApp.Server.Services.MicroserviceLauncherHostedService[0]
      [OrderAcceptService]       Executed DbCommand (1ms) [Parameters=[@now='?' (DbType = DateTime)], CommandType='Text', CommandTimeout='30']
info: Onion.CleanArchitecture.WebApp.Server.Services.MicroserviceLauncherHostedService[0]
      [OrderAcceptService]       SELECT o."Id", o."CreatedAt", o."CreatedBy", o."LastModifiedAt", o."LastModifiedBy", o."OrderId", o."Status", o."Timeout", o."TimerId", o."TimerStatus"
info: Onion.CleanArchitecture.WebApp.Server.Services.MicroserviceLauncherHostedService[0]
      [OrderAcceptService]       FROM "OrderTimers" AS o
info: Onion.CleanArchitecture.WebApp.Server.Services.MicroserviceLauncherHostedService[0]
      [OrderAcceptService]       WHERE o."TimerStatus" = 1 AND o."Timeout" <= @now
info: Onion.CleanArchitecture.WebApp.Server.Services.MicroserviceLauncherHostedService[0]
      [OrderAcceptService] info: Microsoft.EntityFrameworkCore.Database.Command[20101]
info: Onion.CleanArchitecture.WebApp.Server.Services.MicroserviceLauncherHostedService[0]
      [OrderAcceptService]       Executed DbCommand (1ms) [Parameters=[@now='?' (DbType = DateTime)], CommandType='Text', CommandTimeout='30']
info: Onion.CleanArchitecture.WebApp.Server.Services.MicroserviceLauncherHostedService[0]
      [OrderAcceptService]       SELECT o."Id", o."CreatedAt", o."CreatedBy", o."LastModifiedAt", o."LastModifiedBy", o."OrderId", o."Status", o."Timeout", o."TimerId", o."TimerStatus"
info: Onion.CleanArchitecture.WebApp.Server.Services.MicroserviceLauncherHostedService[0]
      [OrderAcceptService]       FROM "OrderTimers" AS o
info: Onion.CleanArchitecture.WebApp.Server.Services.MicroserviceLauncherHostedService[0]
      [OrderAcceptService]       WHERE o."TimerStatus" = 1 AND o."Timeout" <= @now
info: Onion.CleanArchitecture.WebApp.Server.Services.MicroserviceLauncherHostedService[0]
      [OrderAcceptService] info: Microsoft.EntityFrameworkCore.Database.Command[20101]
info: Onion.CleanArchitecture.WebApp.Server.Services.MicroserviceLauncherHostedService[0]
      [OrderAcceptService]       Executed DbCommand (1ms) [Parameters=[@now='?' (DbType = DateTime)], CommandType='Text', CommandTimeout='30']
info: Onion.CleanArchitecture.WebApp.Server.Services.MicroserviceLauncherHostedService[0]
      [OrderAcceptService]       SELECT o."Id", o."CreatedAt", o."CreatedBy", o."LastModifiedAt", o."LastModifiedBy", o."OrderId", o."Status", o."Timeout", o."TimerId", o."TimerStatus"
info: Onion.CleanArchitecture.WebApp.Server.Services.MicroserviceLauncherHostedService[0]
      [OrderAcceptService]       FROM "OrderTimers" AS o
info: Onion.CleanArchitecture.WebApp.Server.Services.MicroserviceLauncherHostedService[0]
      [OrderAcceptService]       WHERE o."TimerStatus" = 1 AND o."Timeout" <= @now
info: Onion.CleanArchitecture.WebApp.Server.Services.MicroserviceLauncherHostedService[0]
      [OrderAcceptService] info: Microsoft.EntityFrameworkCore.Database.Command[20101]
info: Onion.CleanArchitecture.WebApp.Server.Services.MicroserviceLauncherHostedService[0]
      [OrderAcceptService]       Executed DbCommand (1ms) [Parameters=[@now='?' (DbType = DateTime)], CommandType='Text', CommandTimeout='30']
info: Onion.CleanArchitecture.WebApp.Server.Services.MicroserviceLauncherHostedService[0]
      [OrderAcceptService]       SELECT o."Id", o."CreatedAt", o."CreatedBy", o."LastModifiedAt", o."LastModifiedBy", o."OrderId", o."Status", o."Timeout", o."TimerId", o."TimerStatus"
info: Onion.CleanArchitecture.WebApp.Server.Services.MicroserviceLauncherHostedService[0]
      [OrderAcceptService]       FROM "OrderTimers" AS o
info: Onion.CleanArchitecture.WebApp.Server.Services.MicroserviceLauncherHostedService[0]
      [OrderAcceptService]       WHERE o."TimerStatus" = 1 AND o."Timeout" <= @now
info: Onion.CleanArchitecture.WebApp.Server.Services.MicroserviceLauncherHostedService[0]
      [OrderAcceptService] info: Microsoft.EntityFrameworkCore.Database.Command[20101]
info: Onion.CleanArchitecture.WebApp.Server.Services.MicroserviceLauncherHostedService[0]
      [OrderAcceptService]       Executed DbCommand (1ms) [Parameters=[@now='?' (DbType = DateTime)], CommandType='Text', CommandTimeout='30']
info: Onion.CleanArchitecture.WebApp.Server.Services.MicroserviceLauncherHostedService[0]
      [OrderAcceptService]       SELECT o."Id", o."CreatedAt", o."CreatedBy", o."LastModifiedAt", o."LastModifiedBy", o."OrderId", o."Status", o."Timeout", o."TimerId", o."TimerStatus"
info: Onion.CleanArchitecture.WebApp.Server.Services.MicroserviceLauncherHostedService[0]
      [OrderAcceptService]       FROM "OrderTimers" AS o
info: Onion.CleanArchitecture.WebApp.Server.Services.MicroserviceLauncherHostedService[0]
      [OrderAcceptService]       WHERE o."TimerStatus" = 1 AND o."Timeout" <= @now
info: Onion.CleanArchitecture.WebApp.Server.Services.MicroserviceLauncherHostedService[0]
      [OrderAcceptService] info: Microsoft.EntityFrameworkCore.Database.Command[20101]
info: Onion.CleanArchitecture.WebApp.Server.Services.MicroserviceLauncherHostedService[0]
      [OrderAcceptService]       Executed DbCommand (1ms) [Parameters=[@now='?' (DbType = DateTime)], CommandType='Text', CommandTimeout='30']
info: Onion.CleanArchitecture.WebApp.Server.Services.MicroserviceLauncherHostedService[0]
      [OrderAcceptService]       SELECT o."Id", o."CreatedAt", o."CreatedBy", o."LastModifiedAt", o."LastModifiedBy", o."OrderId", o."Status", o."Timeout", o."TimerId", o."TimerStatus"
info: Onion.CleanArchitecture.WebApp.Server.Services.MicroserviceLauncherHostedService[0]
      [OrderAcceptService]       FROM "OrderTimers" AS o
info: Onion.CleanArchitecture.WebApp.Server.Services.MicroserviceLauncherHostedService[0]
      [OrderAcceptService]       WHERE o."TimerStatus" = 1 AND o."Timeout" <= @now
info: Onion.CleanArchitecture.WebApp.Server.Services.MicroserviceLauncherHostedService[0]
      [OrderAcceptService] info: Microsoft.EntityFrameworkCore.Database.Command[20101]
info: Onion.CleanArchitecture.WebApp.Server.Services.MicroserviceLauncherHostedService[0]
      [OrderAcceptService]       Executed DbCommand (1ms) [Parameters=[@now='?' (DbType = DateTime)], CommandType='Text', CommandTimeout='30']
info: Onion.CleanArchitecture.WebApp.Server.Services.MicroserviceLauncherHostedService[0]
      [OrderAcceptService]       SELECT o."Id", o."CreatedAt", o."CreatedBy", o."LastModifiedAt", o."LastModifiedBy", o."OrderId", o."Status", o."Timeout", o."TimerId", o."TimerStatus"
info: Onion.CleanArchitecture.WebApp.Server.Services.MicroserviceLauncherHostedService[0]
      [OrderAcceptService]       FROM "OrderTimers" AS o
info: Onion.CleanArchitecture.WebApp.Server.Services.MicroserviceLauncherHostedService[0]
      [OrderAcceptService]       WHERE o."TimerStatus" = 1 AND o."Timeout" <= @now
info: Onion.CleanArchitecture.WebApp.Server.Services.MicroserviceLauncherHostedService[0]
      [OrderAcceptService] info: Microsoft.EntityFrameworkCore.Database.Command[20101]
info: Onion.CleanArchitecture.WebApp.Server.Services.MicroserviceLauncherHostedService[0]
      [OrderAcceptService]       Executed DbCommand (1ms) [Parameters=[@now='?' (DbType = DateTime)], CommandType='Text', CommandTimeout='30']
info: Onion.CleanArchitecture.WebApp.Server.Services.MicroserviceLauncherHostedService[0]
      [OrderAcceptService]       SELECT o."Id", o."CreatedAt", o."CreatedBy", o."LastModifiedAt", o."LastModifiedBy", o."OrderId", o."Status", o."Timeout", o."TimerId", o."TimerStatus"
info: Onion.CleanArchitecture.WebApp.Server.Services.MicroserviceLauncherHostedService[0]
      [OrderAcceptService]       FROM "OrderTimers" AS o
info: Onion.CleanArchitecture.WebApp.Server.Services.MicroserviceLauncherHostedService[0]
      [OrderAcceptService]       WHERE o."TimerStatus" = 1 AND o."Timeout" <= @now
info: Onion.CleanArchitecture.WebApp.Server.Services.MicroserviceLauncherHostedService[0]
      [OrderAcceptService] info: Microsoft.EntityFrameworkCore.Database.Command[20101]
info: Onion.CleanArchitecture.WebApp.Server.Services.MicroserviceLauncherHostedService[0]
      [OrderAcceptService]       Executed DbCommand (1ms) [Parameters=[@now='?' (DbType = DateTime)], CommandType='Text', CommandTimeout='30']
info: Onion.CleanArchitecture.WebApp.Server.Services.MicroserviceLauncherHostedService[0]
      [OrderAcceptService]       SELECT o."Id", o."CreatedAt", o."CreatedBy", o."LastModifiedAt", o."LastModifiedBy", o."OrderId", o."Status", o."Timeout", o."TimerId", o."TimerStatus"
info: Onion.CleanArchitecture.WebApp.Server.Services.MicroserviceLauncherHostedService[0]
      [OrderAcceptService]       FROM "OrderTimers" AS o
info: Onion.CleanArchitecture.WebApp.Server.Services.MicroserviceLauncherHostedService[0]
      [OrderAcceptService]       WHERE o."TimerStatus" = 1 AND o."Timeout" <= @now
info: Onion.CleanArchitecture.WebApp.Server.Services.MicroserviceLauncherHostedService[0]
      [OrderAcceptService] info: Microsoft.EntityFrameworkCore.Database.Command[20101]
info: Onion.CleanArchitecture.WebApp.Server.Services.MicroserviceLauncherHostedService[0]
      [OrderAcceptService]       Executed DbCommand (1ms) [Parameters=[@now='?' (DbType = DateTime)], CommandType='Text', CommandTimeout='30']
info: Onion.CleanArchitecture.WebApp.Server.Services.MicroserviceLauncherHostedService[0]
      [OrderAcceptService]       SELECT o."Id", o."CreatedAt", o."CreatedBy", o."LastModifiedAt", o."LastModifiedBy", o."OrderId", o."Status", o."Timeout", o."TimerId", o."TimerStatus"
info: Onion.CleanArchitecture.WebApp.Server.Services.MicroserviceLauncherHostedService[0]
      [OrderAcceptService]       FROM "OrderTimers" AS o
info: Onion.CleanArchitecture.WebApp.Server.Services.MicroserviceLauncherHostedService[0]
      [OrderAcceptService]       WHERE o."TimerStatus" = 1 AND o."Timeout" <= @now
info: Onion.CleanArchitecture.WebApp.Server.Services.MicroserviceLauncherHostedService[0]
      [OrderAcceptService] info: Microsoft.EntityFrameworkCore.Database.Command[20101]
info: Onion.CleanArchitecture.WebApp.Server.Services.MicroserviceLauncherHostedService[0]
      [OrderAcceptService]       Executed DbCommand (4ms) [Parameters=[@now='?' (DbType = DateTime)], CommandType='Text', CommandTimeout='30']
info: Onion.CleanArchitecture.WebApp.Server.Services.MicroserviceLauncherHostedService[0]
      [OrderAcceptService]       SELECT o."Id", o."CreatedAt", o."CreatedBy", o."LastModifiedAt", o."LastModifiedBy", o."OrderId", o."Status", o."Timeout", o."TimerId", o."TimerStatus"
info: Onion.CleanArchitecture.WebApp.Server.Services.MicroserviceLauncherHostedService[0]
      [OrderAcceptService]       FROM "OrderTimers" AS o
info: Onion.CleanArchitecture.WebApp.Server.Services.MicroserviceLauncherHostedService[0]
      [OrderAcceptService]       WHERE o."TimerStatus" = 1 AND o."Timeout" <= @now
info: Onion.CleanArchitecture.WebApp.Server.Services.MicroserviceLauncherHostedService[0]
      [OrderAcceptService] info: Microsoft.EntityFrameworkCore.Database.Command[20101]
info: Onion.CleanArchitecture.WebApp.Server.Services.MicroserviceLauncherHostedService[0]
      [OrderAcceptService]       Executed DbCommand (1ms) [Parameters=[@now='?' (DbType = DateTime)], CommandType='Text', CommandTimeout='30']
info: Onion.CleanArchitecture.WebApp.Server.Services.MicroserviceLauncherHostedService[0]
      [OrderAcceptService]       SELECT o."Id", o."CreatedAt", o."CreatedBy", o."LastModifiedAt", o."LastModifiedBy", o."OrderId", o."Status", o."Timeout", o."TimerId", o."TimerStatus"
info: Onion.CleanArchitecture.WebApp.Server.Services.MicroserviceLauncherHostedService[0]
      [OrderAcceptService]       FROM "OrderTimers" AS o
info: Onion.CleanArchitecture.WebApp.Server.Services.MicroserviceLauncherHostedService[0]
      [OrderAcceptService]       WHERE o."TimerStatus" = 1 AND o."Timeout" <= @now
info: Onion.CleanArchitecture.WebApp.Server.Services.MicroserviceLauncherHostedService[0]
      [OrderAcceptService] info: Microsoft.EntityFrameworkCore.Database.Command[20101]
info: Onion.CleanArchitecture.WebApp.Server.Services.MicroserviceLauncherHostedService[0]
      [OrderAcceptService]       Executed DbCommand (1ms) [Parameters=[@now='?' (DbType = DateTime)], CommandType='Text', CommandTimeout='30']
info: Onion.CleanArchitecture.WebApp.Server.Services.MicroserviceLauncherHostedService[0]
      [OrderAcceptService]       SELECT o."Id", o."CreatedAt", o."CreatedBy", o."LastModifiedAt", o."LastModifiedBy", o."OrderId", o."Status", o."Timeout", o."TimerId", o."TimerStatus"
info: Onion.CleanArchitecture.WebApp.Server.Services.MicroserviceLauncherHostedService[0]
      [OrderAcceptService]       FROM "OrderTimers" AS o
info: Onion.CleanArchitecture.WebApp.Server.Services.MicroserviceLauncherHostedService[0]
      [OrderAcceptService]       WHERE o."TimerStatus" = 1 AND o."Timeout" <= @now
info: Onion.CleanArchitecture.WebApp.Server.Services.MicroserviceLauncherHostedService[0]
      [OrderAcceptService] info: Microsoft.EntityFrameworkCore.Database.Command[20101]
info: Onion.CleanArchitecture.WebApp.Server.Services.MicroserviceLauncherHostedService[0]
      [OrderAcceptService]       Executed DbCommand (1ms) [Parameters=[@now='?' (DbType = DateTime)], CommandType='Text', CommandTimeout='30']
info: Onion.CleanArchitecture.WebApp.Server.Services.MicroserviceLauncherHostedService[0]
      [OrderAcceptService]       SELECT o."Id", o."CreatedAt", o."CreatedBy", o."LastModifiedAt", o."LastModifiedBy", o."OrderId", o."Status", o."Timeout", o."TimerId", o."TimerStatus"
info: Onion.CleanArchitecture.WebApp.Server.Services.MicroserviceLauncherHostedService[0]
      [OrderAcceptService]       FROM "OrderTimers" AS o
info: Onion.CleanArchitecture.WebApp.Server.Services.MicroserviceLauncherHostedService[0]
      [OrderAcceptService]       WHERE o."TimerStatus" = 1 AND o."Timeout" <= @now
info: Onion.CleanArchitecture.WebApp.Server.Services.MicroserviceLauncherHostedService[0]
      [OrderAcceptService] info: Microsoft.EntityFrameworkCore.Database.Command[20101]
info: Onion.CleanArchitecture.WebApp.Server.Services.MicroserviceLauncherHostedService[0]
      [OrderAcceptService]       Executed DbCommand (1ms) [Parameters=[@now='?' (DbType = DateTime)], CommandType='Text', CommandTimeout='30']
info: Onion.CleanArchitecture.WebApp.Server.Services.MicroserviceLauncherHostedService[0]
      [OrderAcceptService]       SELECT o."Id", o."CreatedAt", o."CreatedBy", o."LastModifiedAt", o."LastModifiedBy", o."OrderId", o."Status", o."Timeout", o."TimerId", o."TimerStatus"
info: Onion.CleanArchitecture.WebApp.Server.Services.MicroserviceLauncherHostedService[0]
      [OrderAcceptService]       FROM "OrderTimers" AS o
info: Onion.CleanArchitecture.WebApp.Server.Services.MicroserviceLauncherHostedService[0]
      [OrderAcceptService]       WHERE o."TimerStatus" = 1 AND o."Timeout" <= @now
info: Onion.CleanArchitecture.WebApp.Server.Services.MicroserviceLauncherHostedService[0]
      [OrderAcceptService] info: Microsoft.EntityFrameworkCore.Database.Command[20101]
info: Onion.CleanArchitecture.WebApp.Server.Services.MicroserviceLauncherHostedService[0]
      [OrderAcceptService]       Executed DbCommand (1ms) [Parameters=[@now='?' (DbType = DateTime)], CommandType='Text', CommandTimeout='30']
info: Onion.CleanArchitecture.WebApp.Server.Services.MicroserviceLauncherHostedService[0]
      [OrderAcceptService]       SELECT o."Id", o."CreatedAt", o."CreatedBy", o."LastModifiedAt", o."LastModifiedBy", o."OrderId", o."Status", o."Timeout", o."TimerId", o."TimerStatus"
info: Onion.CleanArchitecture.WebApp.Server.Services.MicroserviceLauncherHostedService[0]
      [OrderAcceptService]       FROM "OrderTimers" AS o
info: Onion.CleanArchitecture.WebApp.Server.Services.MicroserviceLauncherHostedService[0]
      [OrderAcceptService]       WHERE o."TimerStatus" = 1 AND o."Timeout" <= @now
info: Onion.CleanArchitecture.WebApp.Server.Services.MicroserviceLauncherHostedService[0]
      [OrderAcceptService] info: Microsoft.EntityFrameworkCore.Database.Command[20101]
info: Onion.CleanArchitecture.WebApp.Server.Services.MicroserviceLauncherHostedService[0]
      [OrderAcceptService]       Executed DbCommand (1ms) [Parameters=[@now='?' (DbType = DateTime)], CommandType='Text', CommandTimeout='30']
info: Onion.CleanArchitecture.WebApp.Server.Services.MicroserviceLauncherHostedService[0]
      [OrderAcceptService]       SELECT o."Id", o."CreatedAt", o."CreatedBy", o."LastModifiedAt", o."LastModifiedBy", o."OrderId", o."Status", o."Timeout", o."TimerId", o."TimerStatus"
info: Onion.CleanArchitecture.WebApp.Server.Services.MicroserviceLauncherHostedService[0]
      [OrderAcceptService]       FROM "OrderTimers" AS o
info: Onion.CleanArchitecture.WebApp.Server.Services.MicroserviceLauncherHostedService[0]
      [OrderAcceptService]       WHERE o."TimerStatus" = 1 AND o."Timeout" <= @now
info: Onion.CleanArchitecture.WebApp.Server.Services.MicroserviceLauncherHostedService[0]
      [OrderAcceptService] info: Microsoft.EntityFrameworkCore.Database.Command[20101]
info: Onion.CleanArchitecture.WebApp.Server.Services.MicroserviceLauncherHostedService[0]
      [OrderAcceptService]       Executed DbCommand (1ms) [Parameters=[@now='?' (DbType = DateTime)], CommandType='Text', CommandTimeout='30']
info: Onion.CleanArchitecture.WebApp.Server.Services.MicroserviceLauncherHostedService[0]
      [OrderAcceptService]       SELECT o."Id", o."CreatedAt", o."CreatedBy", o."LastModifiedAt", o."LastModifiedBy", o."OrderId", o."Status", o."Timeout", o."TimerId", o."TimerStatus"
info: Onion.CleanArchitecture.WebApp.Server.Services.MicroserviceLauncherHostedService[0]
      [OrderAcceptService]       FROM "OrderTimers" AS o
info: Onion.CleanArchitecture.WebApp.Server.Services.MicroserviceLauncherHostedService[0]
      [OrderAcceptService]       WHERE o."TimerStatus" = 1 AND o."Timeout" <= @now
info: Onion.CleanArchitecture.WebApp.Server.Services.MicroserviceLauncherHostedService[0]
      [OrderAcceptService] info: Microsoft.EntityFrameworkCore.Database.Command[20101]
info: Onion.CleanArchitecture.WebApp.Server.Services.MicroserviceLauncherHostedService[0]
      [OrderAcceptService]       Executed DbCommand (1ms) [Parameters=[@now='?' (DbType = DateTime)], CommandType='Text', CommandTimeout='30']
info: Onion.CleanArchitecture.WebApp.Server.Services.MicroserviceLauncherHostedService[0]
      [OrderAcceptService]       SELECT o."Id", o."CreatedAt", o."CreatedBy", o."LastModifiedAt", o."LastModifiedBy", o."OrderId", o."Status", o."Timeout", o."TimerId", o."TimerStatus"
info: Onion.CleanArchitecture.WebApp.Server.Services.MicroserviceLauncherHostedService[0]
      [OrderAcceptService]       FROM "OrderTimers" AS o
info: Onion.CleanArchitecture.WebApp.Server.Services.MicroserviceLauncherHostedService[0]
      [OrderAcceptService]       WHERE o."TimerStatus" = 1 AND o."Timeout" <= @now
info: Onion.CleanArchitecture.WebApp.Server.Services.MicroserviceLauncherHostedService[0]
      [OrderAcceptService] info: Microsoft.EntityFrameworkCore.Database.Command[20101]
info: Onion.CleanArchitecture.WebApp.Server.Services.MicroserviceLauncherHostedService[0]
      [OrderAcceptService]       Executed DbCommand (1ms) [Parameters=[@now='?' (DbType = DateTime)], CommandType='Text', CommandTimeout='30']
info: Onion.CleanArchitecture.WebApp.Server.Services.MicroserviceLauncherHostedService[0]
      [OrderAcceptService]       SELECT o."Id", o."CreatedAt", o."CreatedBy", o."LastModifiedAt", o."LastModifiedBy", o."OrderId", o."Status", o."Timeout", o."TimerId", o."TimerStatus"
info: Onion.CleanArchitecture.WebApp.Server.Services.MicroserviceLauncherHostedService[0]
      [OrderAcceptService]       FROM "OrderTimers" AS o
info: Onion.CleanArchitecture.WebApp.Server.Services.MicroserviceLauncherHostedService[0]
      [OrderAcceptService]       WHERE o."TimerStatus" = 1 AND o."Timeout" <= @now
info: Onion.CleanArchitecture.WebApp.Server.Services.MicroserviceLauncherHostedService[0]
      [OrderAcceptService] info: Microsoft.EntityFrameworkCore.Database.Command[20101]
info: Onion.CleanArchitecture.WebApp.Server.Services.MicroserviceLauncherHostedService[0]
      [OrderAcceptService]       Executed DbCommand (1ms) [Parameters=[@now='?' (DbType = DateTime)], CommandType='Text', CommandTimeout='30']
info: Onion.CleanArchitecture.WebApp.Server.Services.MicroserviceLauncherHostedService[0]
      [OrderAcceptService]       SELECT o."Id", o."CreatedAt", o."CreatedBy", o."LastModifiedAt", o."LastModifiedBy", o."OrderId", o."Status", o."Timeout", o."TimerId", o."TimerStatus"
info: Onion.CleanArchitecture.WebApp.Server.Services.MicroserviceLauncherHostedService[0]
      [OrderAcceptService]       FROM "OrderTimers" AS o
info: Onion.CleanArchitecture.WebApp.Server.Services.MicroserviceLauncherHostedService[0]
      [OrderAcceptService]       WHERE o."TimerStatus" = 1 AND o."Timeout" <= @now
info: Onion.CleanArchitecture.WebApp.Server.Services.MicroserviceLauncherHostedService[0]
      [OrderAcceptService] info: Microsoft.EntityFrameworkCore.Database.Command[20101]
info: Onion.CleanArchitecture.WebApp.Server.Services.MicroserviceLauncherHostedService[0]
      [OrderAcceptService]       Executed DbCommand (3ms) [Parameters=[@now='?' (DbType = DateTime)], CommandType='Text', CommandTimeout='30']
info: Onion.CleanArchitecture.WebApp.Server.Services.MicroserviceLauncherHostedService[0]
      [OrderAcceptService]       SELECT o."Id", o."CreatedAt", o."CreatedBy", o."LastModifiedAt", o."LastModifiedBy", o."OrderId", o."Status", o."Timeout", o."TimerId", o."TimerStatus"
info: Onion.CleanArchitecture.WebApp.Server.Services.MicroserviceLauncherHostedService[0]
      [OrderAcceptService]       FROM "OrderTimers" AS o
info: Onion.CleanArchitecture.WebApp.Server.Services.MicroserviceLauncherHostedService[0]
      [OrderAcceptService]       WHERE o."TimerStatus" = 1 AND o."Timeout" <= @now
info: Onion.CleanArchitecture.WebApp.Server.Services.MicroserviceLauncherHostedService[0]
      [OrderAcceptService] info: Microsoft.EntityFrameworkCore.Database.Command[20101]
info: Onion.CleanArchitecture.WebApp.Server.Services.MicroserviceLauncherHostedService[0]
      [OrderAcceptService]       Executed DbCommand (1ms) [Parameters=[@now='?' (DbType = DateTime)], CommandType='Text', CommandTimeout='30']
info: Onion.CleanArchitecture.WebApp.Server.Services.MicroserviceLauncherHostedService[0]
      [OrderAcceptService]       SELECT o."Id", o."CreatedAt", o."CreatedBy", o."LastModifiedAt", o."LastModifiedBy", o."OrderId", o."Status", o."Timeout", o."TimerId", o."TimerStatus"
info: Onion.CleanArchitecture.WebApp.Server.Services.MicroserviceLauncherHostedService[0]
      [OrderAcceptService]       FROM "OrderTimers" AS o
info: Onion.CleanArchitecture.WebApp.Server.Services.MicroserviceLauncherHostedService[0]
      [OrderAcceptService]       WHERE o."TimerStatus" = 1 AND o."Timeout" <= @now
info: Onion.CleanArchitecture.WebApp.Server.Services.MicroserviceLauncherHostedService[0]
      [OrderAcceptService] info: Microsoft.EntityFrameworkCore.Database.Command[20101]
info: Onion.CleanArchitecture.WebApp.Server.Services.MicroserviceLauncherHostedService[0]
      [OrderAcceptService]       Executed DbCommand (2ms) [Parameters=[@now='?' (DbType = DateTime)], CommandType='Text', CommandTimeout='30']
info: Onion.CleanArchitecture.WebApp.Server.Services.MicroserviceLauncherHostedService[0]
      [OrderAcceptService]       SELECT o."Id", o."CreatedAt", o."CreatedBy", o."LastModifiedAt", o."LastModifiedBy", o."OrderId", o."Status", o."Timeout", o."TimerId", o."TimerStatus"
info: Onion.CleanArchitecture.WebApp.Server.Services.MicroserviceLauncherHostedService[0]
      [OrderAcceptService]       FROM "OrderTimers" AS o
info: Onion.CleanArchitecture.WebApp.Server.Services.MicroserviceLauncherHostedService[0]
      [OrderAcceptService]       WHERE o."TimerStatus" = 1 AND o."Timeout" <= @now
info: Onion.CleanArchitecture.WebApp.Server.Services.MicroserviceLauncherHostedService[0]
      [OrderAcceptService] info: Microsoft.EntityFrameworkCore.Database.Command[20101]
info: Onion.CleanArchitecture.WebApp.Server.Services.MicroserviceLauncherHostedService[0]
      [OrderAcceptService]       Executed DbCommand (1ms) [Parameters=[@now='?' (DbType = DateTime)], CommandType='Text', CommandTimeout='30']
info: Onion.CleanArchitecture.WebApp.Server.Services.MicroserviceLauncherHostedService[0]
      [OrderAcceptService]       SELECT o."Id", o."CreatedAt", o."CreatedBy", o."LastModifiedAt", o."LastModifiedBy", o."OrderId", o."Status", o."Timeout", o."TimerId", o."TimerStatus"
info: Onion.CleanArchitecture.WebApp.Server.Services.MicroserviceLauncherHostedService[0]
      [OrderAcceptService]       FROM "OrderTimers" AS o
info: Onion.CleanArchitecture.WebApp.Server.Services.MicroserviceLauncherHostedService[0]
      [OrderAcceptService]       WHERE o."TimerStatus" = 1 AND o."Timeout" <= @now
info: Onion.CleanArchitecture.WebApp.Server.Services.MicroserviceLauncherHostedService[0]
      [OrderAcceptService] info: Microsoft.EntityFrameworkCore.Database.Command[20101]
info: Onion.CleanArchitecture.WebApp.Server.Services.MicroserviceLauncherHostedService[0]
      [OrderAcceptService]       Executed DbCommand (1ms) [Parameters=[@now='?' (DbType = DateTime)], CommandType='Text', CommandTimeout='30']
info: Onion.CleanArchitecture.WebApp.Server.Services.MicroserviceLauncherHostedService[0]
      [OrderAcceptService]       SELECT o."Id", o."CreatedAt", o."CreatedBy", o."LastModifiedAt", o."LastModifiedBy", o."OrderId", o."Status", o."Timeout", o."TimerId", o."TimerStatus"
info: Onion.CleanArchitecture.WebApp.Server.Services.MicroserviceLauncherHostedService[0]
      [OrderAcceptService]       FROM "OrderTimers" AS o
info: Onion.CleanArchitecture.WebApp.Server.Services.MicroserviceLauncherHostedService[0]
      [OrderAcceptService]       WHERE o."TimerStatus" = 1 AND o."Timeout" <= @now
info: Onion.CleanArchitecture.WebApp.Server.Services.MicroserviceLauncherHostedService[0]
      [OrderAcceptService] info: Microsoft.EntityFrameworkCore.Database.Command[20101]
info: Onion.CleanArchitecture.WebApp.Server.Services.MicroserviceLauncherHostedService[0]
      [OrderAcceptService]       Executed DbCommand (1ms) [Parameters=[@now='?' (DbType = DateTime)], CommandType='Text', CommandTimeout='30']
info: Onion.CleanArchitecture.WebApp.Server.Services.MicroserviceLauncherHostedService[0]
      [OrderAcceptService]       SELECT o."Id", o."CreatedAt", o."CreatedBy", o."LastModifiedAt", o."LastModifiedBy", o."OrderId", o."Status", o."Timeout", o."TimerId", o."TimerStatus"
info: Onion.CleanArchitecture.WebApp.Server.Services.MicroserviceLauncherHostedService[0]
      [OrderAcceptService]       FROM "OrderTimers" AS o
info: Onion.CleanArchitecture.WebApp.Server.Services.MicroserviceLauncherHostedService[0]
      [OrderAcceptService]       WHERE o."TimerStatus" = 1 AND o."Timeout" <= @now
info: Onion.CleanArchitecture.WebApp.Server.Services.MicroserviceLauncherHostedService[0]
      [OrderAcceptService] info: Microsoft.EntityFrameworkCore.Database.Command[20101]
info: Onion.CleanArchitecture.WebApp.Server.Services.MicroserviceLauncherHostedService[0]
      [OrderAcceptService]       Executed DbCommand (1ms) [Parameters=[@now='?' (DbType = DateTime)], CommandType='Text', CommandTimeout='30']
info: Onion.CleanArchitecture.WebApp.Server.Services.MicroserviceLauncherHostedService[0]
      [OrderAcceptService]       SELECT o."Id", o."CreatedAt", o."CreatedBy", o."LastModifiedAt", o."LastModifiedBy", o."OrderId", o."Status", o."Timeout", o."TimerId", o."TimerStatus"
info: Onion.CleanArchitecture.WebApp.Server.Services.MicroserviceLauncherHostedService[0]
      [OrderAcceptService]       FROM "OrderTimers" AS o
info: Onion.CleanArchitecture.WebApp.Server.Services.MicroserviceLauncherHostedService[0]
      [OrderAcceptService]       WHERE o."TimerStatus" = 1 AND o."Timeout" <= @now
info: Onion.CleanArchitecture.WebApp.Server.Services.MicroserviceLauncherHostedService[0]
      [OrderAcceptService] info: Microsoft.EntityFrameworkCore.Database.Command[20101]
info: Onion.CleanArchitecture.WebApp.Server.Services.MicroserviceLauncherHostedService[0]
      [OrderAcceptService]       Executed DbCommand (1ms) [Parameters=[@now='?' (DbType = DateTime)], CommandType='Text', CommandTimeout='30']
info: Onion.CleanArchitecture.WebApp.Server.Services.MicroserviceLauncherHostedService[0]
      [OrderAcceptService]       SELECT o."Id", o."CreatedAt", o."CreatedBy", o."LastModifiedAt", o."LastModifiedBy", o."OrderId", o."Status", o."Timeout", o."TimerId", o."TimerStatus"
info: Onion.CleanArchitecture.WebApp.Server.Services.MicroserviceLauncherHostedService[0]
      [OrderAcceptService]       FROM "OrderTimers" AS o
info: Onion.CleanArchitecture.WebApp.Server.Services.MicroserviceLauncherHostedService[0]
      [OrderAcceptService]       WHERE o."TimerStatus" = 1 AND o."Timeout" <= @now
info: Onion.CleanArchitecture.WebApp.Server.Services.MicroserviceLauncherHostedService[0]
      [OrderAcceptService] info: Microsoft.EntityFrameworkCore.Database.Command[20101]
info: Onion.CleanArchitecture.WebApp.Server.Services.MicroserviceLauncherHostedService[0]
      [OrderAcceptService]       Executed DbCommand (1ms) [Parameters=[@now='?' (DbType = DateTime)], CommandType='Text', CommandTimeout='30']
info: Onion.CleanArchitecture.WebApp.Server.Services.MicroserviceLauncherHostedService[0]
      [OrderAcceptService]       SELECT o."Id", o."CreatedAt", o."CreatedBy", o."LastModifiedAt", o."LastModifiedBy", o."OrderId", o."Status", o."Timeout", o."TimerId", o."TimerStatus"
info: Onion.CleanArchitecture.WebApp.Server.Services.MicroserviceLauncherHostedService[0]
      [OrderAcceptService]       FROM "OrderTimers" AS o
info: Onion.CleanArchitecture.WebApp.Server.Services.MicroserviceLauncherHostedService[0]
      [OrderAcceptService]       WHERE o."TimerStatus" = 1 AND o."Timeout" <= @now
info: Onion.CleanArchitecture.WebApp.Server.Services.MicroserviceLauncherHostedService[0]
      [OrderAcceptService] info: Microsoft.EntityFrameworkCore.Database.Command[20101]
info: Onion.CleanArchitecture.WebApp.Server.Services.MicroserviceLauncherHostedService[0]
      [OrderAcceptService]       Executed DbCommand (1ms) [Parameters=[@now='?' (DbType = DateTime)], CommandType='Text', CommandTimeout='30']
info: Onion.CleanArchitecture.WebApp.Server.Services.MicroserviceLauncherHostedService[0]
      [OrderAcceptService]       SELECT o."Id", o."CreatedAt", o."CreatedBy", o."LastModifiedAt", o."LastModifiedBy", o."OrderId", o."Status", o."Timeout", o."TimerId", o."TimerStatus"
info: Onion.CleanArchitecture.WebApp.Server.Services.MicroserviceLauncherHostedService[0]
      [OrderAcceptService]       FROM "OrderTimers" AS o
info: Onion.CleanArchitecture.WebApp.Server.Services.MicroserviceLauncherHostedService[0]
      [OrderAcceptService]       WHERE o."TimerStatus" = 1 AND o."Timeout" <= @now
info: Onion.CleanArchitecture.WebApp.Server.Services.MicroserviceLauncherHostedService[0]
      [OrderAcceptService] info: Microsoft.EntityFrameworkCore.Database.Command[20101]
info: Onion.CleanArchitecture.WebApp.Server.Services.MicroserviceLauncherHostedService[0]
      [OrderAcceptService]       Executed DbCommand (1ms) [Parameters=[@now='?' (DbType = DateTime)], CommandType='Text', CommandTimeout='30']
info: Onion.CleanArchitecture.WebApp.Server.Services.MicroserviceLauncherHostedService[0]
      [OrderAcceptService]       SELECT o."Id", o."CreatedAt", o."CreatedBy", o."LastModifiedAt", o."LastModifiedBy", o."OrderId", o."Status", o."Timeout", o."TimerId", o."TimerStatus"
info: Onion.CleanArchitecture.WebApp.Server.Services.MicroserviceLauncherHostedService[0]
      [OrderAcceptService]       FROM "OrderTimers" AS o
info: Onion.CleanArchitecture.WebApp.Server.Services.MicroserviceLauncherHostedService[0]
      [OrderAcceptService]       WHERE o."TimerStatus" = 1 AND o."Timeout" <= @now
info: Onion.CleanArchitecture.WebApp.Server.Services.MicroserviceLauncherHostedService[0]
      [OrderAcceptService] info: Microsoft.EntityFrameworkCore.Database.Command[20101]
info: Onion.CleanArchitecture.WebApp.Server.Services.MicroserviceLauncherHostedService[0]
      [OrderAcceptService]       Executed DbCommand (6ms) [Parameters=[@now='?' (DbType = DateTime)], CommandType='Text', CommandTimeout='30']
info: Onion.CleanArchitecture.WebApp.Server.Services.MicroserviceLauncherHostedService[0]
      [OrderAcceptService]       SELECT o."Id", o."CreatedAt", o."CreatedBy", o."LastModifiedAt", o."LastModifiedBy", o."OrderId", o."Status", o."Timeout", o."TimerId", o."TimerStatus"
info: Onion.CleanArchitecture.WebApp.Server.Services.MicroserviceLauncherHostedService[0]
      [OrderAcceptService]       FROM "OrderTimers" AS o
info: Onion.CleanArchitecture.WebApp.Server.Services.MicroserviceLauncherHostedService[0]
      [OrderAcceptService]       WHERE o."TimerStatus" = 1 AND o."Timeout" <= @now
info: Onion.CleanArchitecture.WebApp.Server.Services.MicroserviceLauncherHostedService[0]
      [OrderAcceptService] info: Microsoft.EntityFrameworkCore.Database.Command[20101]
info: Onion.CleanArchitecture.WebApp.Server.Services.MicroserviceLauncherHostedService[0]
      [OrderAcceptService]       Executed DbCommand (1ms) [Parameters=[@now='?' (DbType = DateTime)], CommandType='Text', CommandTimeout='30']
info: Onion.CleanArchitecture.WebApp.Server.Services.MicroserviceLauncherHostedService[0]
      [OrderAcceptService]       SELECT o."Id", o."CreatedAt", o."CreatedBy", o."LastModifiedAt", o."LastModifiedBy", o."OrderId", o."Status", o."Timeout", o."TimerId", o."TimerStatus"
info: Onion.CleanArchitecture.WebApp.Server.Services.MicroserviceLauncherHostedService[0]
      [OrderAcceptService]       FROM "OrderTimers" AS o
info: Onion.CleanArchitecture.WebApp.Server.Services.MicroserviceLauncherHostedService[0]
      [OrderAcceptService]       WHERE o."TimerStatus" = 1 AND o."Timeout" <= @now
info: Onion.CleanArchitecture.WebApp.Server.Services.MicroserviceLauncherHostedService[0]
      [OrderAcceptService] info: Microsoft.EntityFrameworkCore.Database.Command[20101]
info: Onion.CleanArchitecture.WebApp.Server.Services.MicroserviceLauncherHostedService[0]
      [OrderAcceptService]       Executed DbCommand (1ms) [Parameters=[@now='?' (DbType = DateTime)], CommandType='Text', CommandTimeout='30']
info: Onion.CleanArchitecture.WebApp.Server.Services.MicroserviceLauncherHostedService[0]
      [OrderAcceptService]       SELECT o."Id", o."CreatedAt", o."CreatedBy", o."LastModifiedAt", o."LastModifiedBy", o."OrderId", o."Status", o."Timeout", o."TimerId", o."TimerStatus"
info: Onion.CleanArchitecture.WebApp.Server.Services.MicroserviceLauncherHostedService[0]
      [OrderAcceptService]       FROM "OrderTimers" AS o
info: Onion.CleanArchitecture.WebApp.Server.Services.MicroserviceLauncherHostedService[0]
      [OrderAcceptService]       WHERE o."TimerStatus" = 1 AND o."Timeout" <= @now
info: Onion.CleanArchitecture.WebApp.Server.Services.MicroserviceLauncherHostedService[0]
      [OrderAcceptService] info: Microsoft.EntityFrameworkCore.Database.Command[20101]
info: Onion.CleanArchitecture.WebApp.Server.Services.MicroserviceLauncherHostedService[0]
      [OrderAcceptService]       Executed DbCommand (1ms) [Parameters=[@now='?' (DbType = DateTime)], CommandType='Text', CommandTimeout='30']
info: Onion.CleanArchitecture.WebApp.Server.Services.MicroserviceLauncherHostedService[0]
      [OrderAcceptService]       SELECT o."Id", o."CreatedAt", o."CreatedBy", o."LastModifiedAt", o."LastModifiedBy", o."OrderId", o."Status", o."Timeout", o."TimerId", o."TimerStatus"
info: Onion.CleanArchitecture.WebApp.Server.Services.MicroserviceLauncherHostedService[0]
      [OrderAcceptService]       FROM "OrderTimers" AS o
info: Onion.CleanArchitecture.WebApp.Server.Services.MicroserviceLauncherHostedService[0]
      [OrderAcceptService]       WHERE o."TimerStatus" = 1 AND o."Timeout" <= @now
info: Onion.CleanArchitecture.WebApp.Server.Services.MicroserviceLauncherHostedService[0]
      [OrderAcceptService] info: Microsoft.EntityFrameworkCore.Database.Command[20101]
info: Onion.CleanArchitecture.WebApp.Server.Services.MicroserviceLauncherHostedService[0]
      [OrderAcceptService]       Executed DbCommand (1ms) [Parameters=[@now='?' (DbType = DateTime)], CommandType='Text', CommandTimeout='30']
info: Onion.CleanArchitecture.WebApp.Server.Services.MicroserviceLauncherHostedService[0]
      [OrderAcceptService]       SELECT o."Id", o."CreatedAt", o."CreatedBy", o."LastModifiedAt", o."LastModifiedBy", o."OrderId", o."Status", o."Timeout", o."TimerId", o."TimerStatus"
info: Onion.CleanArchitecture.WebApp.Server.Services.MicroserviceLauncherHostedService[0]
      [OrderAcceptService]       FROM "OrderTimers" AS o
info: Onion.CleanArchitecture.WebApp.Server.Services.MicroserviceLauncherHostedService[0]
      [OrderAcceptService]       WHERE o."TimerStatus" = 1 AND o."Timeout" <= @now
info: Onion.CleanArchitecture.WebApp.Server.Services.MicroserviceLauncherHostedService[0]
      [OrderAcceptService] info: Microsoft.EntityFrameworkCore.Database.Command[20101]
info: Onion.CleanArchitecture.WebApp.Server.Services.MicroserviceLauncherHostedService[0]
      [OrderAcceptService]       Executed DbCommand (1ms) [Parameters=[@now='?' (DbType = DateTime)], CommandType='Text', CommandTimeout='30']
info: Onion.CleanArchitecture.WebApp.Server.Services.MicroserviceLauncherHostedService[0]
      [OrderAcceptService]       SELECT o."Id", o."CreatedAt", o."CreatedBy", o."LastModifiedAt", o."LastModifiedBy", o."OrderId", o."Status", o."Timeout", o."TimerId", o."TimerStatus"
info: Onion.CleanArchitecture.WebApp.Server.Services.MicroserviceLauncherHostedService[0]
      [OrderAcceptService]       FROM "OrderTimers" AS o
info: Onion.CleanArchitecture.WebApp.Server.Services.MicroserviceLauncherHostedService[0]
      [OrderAcceptService]       WHERE o."TimerStatus" = 1 AND o."Timeout" <= @now
info: Onion.CleanArchitecture.WebApp.Server.Services.MicroserviceLauncherHostedService[0]
      [OrderAcceptService] info: Microsoft.EntityFrameworkCore.Database.Command[20101]
info: Onion.CleanArchitecture.WebApp.Server.Services.MicroserviceLauncherHostedService[0]
      [OrderAcceptService]       Executed DbCommand (1ms) [Parameters=[@now='?' (DbType = DateTime)], CommandType='Text', CommandTimeout='30']
info: Onion.CleanArchitecture.WebApp.Server.Services.MicroserviceLauncherHostedService[0]
      [OrderAcceptService]       SELECT o."Id", o."CreatedAt", o."CreatedBy", o."LastModifiedAt", o."LastModifiedBy", o."OrderId", o."Status", o."Timeout", o."TimerId", o."TimerStatus"
info: Onion.CleanArchitecture.WebApp.Server.Services.MicroserviceLauncherHostedService[0]
      [OrderAcceptService]       FROM "OrderTimers" AS o
info: Onion.CleanArchitecture.WebApp.Server.Services.MicroserviceLauncherHostedService[0]
      [OrderAcceptService]       WHERE o."TimerStatus" = 1 AND o."Timeout" <= @now
info: Onion.CleanArchitecture.WebApp.Server.Services.MicroserviceLauncherHostedService[0]
      [OrderAcceptService] info: Microsoft.EntityFrameworkCore.Database.Command[20101]
info: Onion.CleanArchitecture.WebApp.Server.Services.MicroserviceLauncherHostedService[0]
      [OrderAcceptService]       Executed DbCommand (1ms) [Parameters=[@now='?' (DbType = DateTime)], CommandType='Text', CommandTimeout='30']
info: Onion.CleanArchitecture.WebApp.Server.Services.MicroserviceLauncherHostedService[0]
      [OrderAcceptService]       SELECT o."Id", o."CreatedAt", o."CreatedBy", o."LastModifiedAt", o."LastModifiedBy", o."OrderId", o."Status", o."Timeout", o."TimerId", o."TimerStatus"
info: Onion.CleanArchitecture.WebApp.Server.Services.MicroserviceLauncherHostedService[0]
      [OrderAcceptService]       FROM "OrderTimers" AS o
info: Onion.CleanArchitecture.WebApp.Server.Services.MicroserviceLauncherHostedService[0]
      [OrderAcceptService]       WHERE o."TimerStatus" = 1 AND o."Timeout" <= @now
info: Onion.CleanArchitecture.WebApp.Server.Services.MicroserviceLauncherHostedService[0]
      [OrderAcceptService] info: Microsoft.EntityFrameworkCore.Database.Command[20101]
info: Onion.CleanArchitecture.WebApp.Server.Services.MicroserviceLauncherHostedService[0]
      [OrderAcceptService]       Executed DbCommand (1ms) [Parameters=[@now='?' (DbType = DateTime)], CommandType='Text', CommandTimeout='30']
info: Onion.CleanArchitecture.WebApp.Server.Services.MicroserviceLauncherHostedService[0]
      [OrderAcceptService]       SELECT o."Id", o."CreatedAt", o."CreatedBy", o."LastModifiedAt", o."LastModifiedBy", o."OrderId", o."Status", o."Timeout", o."TimerId", o."TimerStatus"
info: Onion.CleanArchitecture.WebApp.Server.Services.MicroserviceLauncherHostedService[0]
      [OrderAcceptService]       FROM "OrderTimers" AS o
info: Onion.CleanArchitecture.WebApp.Server.Services.MicroserviceLauncherHostedService[0]
      [OrderAcceptService]       WHERE o."TimerStatus" = 1 AND o."Timeout" <= @now
info: Onion.CleanArchitecture.WebApp.Server.Services.MicroserviceLauncherHostedService[0]
      [OrderAcceptService] info: Microsoft.EntityFrameworkCore.Database.Command[20101]
info: Onion.CleanArchitecture.WebApp.Server.Services.MicroserviceLauncherHostedService[0]
      [OrderAcceptService]       Executed DbCommand (2ms) [Parameters=[@now='?' (DbType = DateTime)], CommandType='Text', CommandTimeout='30']
info: Onion.CleanArchitecture.WebApp.Server.Services.MicroserviceLauncherHostedService[0]
      [OrderAcceptService]       SELECT o."Id", o."CreatedAt", o."CreatedBy", o."LastModifiedAt", o."LastModifiedBy", o."OrderId", o."Status", o."Timeout", o."TimerId", o."TimerStatus"
info: Onion.CleanArchitecture.WebApp.Server.Services.MicroserviceLauncherHostedService[0]
      [OrderAcceptService]       FROM "OrderTimers" AS o
info: Onion.CleanArchitecture.WebApp.Server.Services.MicroserviceLauncherHostedService[0]
      [OrderAcceptService]       WHERE o."TimerStatus" = 1 AND o."Timeout" <= @now
info: Onion.CleanArchitecture.WebApp.Server.Services.MicroserviceLauncherHostedService[0]
      [OrderAcceptService] info: Microsoft.EntityFrameworkCore.Database.Command[20101]
info: Onion.CleanArchitecture.WebApp.Server.Services.MicroserviceLauncherHostedService[0]
      [OrderAcceptService]       Executed DbCommand (1ms) [Parameters=[@now='?' (DbType = DateTime)], CommandType='Text', CommandTimeout='30']
info: Onion.CleanArchitecture.WebApp.Server.Services.MicroserviceLauncherHostedService[0]
      [OrderAcceptService]       SELECT o."Id", o."CreatedAt", o."CreatedBy", o."LastModifiedAt", o."LastModifiedBy", o."OrderId", o."Status", o."Timeout", o."TimerId", o."TimerStatus"
info: Onion.CleanArchitecture.WebApp.Server.Services.MicroserviceLauncherHostedService[0]
      [OrderAcceptService]       FROM "OrderTimers" AS o
info: Onion.CleanArchitecture.WebApp.Server.Services.MicroserviceLauncherHostedService[0]
      [OrderAcceptService]       WHERE o."TimerStatus" = 1 AND o."Timeout" <= @now
info: Onion.CleanArchitecture.WebApp.Server.Services.MicroserviceLauncherHostedService[0]
      [OrderAcceptService] info: Microsoft.EntityFrameworkCore.Database.Command[20101]
info: Onion.CleanArchitecture.WebApp.Server.Services.MicroserviceLauncherHostedService[0]
      [OrderAcceptService]       Executed DbCommand (5ms) [Parameters=[@now='?' (DbType = DateTime)], CommandType='Text', CommandTimeout='30']
info: Onion.CleanArchitecture.WebApp.Server.Services.MicroserviceLauncherHostedService[0]
      [OrderAcceptService]       SELECT o."Id", o."CreatedAt", o."CreatedBy", o."LastModifiedAt", o."LastModifiedBy", o."OrderId", o."Status", o."Timeout", o."TimerId", o."TimerStatus"
info: Onion.CleanArchitecture.WebApp.Server.Services.MicroserviceLauncherHostedService[0]
      [OrderAcceptService]       FROM "OrderTimers" AS o
info: Onion.CleanArchitecture.WebApp.Server.Services.MicroserviceLauncherHostedService[0]
      [OrderAcceptService]       WHERE o."TimerStatus" = 1 AND o."Timeout" <= @now
info: Onion.CleanArchitecture.WebApp.Server.Services.MicroserviceLauncherHostedService[0]
      [OrderAcceptService] info: Microsoft.EntityFrameworkCore.Database.Command[20101]
info: Onion.CleanArchitecture.WebApp.Server.Services.MicroserviceLauncherHostedService[0]
      [OrderAcceptService]       Executed DbCommand (1ms) [Parameters=[@now='?' (DbType = DateTime)], CommandType='Text', CommandTimeout='30']
info: Onion.CleanArchitecture.WebApp.Server.Services.MicroserviceLauncherHostedService[0]
      [OrderAcceptService]       SELECT o."Id", o."CreatedAt", o."CreatedBy", o."LastModifiedAt", o."LastModifiedBy", o."OrderId", o."Status", o."Timeout", o."TimerId", o."TimerStatus"
info: Onion.CleanArchitecture.WebApp.Server.Services.MicroserviceLauncherHostedService[0]
      [OrderAcceptService]       FROM "OrderTimers" AS o
info: Onion.CleanArchitecture.WebApp.Server.Services.MicroserviceLauncherHostedService[0]
      [OrderAcceptService]       WHERE o."TimerStatus" = 1 AND o."Timeout" <= @now
info: Onion.CleanArchitecture.WebApp.Server.Services.MicroserviceLauncherHostedService[0]
      [OrderAcceptService] info: Microsoft.EntityFrameworkCore.Database.Command[20101]
info: Onion.CleanArchitecture.WebApp.Server.Services.MicroserviceLauncherHostedService[0]
      [OrderAcceptService]       Executed DbCommand (1ms) [Parameters=[@now='?' (DbType = DateTime)], CommandType='Text', CommandTimeout='30']
info: Onion.CleanArchitecture.WebApp.Server.Services.MicroserviceLauncherHostedService[0]
      [OrderAcceptService]       SELECT o."Id", o."CreatedAt", o."CreatedBy", o."LastModifiedAt", o."LastModifiedBy", o."OrderId", o."Status", o."Timeout", o."TimerId", o."TimerStatus"
info: Onion.CleanArchitecture.WebApp.Server.Services.MicroserviceLauncherHostedService[0]
      [OrderAcceptService]       FROM "OrderTimers" AS o
info: Onion.CleanArchitecture.WebApp.Server.Services.MicroserviceLauncherHostedService[0]
      [OrderAcceptService]       WHERE o."TimerStatus" = 1 AND o."Timeout" <= @now
info: Onion.CleanArchitecture.WebApp.Server.Services.MicroserviceLauncherHostedService[0]
      [OrderAcceptService] info: Microsoft.EntityFrameworkCore.Database.Command[20101]
info: Onion.CleanArchitecture.WebApp.Server.Services.MicroserviceLauncherHostedService[0]
      [OrderAcceptService]       Executed DbCommand (1ms) [Parameters=[@now='?' (DbType = DateTime)], CommandType='Text', CommandTimeout='30']
info: Onion.CleanArchitecture.WebApp.Server.Services.MicroserviceLauncherHostedService[0]
      [OrderAcceptService]       SELECT o."Id", o."CreatedAt", o."CreatedBy", o."LastModifiedAt", o."LastModifiedBy", o."OrderId", o."Status", o."Timeout", o."TimerId", o."TimerStatus"
info: Onion.CleanArchitecture.WebApp.Server.Services.MicroserviceLauncherHostedService[0]
      [OrderAcceptService]       FROM "OrderTimers" AS o
info: Onion.CleanArchitecture.WebApp.Server.Services.MicroserviceLauncherHostedService[0]
      [OrderAcceptService]       WHERE o."TimerStatus" = 1 AND o."Timeout" <= @now
info: Onion.CleanArchitecture.WebApp.Server.Services.MicroserviceLauncherHostedService[0]
      [OrderAcceptService] info: Microsoft.EntityFrameworkCore.Database.Command[20101]
info: Onion.CleanArchitecture.WebApp.Server.Services.MicroserviceLauncherHostedService[0]
      [OrderAcceptService]       Executed DbCommand (3ms) [Parameters=[@now='?' (DbType = DateTime)], CommandType='Text', CommandTimeout='30']
info: Onion.CleanArchitecture.WebApp.Server.Services.MicroserviceLauncherHostedService[0]
      [OrderAcceptService]       SELECT o."Id", o."CreatedAt", o."CreatedBy", o."LastModifiedAt", o."LastModifiedBy", o."OrderId", o."Status", o."Timeout", o."TimerId", o."TimerStatus"
info: Onion.CleanArchitecture.WebApp.Server.Services.MicroserviceLauncherHostedService[0]
      [OrderAcceptService]       FROM "OrderTimers" AS o
info: Onion.CleanArchitecture.WebApp.Server.Services.MicroserviceLauncherHostedService[0]
      [OrderAcceptService]       WHERE o."TimerStatus" = 1 AND o."Timeout" <= @now
info: Onion.CleanArchitecture.WebApp.Server.Services.MicroserviceLauncherHostedService[0]
      [OrderAcceptService] info: Microsoft.EntityFrameworkCore.Database.Command[20101]
info: Onion.CleanArchitecture.WebApp.Server.Services.MicroserviceLauncherHostedService[0]
      [OrderAcceptService]       Executed DbCommand (3ms) [Parameters=[@now='?' (DbType = DateTime)], CommandType='Text', CommandTimeout='30']
info: Onion.CleanArchitecture.WebApp.Server.Services.MicroserviceLauncherHostedService[0]
      [OrderAcceptService]       SELECT o."Id", o."CreatedAt", o."CreatedBy", o."LastModifiedAt", o."LastModifiedBy", o."OrderId", o."Status", o."Timeout", o."TimerId", o."TimerStatus"
info: Onion.CleanArchitecture.WebApp.Server.Services.MicroserviceLauncherHostedService[0]
      [OrderAcceptService]       FROM "OrderTimers" AS o
info: Onion.CleanArchitecture.WebApp.Server.Services.MicroserviceLauncherHostedService[0]
      [OrderAcceptService]       WHERE o."TimerStatus" = 1 AND o."Timeout" <= @now
info: Onion.CleanArchitecture.WebApp.Server.Services.MicroserviceLauncherHostedService[0]
      [OrderAcceptService] info: Microsoft.EntityFrameworkCore.Database.Command[20101]
info: Onion.CleanArchitecture.WebApp.Server.Services.MicroserviceLauncherHostedService[0]
      [OrderAcceptService]       Executed DbCommand (2ms) [Parameters=[@now='?' (DbType = DateTime)], CommandType='Text', CommandTimeout='30']
info: Onion.CleanArchitecture.WebApp.Server.Services.MicroserviceLauncherHostedService[0]
      [OrderAcceptService]       SELECT o."Id", o."CreatedAt", o."CreatedBy", o."LastModifiedAt", o."LastModifiedBy", o."OrderId", o."Status", o."Timeout", o."TimerId", o."TimerStatus"
info: Onion.CleanArchitecture.WebApp.Server.Services.MicroserviceLauncherHostedService[0]
      [OrderAcceptService]       FROM "OrderTimers" AS o
info: Onion.CleanArchitecture.WebApp.Server.Services.MicroserviceLauncherHostedService[0]
      [OrderAcceptService]       WHERE o."TimerStatus" = 1 AND o."Timeout" <= @now
info: Onion.CleanArchitecture.WebApp.Server.Services.MicroserviceLauncherHostedService[0]
      [OrderAcceptService] info: Microsoft.EntityFrameworkCore.Database.Command[20101]
info: Onion.CleanArchitecture.WebApp.Server.Services.MicroserviceLauncherHostedService[0]
      [OrderAcceptService]       Executed DbCommand (1ms) [Parameters=[@now='?' (DbType = DateTime)], CommandType='Text', CommandTimeout='30']
info: Onion.CleanArchitecture.WebApp.Server.Services.MicroserviceLauncherHostedService[0]
      [OrderAcceptService]       SELECT o."Id", o."CreatedAt", o."CreatedBy", o."LastModifiedAt", o."LastModifiedBy", o."OrderId", o."Status", o."Timeout", o."TimerId", o."TimerStatus"
info: Onion.CleanArchitecture.WebApp.Server.Services.MicroserviceLauncherHostedService[0]
      [OrderAcceptService]       FROM "OrderTimers" AS o
info: Onion.CleanArchitecture.WebApp.Server.Services.MicroserviceLauncherHostedService[0]
      [OrderAcceptService]       WHERE o."TimerStatus" = 1 AND o."Timeout" <= @now
info: Onion.CleanArchitecture.WebApp.Server.Services.MicroserviceLauncherHostedService[0]
      [OrderAcceptService] info: Microsoft.EntityFrameworkCore.Database.Command[20101]
info: Onion.CleanArchitecture.WebApp.Server.Services.MicroserviceLauncherHostedService[0]
      [OrderAcceptService]       Executed DbCommand (1ms) [Parameters=[@now='?' (DbType = DateTime)], CommandType='Text', CommandTimeout='30']
info: Onion.CleanArchitecture.WebApp.Server.Services.MicroserviceLauncherHostedService[0]
      [OrderAcceptService]       SELECT o."Id", o."CreatedAt", o."CreatedBy", o."LastModifiedAt", o."LastModifiedBy", o."OrderId", o."Status", o."Timeout", o."TimerId", o."TimerStatus"
info: Onion.CleanArchitecture.WebApp.Server.Services.MicroserviceLauncherHostedService[0]
      [OrderAcceptService]       FROM "OrderTimers" AS o
info: Onion.CleanArchitecture.WebApp.Server.Services.MicroserviceLauncherHostedService[0]
      [OrderAcceptService]       WHERE o."TimerStatus" = 1 AND o."Timeout" <= @now
info: Onion.CleanArchitecture.WebApp.Server.Services.MicroserviceLauncherHostedService[0]
      [OrderAcceptService] info: Microsoft.EntityFrameworkCore.Database.Command[20101]
info: Onion.CleanArchitecture.WebApp.Server.Services.MicroserviceLauncherHostedService[0]
      [OrderAcceptService]       Executed DbCommand (1ms) [Parameters=[@now='?' (DbType = DateTime)], CommandType='Text', CommandTimeout='30']
info: Onion.CleanArchitecture.WebApp.Server.Services.MicroserviceLauncherHostedService[0]
      [OrderAcceptService]       SELECT o."Id", o."CreatedAt", o."CreatedBy", o."LastModifiedAt", o."LastModifiedBy", o."OrderId", o."Status", o."Timeout", o."TimerId", o."TimerStatus"
info: Onion.CleanArchitecture.WebApp.Server.Services.MicroserviceLauncherHostedService[0]
      [OrderAcceptService]       FROM "OrderTimers" AS o
info: Onion.CleanArchitecture.WebApp.Server.Services.MicroserviceLauncherHostedService[0]
      [OrderAcceptService]       WHERE o."TimerStatus" = 1 AND o."Timeout" <= @now
info: Onion.CleanArchitecture.WebApp.Server.Services.MicroserviceLauncherHostedService[0]
      [OrderAcceptService] info: Microsoft.EntityFrameworkCore.Database.Command[20101]
info: Onion.CleanArchitecture.WebApp.Server.Services.MicroserviceLauncherHostedService[0]
      [OrderAcceptService]       Executed DbCommand (1ms) [Parameters=[@now='?' (DbType = DateTime)], CommandType='Text', CommandTimeout='30']
info: Onion.CleanArchitecture.WebApp.Server.Services.MicroserviceLauncherHostedService[0]
      [OrderAcceptService]       SELECT o."Id", o."CreatedAt", o."CreatedBy", o."LastModifiedAt", o."LastModifiedBy", o."OrderId", o."Status", o."Timeout", o."TimerId", o."TimerStatus"
info: Onion.CleanArchitecture.WebApp.Server.Services.MicroserviceLauncherHostedService[0]
      [OrderAcceptService]       FROM "OrderTimers" AS o
info: Onion.CleanArchitecture.WebApp.Server.Services.MicroserviceLauncherHostedService[0]
      [OrderAcceptService]       WHERE o."TimerStatus" = 1 AND o."Timeout" <= @now
info: Onion.CleanArchitecture.WebApp.Server.Services.MicroserviceLauncherHostedService[0]
      [OrderAcceptService] info: Microsoft.EntityFrameworkCore.Database.Command[20101]
info: Onion.CleanArchitecture.WebApp.Server.Services.MicroserviceLauncherHostedService[0]
      [OrderAcceptService]       Executed DbCommand (6ms) [Parameters=[@now='?' (DbType = DateTime)], CommandType='Text', CommandTimeout='30']
info: Onion.CleanArchitecture.WebApp.Server.Services.MicroserviceLauncherHostedService[0]
      [OrderAcceptService]       SELECT o."Id", o."CreatedAt", o."CreatedBy", o."LastModifiedAt", o."LastModifiedBy", o."OrderId", o."Status", o."Timeout", o."TimerId", o."TimerStatus"
info: Onion.CleanArchitecture.WebApp.Server.Services.MicroserviceLauncherHostedService[0]
      [OrderAcceptService]       FROM "OrderTimers" AS o
info: Onion.CleanArchitecture.WebApp.Server.Services.MicroserviceLauncherHostedService[0]
      [OrderAcceptService]       WHERE o."TimerStatus" = 1 AND o."Timeout" <= @now
info: Onion.CleanArchitecture.WebApp.Server.Services.MicroserviceLauncherHostedService[0]
      [OrderAcceptService] info: Microsoft.EntityFrameworkCore.Database.Command[20101]
info: Onion.CleanArchitecture.WebApp.Server.Services.MicroserviceLauncherHostedService[0]
      [OrderAcceptService]       Executed DbCommand (1ms) [Parameters=[@now='?' (DbType = DateTime)], CommandType='Text', CommandTimeout='30']
info: Onion.CleanArchitecture.WebApp.Server.Services.MicroserviceLauncherHostedService[0]
      [OrderAcceptService]       SELECT o."Id", o."CreatedAt", o."CreatedBy", o."LastModifiedAt", o."LastModifiedBy", o."OrderId", o."Status", o."Timeout", o."TimerId", o."TimerStatus"
info: Onion.CleanArchitecture.WebApp.Server.Services.MicroserviceLauncherHostedService[0]
      [OrderAcceptService]       FROM "OrderTimers" AS o
info: Onion.CleanArchitecture.WebApp.Server.Services.MicroserviceLauncherHostedService[0]
      [OrderAcceptService]       WHERE o."TimerStatus" = 1 AND o."Timeout" <= @now
info: Onion.CleanArchitecture.WebApp.Server.Services.MicroserviceLauncherHostedService[0]
      [OrderAcceptService] info: Microsoft.EntityFrameworkCore.Database.Command[20101]
info: Onion.CleanArchitecture.WebApp.Server.Services.MicroserviceLauncherHostedService[0]
      [OrderAcceptService]       Executed DbCommand (1ms) [Parameters=[@now='?' (DbType = DateTime)], CommandType='Text', CommandTimeout='30']
info: Onion.CleanArchitecture.WebApp.Server.Services.MicroserviceLauncherHostedService[0]
      [OrderAcceptService]       SELECT o."Id", o."CreatedAt", o."CreatedBy", o."LastModifiedAt", o."LastModifiedBy", o."OrderId", o."Status", o."Timeout", o."TimerId", o."TimerStatus"
info: Onion.CleanArchitecture.WebApp.Server.Services.MicroserviceLauncherHostedService[0]
      [OrderAcceptService]       FROM "OrderTimers" AS o
info: Onion.CleanArchitecture.WebApp.Server.Services.MicroserviceLauncherHostedService[0]
      [OrderAcceptService]       WHERE o."TimerStatus" = 1 AND o."Timeout" <= @now
info: Onion.CleanArchitecture.WebApp.Server.Services.MicroserviceLauncherHostedService[0]
      [OrderAcceptService] info: Microsoft.EntityFrameworkCore.Database.Command[20101]
info: Onion.CleanArchitecture.WebApp.Server.Services.MicroserviceLauncherHostedService[0]
      [OrderAcceptService]       Executed DbCommand (1ms) [Parameters=[@now='?' (DbType = DateTime)], CommandType='Text', CommandTimeout='30']
info: Onion.CleanArchitecture.WebApp.Server.Services.MicroserviceLauncherHostedService[0]
      [OrderAcceptService]       SELECT o."Id", o."CreatedAt", o."CreatedBy", o."LastModifiedAt", o."LastModifiedBy", o."OrderId", o."Status", o."Timeout", o."TimerId", o."TimerStatus"
info: Onion.CleanArchitecture.WebApp.Server.Services.MicroserviceLauncherHostedService[0]
      [OrderAcceptService]       FROM "OrderTimers" AS o
info: Onion.CleanArchitecture.WebApp.Server.Services.MicroserviceLauncherHostedService[0]
      [OrderAcceptService]       WHERE o."TimerStatus" = 1 AND o."Timeout" <= @now
info: Onion.CleanArchitecture.WebApp.Server.Services.MicroserviceLauncherHostedService[0]
      [OrderAcceptService] info: Microsoft.EntityFrameworkCore.Database.Command[20101]
info: Onion.CleanArchitecture.WebApp.Server.Services.MicroserviceLauncherHostedService[0]
      [OrderAcceptService]       Executed DbCommand (1ms) [Parameters=[@now='?' (DbType = DateTime)], CommandType='Text', CommandTimeout='30']
info: Onion.CleanArchitecture.WebApp.Server.Services.MicroserviceLauncherHostedService[0]
      [OrderAcceptService]       SELECT o."Id", o."CreatedAt", o."CreatedBy", o."LastModifiedAt", o."LastModifiedBy", o."OrderId", o."Status", o."Timeout", o."TimerId", o."TimerStatus"
info: Onion.CleanArchitecture.WebApp.Server.Services.MicroserviceLauncherHostedService[0]
      [OrderAcceptService]       FROM "OrderTimers" AS o
info: Onion.CleanArchitecture.WebApp.Server.Services.MicroserviceLauncherHostedService[0]
      [OrderAcceptService]       WHERE o."TimerStatus" = 1 AND o."Timeout" <= @now
info: Onion.CleanArchitecture.WebApp.Server.Services.MicroserviceLauncherHostedService[0]
      [OrderAcceptService] info: Microsoft.EntityFrameworkCore.Database.Command[20101]
info: Onion.CleanArchitecture.WebApp.Server.Services.MicroserviceLauncherHostedService[0]
      [OrderAcceptService]       Executed DbCommand (1ms) [Parameters=[@now='?' (DbType = DateTime)], CommandType='Text', CommandTimeout='30']
info: Onion.CleanArchitecture.WebApp.Server.Services.MicroserviceLauncherHostedService[0]
      [OrderAcceptService]       SELECT o."Id", o."CreatedAt", o."CreatedBy", o."LastModifiedAt", o."LastModifiedBy", o."OrderId", o."Status", o."Timeout", o."TimerId", o."TimerStatus"
info: Onion.CleanArchitecture.WebApp.Server.Services.MicroserviceLauncherHostedService[0]
      [OrderAcceptService]       FROM "OrderTimers" AS o
info: Onion.CleanArchitecture.WebApp.Server.Services.MicroserviceLauncherHostedService[0]
      [OrderAcceptService]       WHERE o."TimerStatus" = 1 AND o."Timeout" <= @now
info: Onion.CleanArchitecture.WebApp.Server.Services.MicroserviceLauncherHostedService[0]
      [OrderAcceptService] info: Microsoft.EntityFrameworkCore.Database.Command[20101]
info: Onion.CleanArchitecture.WebApp.Server.Services.MicroserviceLauncherHostedService[0]
      [OrderAcceptService]       Executed DbCommand (3ms) [Parameters=[@now='?' (DbType = DateTime)], CommandType='Text', CommandTimeout='30']
info: Onion.CleanArchitecture.WebApp.Server.Services.MicroserviceLauncherHostedService[0]
      [OrderAcceptService]       SELECT o."Id", o."CreatedAt", o."CreatedBy", o."LastModifiedAt", o."LastModifiedBy", o."OrderId", o."Status", o."Timeout", o."TimerId", o."TimerStatus"
info: Onion.CleanArchitecture.WebApp.Server.Services.MicroserviceLauncherHostedService[0]
      [OrderAcceptService]       FROM "OrderTimers" AS o
info: Onion.CleanArchitecture.WebApp.Server.Services.MicroserviceLauncherHostedService[0]
      [OrderAcceptService]       WHERE o."TimerStatus" = 1 AND o."Timeout" <= @now
info: Onion.CleanArchitecture.WebApp.Server.Services.MicroserviceLauncherHostedService[0]
      [OrderAcceptService] info: Microsoft.EntityFrameworkCore.Database.Command[20101]
info: Onion.CleanArchitecture.WebApp.Server.Services.MicroserviceLauncherHostedService[0]
      [OrderAcceptService]       Executed DbCommand (4ms) [Parameters=[@now='?' (DbType = DateTime)], CommandType='Text', CommandTimeout='30']
info: Onion.CleanArchitecture.WebApp.Server.Services.MicroserviceLauncherHostedService[0]
      [OrderAcceptService]       SELECT o."Id", o."CreatedAt", o."CreatedBy", o."LastModifiedAt", o."LastModifiedBy", o."OrderId", o."Status", o."Timeout", o."TimerId", o."TimerStatus"
info: Onion.CleanArchitecture.WebApp.Server.Services.MicroserviceLauncherHostedService[0]
      [OrderAcceptService]       FROM "OrderTimers" AS o
info: Onion.CleanArchitecture.WebApp.Server.Services.MicroserviceLauncherHostedService[0]
      [OrderAcceptService]       WHERE o."TimerStatus" = 1 AND o."Timeout" <= @now
info: Onion.CleanArchitecture.WebApp.Server.Services.MicroserviceLauncherHostedService[0]
      [OrderAcceptService] info: Microsoft.EntityFrameworkCore.Database.Command[20101]
info: Onion.CleanArchitecture.WebApp.Server.Services.MicroserviceLauncherHostedService[0]
      [OrderAcceptService]       Executed DbCommand (1ms) [Parameters=[@now='?' (DbType = DateTime)], CommandType='Text', CommandTimeout='30']
info: Onion.CleanArchitecture.WebApp.Server.Services.MicroserviceLauncherHostedService[0]
      [OrderAcceptService]       SELECT o."Id", o."CreatedAt", o."CreatedBy", o."LastModifiedAt", o."LastModifiedBy", o."OrderId", o."Status", o."Timeout", o."TimerId", o."TimerStatus"
info: Onion.CleanArchitecture.WebApp.Server.Services.MicroserviceLauncherHostedService[0]
      [OrderAcceptService]       FROM "OrderTimers" AS o
info: Onion.CleanArchitecture.WebApp.Server.Services.MicroserviceLauncherHostedService[0]
      [OrderAcceptService]       WHERE o."TimerStatus" = 1 AND o."Timeout" <= @now
info: Onion.CleanArchitecture.WebApp.Server.Services.MicroserviceLauncherHostedService[0]
      [OrderAcceptService] info: Microsoft.EntityFrameworkCore.Database.Command[20101]
info: Onion.CleanArchitecture.WebApp.Server.Services.MicroserviceLauncherHostedService[0]
      [OrderAcceptService]       Executed DbCommand (1ms) [Parameters=[@now='?' (DbType = DateTime)], CommandType='Text', CommandTimeout='30']
info: Onion.CleanArchitecture.WebApp.Server.Services.MicroserviceLauncherHostedService[0]
      [OrderAcceptService]       SELECT o."Id", o."CreatedAt", o."CreatedBy", o."LastModifiedAt", o."LastModifiedBy", o."OrderId", o."Status", o."Timeout", o."TimerId", o."TimerStatus"
info: Onion.CleanArchitecture.WebApp.Server.Services.MicroserviceLauncherHostedService[0]
      [OrderAcceptService]       FROM "OrderTimers" AS o
info: Onion.CleanArchitecture.WebApp.Server.Services.MicroserviceLauncherHostedService[0]
      [OrderAcceptService]       WHERE o."TimerStatus" = 1 AND o."Timeout" <= @now
info: Onion.CleanArchitecture.WebApp.Server.Services.MicroserviceLauncherHostedService[0]
      [OrderAcceptService] info: Microsoft.EntityFrameworkCore.Database.Command[20101]
info: Onion.CleanArchitecture.WebApp.Server.Services.MicroserviceLauncherHostedService[0]
      [OrderAcceptService]       Executed DbCommand (1ms) [Parameters=[@now='?' (DbType = DateTime)], CommandType='Text', CommandTimeout='30']
info: Onion.CleanArchitecture.WebApp.Server.Services.MicroserviceLauncherHostedService[0]
      [OrderAcceptService]       SELECT o."Id", o."CreatedAt", o."CreatedBy", o."LastModifiedAt", o."LastModifiedBy", o."OrderId", o."Status", o."Timeout", o."TimerId", o."TimerStatus"
info: Onion.CleanArchitecture.WebApp.Server.Services.MicroserviceLauncherHostedService[0]
      [OrderAcceptService]       FROM "OrderTimers" AS o
info: Onion.CleanArchitecture.WebApp.Server.Services.MicroserviceLauncherHostedService[0]
      [OrderAcceptService]       WHERE o."TimerStatus" = 1 AND o."Timeout" <= @now
info: Onion.CleanArchitecture.WebApp.Server.Services.MicroserviceLauncherHostedService[0]
      [OrderAcceptService] info: Microsoft.EntityFrameworkCore.Database.Command[20101]
info: Onion.CleanArchitecture.WebApp.Server.Services.MicroserviceLauncherHostedService[0]
      [OrderAcceptService]       Executed DbCommand (5ms) [Parameters=[@now='?' (DbType = DateTime)], CommandType='Text', CommandTimeout='30']
info: Onion.CleanArchitecture.WebApp.Server.Services.MicroserviceLauncherHostedService[0]
      [OrderAcceptService]       SELECT o."Id", o."CreatedAt", o."CreatedBy", o."LastModifiedAt", o."LastModifiedBy", o."OrderId", o."Status", o."Timeout", o."TimerId", o."TimerStatus"
info: Onion.CleanArchitecture.WebApp.Server.Services.MicroserviceLauncherHostedService[0]
      [OrderAcceptService]       FROM "OrderTimers" AS o
info: Onion.CleanArchitecture.WebApp.Server.Services.MicroserviceLauncherHostedService[0]
      [OrderAcceptService]       WHERE o."TimerStatus" = 1 AND o."Timeout" <= @now
info: Onion.CleanArchitecture.WebApp.Server.Services.MicroserviceLauncherHostedService[0]
      [OrderAcceptService] info: Microsoft.EntityFrameworkCore.Database.Command[20101]
info: Onion.CleanArchitecture.WebApp.Server.Services.MicroserviceLauncherHostedService[0]
      [OrderAcceptService]       Executed DbCommand (1ms) [Parameters=[@now='?' (DbType = DateTime)], CommandType='Text', CommandTimeout='30']
info: Onion.CleanArchitecture.WebApp.Server.Services.MicroserviceLauncherHostedService[0]
      [OrderAcceptService]       SELECT o."Id", o."CreatedAt", o."CreatedBy", o."LastModifiedAt", o."LastModifiedBy", o."OrderId", o."Status", o."Timeout", o."TimerId", o."TimerStatus"
info: Onion.CleanArchitecture.WebApp.Server.Services.MicroserviceLauncherHostedService[0]
      [OrderAcceptService]       FROM "OrderTimers" AS o
info: Onion.CleanArchitecture.WebApp.Server.Services.MicroserviceLauncherHostedService[0]
      [OrderAcceptService]       WHERE o."TimerStatus" = 1 AND o."Timeout" <= @now
info: Onion.CleanArchitecture.WebApp.Server.Services.MicroserviceLauncherHostedService[0]
      [OrderAcceptService] info: Microsoft.EntityFrameworkCore.Database.Command[20101]
info: Onion.CleanArchitecture.WebApp.Server.Services.MicroserviceLauncherHostedService[0]
      [OrderAcceptService]       Executed DbCommand (1ms) [Parameters=[@now='?' (DbType = DateTime)], CommandType='Text', CommandTimeout='30']
info: Onion.CleanArchitecture.WebApp.Server.Services.MicroserviceLauncherHostedService[0]
      [OrderAcceptService]       SELECT o."Id", o."CreatedAt", o."CreatedBy", o."LastModifiedAt", o."LastModifiedBy", o."OrderId", o."Status", o."Timeout", o."TimerId", o."TimerStatus"
info: Onion.CleanArchitecture.WebApp.Server.Services.MicroserviceLauncherHostedService[0]
      [OrderAcceptService]       FROM "OrderTimers" AS o
info: Onion.CleanArchitecture.WebApp.Server.Services.MicroserviceLauncherHostedService[0]
      [OrderAcceptService]       WHERE o."TimerStatus" = 1 AND o."Timeout" <= @now
info: Onion.CleanArchitecture.WebApp.Server.Services.MicroserviceLauncherHostedService[0]
      [OrderAcceptService] info: Microsoft.EntityFrameworkCore.Database.Command[20101]
info: Onion.CleanArchitecture.WebApp.Server.Services.MicroserviceLauncherHostedService[0]
      [OrderAcceptService]       Executed DbCommand (1ms) [Parameters=[@now='?' (DbType = DateTime)], CommandType='Text', CommandTimeout='30']
info: Onion.CleanArchitecture.WebApp.Server.Services.MicroserviceLauncherHostedService[0]
      [OrderAcceptService]       SELECT o."Id", o."CreatedAt", o."CreatedBy", o."LastModifiedAt", o."LastModifiedBy", o."OrderId", o."Status", o."Timeout", o."TimerId", o."TimerStatus"
info: Onion.CleanArchitecture.WebApp.Server.Services.MicroserviceLauncherHostedService[0]
      [OrderAcceptService]       FROM "OrderTimers" AS o
info: Onion.CleanArchitecture.WebApp.Server.Services.MicroserviceLauncherHostedService[0]
      [OrderAcceptService]       WHERE o."TimerStatus" = 1 AND o."Timeout" <= @now
info: Onion.CleanArchitecture.WebApp.Server.Services.MicroserviceLauncherHostedService[0]
      [OrderAcceptService] info: Microsoft.EntityFrameworkCore.Database.Command[20101]
info: Onion.CleanArchitecture.WebApp.Server.Services.MicroserviceLauncherHostedService[0]
      [OrderAcceptService]       Executed DbCommand (1ms) [Parameters=[@now='?' (DbType = DateTime)], CommandType='Text', CommandTimeout='30']
info: Onion.CleanArchitecture.WebApp.Server.Services.MicroserviceLauncherHostedService[0]
      [OrderAcceptService]       SELECT o."Id", o."CreatedAt", o."CreatedBy", o."LastModifiedAt", o."LastModifiedBy", o."OrderId", o."Status", o."Timeout", o."TimerId", o."TimerStatus"
info: Onion.CleanArchitecture.WebApp.Server.Services.MicroserviceLauncherHostedService[0]
      [OrderAcceptService]       FROM "OrderTimers" AS o
info: Onion.CleanArchitecture.WebApp.Server.Services.MicroserviceLauncherHostedService[0]
      [OrderAcceptService]       WHERE o."TimerStatus" = 1 AND o."Timeout" <= @now
info: Onion.CleanArchitecture.WebApp.Server.Services.MicroserviceLauncherHostedService[0]
      [OrderAcceptService] info: Microsoft.EntityFrameworkCore.Database.Command[20101]
info: Onion.CleanArchitecture.WebApp.Server.Services.MicroserviceLauncherHostedService[0]
      [OrderAcceptService]       Executed DbCommand (1ms) [Parameters=[@now='?' (DbType = DateTime)], CommandType='Text', CommandTimeout='30']
info: Onion.CleanArchitecture.WebApp.Server.Services.MicroserviceLauncherHostedService[0]
      [OrderAcceptService]       SELECT o."Id", o."CreatedAt", o."CreatedBy", o."LastModifiedAt", o."LastModifiedBy", o."OrderId", o."Status", o."Timeout", o."TimerId", o."TimerStatus"
info: Onion.CleanArchitecture.WebApp.Server.Services.MicroserviceLauncherHostedService[0]
      [OrderAcceptService]       FROM "OrderTimers" AS o
info: Onion.CleanArchitecture.WebApp.Server.Services.MicroserviceLauncherHostedService[0]
      [OrderAcceptService]       WHERE o."TimerStatus" = 1 AND o."Timeout" <= @now
info: Onion.CleanArchitecture.WebApp.Server.Services.MicroserviceLauncherHostedService[0]
      [OrderAcceptService] info: Microsoft.EntityFrameworkCore.Database.Command[20101]
info: Onion.CleanArchitecture.WebApp.Server.Services.MicroserviceLauncherHostedService[0]
      [OrderAcceptService]       Executed DbCommand (1ms) [Parameters=[@now='?' (DbType = DateTime)], CommandType='Text', CommandTimeout='30']
info: Onion.CleanArchitecture.WebApp.Server.Services.MicroserviceLauncherHostedService[0]
      [OrderAcceptService]       SELECT o."Id", o."CreatedAt", o."CreatedBy", o."LastModifiedAt", o."LastModifiedBy", o."OrderId", o."Status", o."Timeout", o."TimerId", o."TimerStatus"
info: Onion.CleanArchitecture.WebApp.Server.Services.MicroserviceLauncherHostedService[0]
      [OrderAcceptService]       FROM "OrderTimers" AS o
info: Onion.CleanArchitecture.WebApp.Server.Services.MicroserviceLauncherHostedService[0]
      [OrderAcceptService]       WHERE o."TimerStatus" = 1 AND o."Timeout" <= @now
info: Onion.CleanArchitecture.WebApp.Server.Services.MicroserviceLauncherHostedService[0]
      [OrderAcceptService] info: Microsoft.EntityFrameworkCore.Database.Command[20101]
info: Onion.CleanArchitecture.WebApp.Server.Services.MicroserviceLauncherHostedService[0]
      [OrderAcceptService]       Executed DbCommand (1ms) [Parameters=[@now='?' (DbType = DateTime)], CommandType='Text', CommandTimeout='30']
info: Onion.CleanArchitecture.WebApp.Server.Services.MicroserviceLauncherHostedService[0]
      [OrderAcceptService]       SELECT o."Id", o."CreatedAt", o."CreatedBy", o."LastModifiedAt", o."LastModifiedBy", o."OrderId", o."Status", o."Timeout", o."TimerId", o."TimerStatus"
info: Onion.CleanArchitecture.WebApp.Server.Services.MicroserviceLauncherHostedService[0]
      [OrderAcceptService]       FROM "OrderTimers" AS o
info: Onion.CleanArchitecture.WebApp.Server.Services.MicroserviceLauncherHostedService[0]
      [OrderAcceptService]       WHERE o."TimerStatus" = 1 AND o."Timeout" <= @now
info: Onion.CleanArchitecture.WebApp.Server.Services.MicroserviceLauncherHostedService[0]
      [OrderAcceptService] info: Microsoft.EntityFrameworkCore.Database.Command[20101]
info: Onion.CleanArchitecture.WebApp.Server.Services.MicroserviceLauncherHostedService[0]
      [OrderAcceptService]       Executed DbCommand (1ms) [Parameters=[@now='?' (DbType = DateTime)], CommandType='Text', CommandTimeout='30']
info: Onion.CleanArchitecture.WebApp.Server.Services.MicroserviceLauncherHostedService[0]
      [OrderAcceptService]       SELECT o."Id", o."CreatedAt", o."CreatedBy", o."LastModifiedAt", o."LastModifiedBy", o."OrderId", o."Status", o."Timeout", o."TimerId", o."TimerStatus"
info: Onion.CleanArchitecture.WebApp.Server.Services.MicroserviceLauncherHostedService[0]
      [OrderAcceptService]       FROM "OrderTimers" AS o
info: Onion.CleanArchitecture.WebApp.Server.Services.MicroserviceLauncherHostedService[0]
      [OrderAcceptService]       WHERE o."TimerStatus" = 1 AND o."Timeout" <= @now
info: Onion.CleanArchitecture.WebApp.Server.Services.MicroserviceLauncherHostedService[0]
      [OrderAcceptService] info: Microsoft.EntityFrameworkCore.Database.Command[20101]
info: Onion.CleanArchitecture.WebApp.Server.Services.MicroserviceLauncherHostedService[0]
      [OrderAcceptService]       Executed DbCommand (1ms) [Parameters=[@now='?' (DbType = DateTime)], CommandType='Text', CommandTimeout='30']
info: Onion.CleanArchitecture.WebApp.Server.Services.MicroserviceLauncherHostedService[0]
      [OrderAcceptService]       SELECT o."Id", o."CreatedAt", o."CreatedBy", o."LastModifiedAt", o."LastModifiedBy", o."OrderId", o."Status", o."Timeout", o."TimerId", o."TimerStatus"
info: Onion.CleanArchitecture.WebApp.Server.Services.MicroserviceLauncherHostedService[0]
      [OrderAcceptService]       FROM "OrderTimers" AS o
info: Onion.CleanArchitecture.WebApp.Server.Services.MicroserviceLauncherHostedService[0]
      [OrderAcceptService]       WHERE o."TimerStatus" = 1 AND o."Timeout" <= @now
info: Onion.CleanArchitecture.WebApp.Server.Services.MicroserviceLauncherHostedService[0]
      [OrderAcceptService] info: Microsoft.EntityFrameworkCore.Database.Command[20101]
info: Onion.CleanArchitecture.WebApp.Server.Services.MicroserviceLauncherHostedService[0]
      [OrderAcceptService]       Executed DbCommand (1ms) [Parameters=[@now='?' (DbType = DateTime)], CommandType='Text', CommandTimeout='30']
info: Onion.CleanArchitecture.WebApp.Server.Services.MicroserviceLauncherHostedService[0]
      [OrderAcceptService]       SELECT o."Id", o."CreatedAt", o."CreatedBy", o."LastModifiedAt", o."LastModifiedBy", o."OrderId", o."Status", o."Timeout", o."TimerId", o."TimerStatus"
info: Onion.CleanArchitecture.WebApp.Server.Services.MicroserviceLauncherHostedService[0]
      [OrderAcceptService]       FROM "OrderTimers" AS o
info: Onion.CleanArchitecture.WebApp.Server.Services.MicroserviceLauncherHostedService[0]
      [OrderAcceptService]       WHERE o."TimerStatus" = 1 AND o."Timeout" <= @now
info: Onion.CleanArchitecture.WebApp.Server.Services.MicroserviceLauncherHostedService[0]
      [OrderAcceptService] info: Microsoft.EntityFrameworkCore.Database.Command[20101]
info: Onion.CleanArchitecture.WebApp.Server.Services.MicroserviceLauncherHostedService[0]
      [OrderAcceptService]       Executed DbCommand (4ms) [Parameters=[@now='?' (DbType = DateTime)], CommandType='Text', CommandTimeout='30']
info: Onion.CleanArchitecture.WebApp.Server.Services.MicroserviceLauncherHostedService[0]
      [OrderAcceptService]       SELECT o."Id", o."CreatedAt", o."CreatedBy", o."LastModifiedAt", o."LastModifiedBy", o."OrderId", o."Status", o."Timeout", o."TimerId", o."TimerStatus"
info: Onion.CleanArchitecture.WebApp.Server.Services.MicroserviceLauncherHostedService[0]
      [OrderAcceptService]       FROM "OrderTimers" AS o
info: Onion.CleanArchitecture.WebApp.Server.Services.MicroserviceLauncherHostedService[0]
      [OrderAcceptService]       WHERE o."TimerStatus" = 1 AND o."Timeout" <= @now
info: Onion.CleanArchitecture.WebApp.Server.Services.MicroserviceLauncherHostedService[0]
      [OrderAcceptService] info: Microsoft.EntityFrameworkCore.Database.Command[20101]
info: Onion.CleanArchitecture.WebApp.Server.Services.MicroserviceLauncherHostedService[0]
      [OrderAcceptService]       Executed DbCommand (1ms) [Parameters=[@now='?' (DbType = DateTime)], CommandType='Text', CommandTimeout='30']
info: Onion.CleanArchitecture.WebApp.Server.Services.MicroserviceLauncherHostedService[0]
      [OrderAcceptService]       SELECT o."Id", o."CreatedAt", o."CreatedBy", o."LastModifiedAt", o."LastModifiedBy", o."OrderId", o."Status", o."Timeout", o."TimerId", o."TimerStatus"
info: Onion.CleanArchitecture.WebApp.Server.Services.MicroserviceLauncherHostedService[0]
      [OrderAcceptService]       FROM "OrderTimers" AS o
info: Onion.CleanArchitecture.WebApp.Server.Services.MicroserviceLauncherHostedService[0]
      [OrderAcceptService]       WHERE o."TimerStatus" = 1 AND o."Timeout" <= @now
info: Onion.CleanArchitecture.WebApp.Server.Services.MicroserviceLauncherHostedService[0]
      [OrderAcceptService] info: Microsoft.EntityFrameworkCore.Database.Command[20101]
info: Onion.CleanArchitecture.WebApp.Server.Services.MicroserviceLauncherHostedService[0]
      [OrderAcceptService]       Executed DbCommand (1ms) [Parameters=[@now='?' (DbType = DateTime)], CommandType='Text', CommandTimeout='30']
info: Onion.CleanArchitecture.WebApp.Server.Services.MicroserviceLauncherHostedService[0]
      [OrderAcceptService]       SELECT o."Id", o."CreatedAt", o."CreatedBy", o."LastModifiedAt", o."LastModifiedBy", o."OrderId", o."Status", o."Timeout", o."TimerId", o."TimerStatus"
info: Onion.CleanArchitecture.WebApp.Server.Services.MicroserviceLauncherHostedService[0]
      [OrderAcceptService]       FROM "OrderTimers" AS o
info: Onion.CleanArchitecture.WebApp.Server.Services.MicroserviceLauncherHostedService[0]
      [OrderAcceptService]       WHERE o."TimerStatus" = 1 AND o."Timeout" <= @now
info: Onion.CleanArchitecture.WebApp.Server.Services.MicroserviceLauncherHostedService[0]
      [OrderAcceptService] info: Microsoft.EntityFrameworkCore.Database.Command[20101]
info: Onion.CleanArchitecture.WebApp.Server.Services.MicroserviceLauncherHostedService[0]
      [OrderAcceptService]       Executed DbCommand (2ms) [Parameters=[@now='?' (DbType = DateTime)], CommandType='Text', CommandTimeout='30']
info: Onion.CleanArchitecture.WebApp.Server.Services.MicroserviceLauncherHostedService[0]
      [OrderAcceptService]       SELECT o."Id", o."CreatedAt", o."CreatedBy", o."LastModifiedAt", o."LastModifiedBy", o."OrderId", o."Status", o."Timeout", o."TimerId", o."TimerStatus"
info: Onion.CleanArchitecture.WebApp.Server.Services.MicroserviceLauncherHostedService[0]
      [OrderAcceptService]       FROM "OrderTimers" AS o
info: Onion.CleanArchitecture.WebApp.Server.Services.MicroserviceLauncherHostedService[0]
      [OrderAcceptService]       WHERE o."TimerStatus" = 1 AND o."Timeout" <= @now
info: Onion.CleanArchitecture.WebApp.Server.Services.MicroserviceLauncherHostedService[0]
      [OrderAcceptService] info: Microsoft.EntityFrameworkCore.Database.Command[20101]
info: Onion.CleanArchitecture.WebApp.Server.Services.MicroserviceLauncherHostedService[0]
      [OrderAcceptService]       Executed DbCommand (1ms) [Parameters=[@now='?' (DbType = DateTime)], CommandType='Text', CommandTimeout='30']
info: Onion.CleanArchitecture.WebApp.Server.Services.MicroserviceLauncherHostedService[0]
      [OrderAcceptService]       SELECT o."Id", o."CreatedAt", o."CreatedBy", o."LastModifiedAt", o."LastModifiedBy", o."OrderId", o."Status", o."Timeout", o."TimerId", o."TimerStatus"
info: Onion.CleanArchitecture.WebApp.Server.Services.MicroserviceLauncherHostedService[0]
      [OrderAcceptService]       FROM "OrderTimers" AS o
info: Onion.CleanArchitecture.WebApp.Server.Services.MicroserviceLauncherHostedService[0]
      [OrderAcceptService]       WHERE o."TimerStatus" = 1 AND o."Timeout" <= @now
info: Onion.CleanArchitecture.WebApp.Server.Services.MicroserviceLauncherHostedService[0]
      [OrderAcceptService] info: Microsoft.EntityFrameworkCore.Database.Command[20101]
info: Onion.CleanArchitecture.WebApp.Server.Services.MicroserviceLauncherHostedService[0]
      [OrderAcceptService]       Executed DbCommand (1ms) [Parameters=[@now='?' (DbType = DateTime)], CommandType='Text', CommandTimeout='30']
info: Onion.CleanArchitecture.WebApp.Server.Services.MicroserviceLauncherHostedService[0]
      [OrderAcceptService]       SELECT o."Id", o."CreatedAt", o."CreatedBy", o."LastModifiedAt", o."LastModifiedBy", o."OrderId", o."Status", o."Timeout", o."TimerId", o."TimerStatus"
info: Onion.CleanArchitecture.WebApp.Server.Services.MicroserviceLauncherHostedService[0]
      [OrderAcceptService]       FROM "OrderTimers" AS o
info: Onion.CleanArchitecture.WebApp.Server.Services.MicroserviceLauncherHostedService[0]
      [OrderAcceptService]       WHERE o."TimerStatus" = 1 AND o."Timeout" <= @now
info: Onion.CleanArchitecture.WebApp.Server.Services.MicroserviceLauncherHostedService[0]
      [OrderAcceptService] info: Microsoft.EntityFrameworkCore.Database.Command[20101]
info: Onion.CleanArchitecture.WebApp.Server.Services.MicroserviceLauncherHostedService[0]
      [OrderAcceptService]       Executed DbCommand (1ms) [Parameters=[@now='?' (DbType = DateTime)], CommandType='Text', CommandTimeout='30']
info: Onion.CleanArchitecture.WebApp.Server.Services.MicroserviceLauncherHostedService[0]
      [OrderAcceptService]       SELECT o."Id", o."CreatedAt", o."CreatedBy", o."LastModifiedAt", o."LastModifiedBy", o."OrderId", o."Status", o."Timeout", o."TimerId", o."TimerStatus"
info: Onion.CleanArchitecture.WebApp.Server.Services.MicroserviceLauncherHostedService[0]
      [OrderAcceptService]       FROM "OrderTimers" AS o
info: Onion.CleanArchitecture.WebApp.Server.Services.MicroserviceLauncherHostedService[0]
      [OrderAcceptService]       WHERE o."TimerStatus" = 1 AND o."Timeout" <= @now
info: Onion.CleanArchitecture.WebApp.Server.Services.MicroserviceLauncherHostedService[0]
      [OrderAcceptService] info: Microsoft.EntityFrameworkCore.Database.Command[20101]
info: Onion.CleanArchitecture.WebApp.Server.Services.MicroserviceLauncherHostedService[0]
      [OrderAcceptService]       Executed DbCommand (1ms) [Parameters=[@now='?' (DbType = DateTime)], CommandType='Text', CommandTimeout='30']
info: Onion.CleanArchitecture.WebApp.Server.Services.MicroserviceLauncherHostedService[0]
      [OrderAcceptService]       SELECT o."Id", o."CreatedAt", o."CreatedBy", o."LastModifiedAt", o."LastModifiedBy", o."OrderId", o."Status", o."Timeout", o."TimerId", o."TimerStatus"
info: Onion.CleanArchitecture.WebApp.Server.Services.MicroserviceLauncherHostedService[0]
      [OrderAcceptService]       FROM "OrderTimers" AS o
info: Onion.CleanArchitecture.WebApp.Server.Services.MicroserviceLauncherHostedService[0]
      [OrderAcceptService]       WHERE o."TimerStatus" = 1 AND o."Timeout" <= @now
info: Onion.CleanArchitecture.WebApp.Server.Services.MicroserviceLauncherHostedService[0]
      [OrderAcceptService] info: Microsoft.EntityFrameworkCore.Database.Command[20101]
info: Onion.CleanArchitecture.WebApp.Server.Services.MicroserviceLauncherHostedService[0]
      [OrderAcceptService]       Executed DbCommand (1ms) [Parameters=[@now='?' (DbType = DateTime)], CommandType='Text', CommandTimeout='30']
info: Onion.CleanArchitecture.WebApp.Server.Services.MicroserviceLauncherHostedService[0]
      [OrderAcceptService]       SELECT o."Id", o."CreatedAt", o."CreatedBy", o."LastModifiedAt", o."LastModifiedBy", o."OrderId", o."Status", o."Timeout", o."TimerId", o."TimerStatus"
info: Onion.CleanArchitecture.WebApp.Server.Services.MicroserviceLauncherHostedService[0]
      [OrderAcceptService]       FROM "OrderTimers" AS o
info: Onion.CleanArchitecture.WebApp.Server.Services.MicroserviceLauncherHostedService[0]
      [OrderAcceptService]       WHERE o."TimerStatus" = 1 AND o."Timeout" <= @now
info: Onion.CleanArchitecture.WebApp.Server.Services.MicroserviceLauncherHostedService[0]
      [OrderAcceptService] info: Microsoft.EntityFrameworkCore.Database.Command[20101]
info: Onion.CleanArchitecture.WebApp.Server.Services.MicroserviceLauncherHostedService[0]
      [OrderAcceptService]       Executed DbCommand (1ms) [Parameters=[@now='?' (DbType = DateTime)], CommandType='Text', CommandTimeout='30']
info: Onion.CleanArchitecture.WebApp.Server.Services.MicroserviceLauncherHostedService[0]
      [OrderAcceptService]       SELECT o."Id", o."CreatedAt", o."CreatedBy", o."LastModifiedAt", o."LastModifiedBy", o."OrderId", o."Status", o."Timeout", o."TimerId", o."TimerStatus"
info: Onion.CleanArchitecture.WebApp.Server.Services.MicroserviceLauncherHostedService[0]
      [OrderAcceptService]       FROM "OrderTimers" AS o
info: Onion.CleanArchitecture.WebApp.Server.Services.MicroserviceLauncherHostedService[0]
      [OrderAcceptService]       WHERE o."TimerStatus" = 1 AND o."Timeout" <= @now
info: Onion.CleanArchitecture.WebApp.Server.Services.MicroserviceLauncherHostedService[0]
      [OrderAcceptService] info: Microsoft.EntityFrameworkCore.Database.Command[20101]
info: Onion.CleanArchitecture.WebApp.Server.Services.MicroserviceLauncherHostedService[0]
      [OrderAcceptService]       Executed DbCommand (1ms) [Parameters=[@now='?' (DbType = DateTime)], CommandType='Text', CommandTimeout='30']
info: Onion.CleanArchitecture.WebApp.Server.Services.MicroserviceLauncherHostedService[0]
      [OrderAcceptService]       SELECT o."Id", o."CreatedAt", o."CreatedBy", o."LastModifiedAt", o."LastModifiedBy", o."OrderId", o."Status", o."Timeout", o."TimerId", o."TimerStatus"
info: Onion.CleanArchitecture.WebApp.Server.Services.MicroserviceLauncherHostedService[0]
      [OrderAcceptService]       FROM "OrderTimers" AS o
info: Onion.CleanArchitecture.WebApp.Server.Services.MicroserviceLauncherHostedService[0]
      [OrderAcceptService]       WHERE o."TimerStatus" = 1 AND o."Timeout" <= @now
info: Onion.CleanArchitecture.WebApp.Server.Services.MicroserviceLauncherHostedService[0]
      [OrderAcceptService] info: Microsoft.EntityFrameworkCore.Database.Command[20101]
info: Onion.CleanArchitecture.WebApp.Server.Services.MicroserviceLauncherHostedService[0]
      [OrderAcceptService]       Executed DbCommand (3ms) [Parameters=[@now='?' (DbType = DateTime)], CommandType='Text', CommandTimeout='30']
info: Onion.CleanArchitecture.WebApp.Server.Services.MicroserviceLauncherHostedService[0]
      [OrderAcceptService]       SELECT o."Id", o."CreatedAt", o."CreatedBy", o."LastModifiedAt", o."LastModifiedBy", o."OrderId", o."Status", o."Timeout", o."TimerId", o."TimerStatus"
info: Onion.CleanArchitecture.WebApp.Server.Services.MicroserviceLauncherHostedService[0]
      [OrderAcceptService]       FROM "OrderTimers" AS o
info: Onion.CleanArchitecture.WebApp.Server.Services.MicroserviceLauncherHostedService[0]
      [OrderAcceptService]       WHERE o."TimerStatus" = 1 AND o."Timeout" <= @now
info: Onion.CleanArchitecture.WebApp.Server.Services.MicroserviceLauncherHostedService[0]
      [OrderAcceptService] info: Microsoft.EntityFrameworkCore.Database.Command[20101]
info: Onion.CleanArchitecture.WebApp.Server.Services.MicroserviceLauncherHostedService[0]
      [OrderAcceptService]       Executed DbCommand (1ms) [Parameters=[@now='?' (DbType = DateTime)], CommandType='Text', CommandTimeout='30']
info: Onion.CleanArchitecture.WebApp.Server.Services.MicroserviceLauncherHostedService[0]
      [OrderAcceptService]       SELECT o."Id", o."CreatedAt", o."CreatedBy", o."LastModifiedAt", o."LastModifiedBy", o."OrderId", o."Status", o."Timeout", o."TimerId", o."TimerStatus"
info: Onion.CleanArchitecture.WebApp.Server.Services.MicroserviceLauncherHostedService[0]
      [OrderAcceptService]       FROM "OrderTimers" AS o
info: Onion.CleanArchitecture.WebApp.Server.Services.MicroserviceLauncherHostedService[0]
      [OrderAcceptService]       WHERE o."TimerStatus" = 1 AND o."Timeout" <= @now
info: Onion.CleanArchitecture.WebApp.Server.Services.MicroserviceLauncherHostedService[0]
      [OrderAcceptService] info: Microsoft.EntityFrameworkCore.Database.Command[20101]
info: Onion.CleanArchitecture.WebApp.Server.Services.MicroserviceLauncherHostedService[0]
      [OrderAcceptService]       Executed DbCommand (1ms) [Parameters=[@now='?' (DbType = DateTime)], CommandType='Text', CommandTimeout='30']
info: Onion.CleanArchitecture.WebApp.Server.Services.MicroserviceLauncherHostedService[0]
      [OrderAcceptService]       SELECT o."Id", o."CreatedAt", o."CreatedBy", o."LastModifiedAt", o."LastModifiedBy", o."OrderId", o."Status", o."Timeout", o."TimerId", o."TimerStatus"
info: Onion.CleanArchitecture.WebApp.Server.Services.MicroserviceLauncherHostedService[0]
      [OrderAcceptService]       FROM "OrderTimers" AS o
info: Onion.CleanArchitecture.WebApp.Server.Services.MicroserviceLauncherHostedService[0]
      [OrderAcceptService]       WHERE o."TimerStatus" = 1 AND o."Timeout" <= @now
info: Onion.CleanArchitecture.WebApp.Server.Services.MicroserviceLauncherHostedService[0]
      [OrderAcceptService] info: Microsoft.EntityFrameworkCore.Database.Command[20101]
info: Onion.CleanArchitecture.WebApp.Server.Services.MicroserviceLauncherHostedService[0]
      [OrderAcceptService]       Executed DbCommand (1ms) [Parameters=[@now='?' (DbType = DateTime)], CommandType='Text', CommandTimeout='30']
info: Onion.CleanArchitecture.WebApp.Server.Services.MicroserviceLauncherHostedService[0]
      [OrderAcceptService]       SELECT o."Id", o."CreatedAt", o."CreatedBy", o."LastModifiedAt", o."LastModifiedBy", o."OrderId", o."Status", o."Timeout", o."TimerId", o."TimerStatus"
info: Onion.CleanArchitecture.WebApp.Server.Services.MicroserviceLauncherHostedService[0]
      [OrderAcceptService]       FROM "OrderTimers" AS o
info: Onion.CleanArchitecture.WebApp.Server.Services.MicroserviceLauncherHostedService[0]
      [OrderAcceptService]       WHERE o."TimerStatus" = 1 AND o."Timeout" <= @now
info: Onion.CleanArchitecture.WebApp.Server.Services.MicroserviceLauncherHostedService[0]
      [OrderAcceptService] info: Microsoft.EntityFrameworkCore.Database.Command[20101]
info: Onion.CleanArchitecture.WebApp.Server.Services.MicroserviceLauncherHostedService[0]
      [OrderAcceptService]       Executed DbCommand (1ms) [Parameters=[@now='?' (DbType = DateTime)], CommandType='Text', CommandTimeout='30']
info: Onion.CleanArchitecture.WebApp.Server.Services.MicroserviceLauncherHostedService[0]
      [OrderAcceptService]       SELECT o."Id", o."CreatedAt", o."CreatedBy", o."LastModifiedAt", o."LastModifiedBy", o."OrderId", o."Status", o."Timeout", o."TimerId", o."TimerStatus"
info: Onion.CleanArchitecture.WebApp.Server.Services.MicroserviceLauncherHostedService[0]
      [OrderAcceptService]       FROM "OrderTimers" AS o
info: Onion.CleanArchitecture.WebApp.Server.Services.MicroserviceLauncherHostedService[0]
      [OrderAcceptService]       WHERE o."TimerStatus" = 1 AND o."Timeout" <= @now
info: Onion.CleanArchitecture.WebApp.Server.Services.MicroserviceLauncherHostedService[0]
      [OrderAcceptService] info: Microsoft.EntityFrameworkCore.Database.Command[20101]
info: Onion.CleanArchitecture.WebApp.Server.Services.MicroserviceLauncherHostedService[0]
      [OrderAcceptService]       Executed DbCommand (1ms) [Parameters=[@now='?' (DbType = DateTime)], CommandType='Text', CommandTimeout='30']
info: Onion.CleanArchitecture.WebApp.Server.Services.MicroserviceLauncherHostedService[0]
      [OrderAcceptService]       SELECT o."Id", o."CreatedAt", o."CreatedBy", o."LastModifiedAt", o."LastModifiedBy", o."OrderId", o."Status", o."Timeout", o."TimerId", o."TimerStatus"
info: Onion.CleanArchitecture.WebApp.Server.Services.MicroserviceLauncherHostedService[0]
      [OrderAcceptService]       FROM "OrderTimers" AS o
info: Onion.CleanArchitecture.WebApp.Server.Services.MicroserviceLauncherHostedService[0]
      [OrderAcceptService]       WHERE o."TimerStatus" = 1 AND o."Timeout" <= @now
info: Onion.CleanArchitecture.WebApp.Server.Services.MicroserviceLauncherHostedService[0]
      [OrderAcceptService] info: Microsoft.EntityFrameworkCore.Database.Command[20101]
info: Onion.CleanArchitecture.WebApp.Server.Services.MicroserviceLauncherHostedService[0]
      [OrderAcceptService]       Executed DbCommand (1ms) [Parameters=[@now='?' (DbType = DateTime)], CommandType='Text', CommandTimeout='30']
info: Onion.CleanArchitecture.WebApp.Server.Services.MicroserviceLauncherHostedService[0]
      [OrderAcceptService]       SELECT o."Id", o."CreatedAt", o."CreatedBy", o."LastModifiedAt", o."LastModifiedBy", o."OrderId", o."Status", o."Timeout", o."TimerId", o."TimerStatus"
info: Onion.CleanArchitecture.WebApp.Server.Services.MicroserviceLauncherHostedService[0]
      [OrderAcceptService]       FROM "OrderTimers" AS o
info: Onion.CleanArchitecture.WebApp.Server.Services.MicroserviceLauncherHostedService[0]
      [OrderAcceptService]       WHERE o."TimerStatus" = 1 AND o."Timeout" <= @now
info: Onion.CleanArchitecture.WebApp.Server.Services.MicroserviceLauncherHostedService[0]
      [OrderAcceptService] info: Microsoft.EntityFrameworkCore.Database.Command[20101]
info: Onion.CleanArchitecture.WebApp.Server.Services.MicroserviceLauncherHostedService[0]
      [OrderAcceptService]       Executed DbCommand (1ms) [Parameters=[@now='?' (DbType = DateTime)], CommandType='Text', CommandTimeout='30']
info: Onion.CleanArchitecture.WebApp.Server.Services.MicroserviceLauncherHostedService[0]
      [OrderAcceptService]       SELECT o."Id", o."CreatedAt", o."CreatedBy", o."LastModifiedAt", o."LastModifiedBy", o."OrderId", o."Status", o."Timeout", o."TimerId", o."TimerStatus"
info: Onion.CleanArchitecture.WebApp.Server.Services.MicroserviceLauncherHostedService[0]
      [OrderAcceptService]       FROM "OrderTimers" AS o
info: Onion.CleanArchitecture.WebApp.Server.Services.MicroserviceLauncherHostedService[0]
      [OrderAcceptService]       WHERE o."TimerStatus" = 1 AND o."Timeout" <= @now
info: Onion.CleanArchitecture.WebApp.Server.Services.MicroserviceLauncherHostedService[0]
      [OrderAcceptService] info: Microsoft.EntityFrameworkCore.Database.Command[20101]
info: Onion.CleanArchitecture.WebApp.Server.Services.MicroserviceLauncherHostedService[0]
      [OrderAcceptService]       Executed DbCommand (1ms) [Parameters=[@now='?' (DbType = DateTime)], CommandType='Text', CommandTimeout='30']
info: Onion.CleanArchitecture.WebApp.Server.Services.MicroserviceLauncherHostedService[0]
      [OrderAcceptService]       SELECT o."Id", o."CreatedAt", o."CreatedBy", o."LastModifiedAt", o."LastModifiedBy", o."OrderId", o."Status", o."Timeout", o."TimerId", o."TimerStatus"
info: Onion.CleanArchitecture.WebApp.Server.Services.MicroserviceLauncherHostedService[0]
      [OrderAcceptService]       FROM "OrderTimers" AS o
info: Onion.CleanArchitecture.WebApp.Server.Services.MicroserviceLauncherHostedService[0]
      [OrderAcceptService]       WHERE o."TimerStatus" = 1 AND o."Timeout" <= @now
info: Onion.CleanArchitecture.WebApp.Server.Services.MicroserviceLauncherHostedService[0]
      [OrderAcceptService] info: Microsoft.EntityFrameworkCore.Database.Command[20101]
info: Onion.CleanArchitecture.WebApp.Server.Services.MicroserviceLauncherHostedService[0]
      [OrderAcceptService]       Executed DbCommand (1ms) [Parameters=[@now='?' (DbType = DateTime)], CommandType='Text', CommandTimeout='30']
info: Onion.CleanArchitecture.WebApp.Server.Services.MicroserviceLauncherHostedService[0]
      [OrderAcceptService]       SELECT o."Id", o."CreatedAt", o."CreatedBy", o."LastModifiedAt", o."LastModifiedBy", o."OrderId", o."Status", o."Timeout", o."TimerId", o."TimerStatus"
info: Onion.CleanArchitecture.WebApp.Server.Services.MicroserviceLauncherHostedService[0]
      [OrderAcceptService]       FROM "OrderTimers" AS o
info: Onion.CleanArchitecture.WebApp.Server.Services.MicroserviceLauncherHostedService[0]
      [OrderAcceptService]       WHERE o."TimerStatus" = 1 AND o."Timeout" <= @now
info: Onion.CleanArchitecture.WebApp.Server.Services.MicroserviceLauncherHostedService[0]
      [OrderAcceptService] info: Microsoft.EntityFrameworkCore.Database.Command[20101]
info: Onion.CleanArchitecture.WebApp.Server.Services.MicroserviceLauncherHostedService[0]
      [OrderAcceptService]       Executed DbCommand (1ms) [Parameters=[@now='?' (DbType = DateTime)], CommandType='Text', CommandTimeout='30']
info: Onion.CleanArchitecture.WebApp.Server.Services.MicroserviceLauncherHostedService[0]
      [OrderAcceptService]       SELECT o."Id", o."CreatedAt", o."CreatedBy", o."LastModifiedAt", o."LastModifiedBy", o."OrderId", o."Status", o."Timeout", o."TimerId", o."TimerStatus"
info: Onion.CleanArchitecture.WebApp.Server.Services.MicroserviceLauncherHostedService[0]
      [OrderAcceptService]       FROM "OrderTimers" AS o
info: Onion.CleanArchitecture.WebApp.Server.Services.MicroserviceLauncherHostedService[0]
      [OrderAcceptService]       WHERE o."TimerStatus" = 1 AND o."Timeout" <= @now
info: Onion.CleanArchitecture.WebApp.Server.Services.MicroserviceLauncherHostedService[0]
      [OrderAcceptService] info: Microsoft.EntityFrameworkCore.Database.Command[20101]
info: Onion.CleanArchitecture.WebApp.Server.Services.MicroserviceLauncherHostedService[0]
      [OrderAcceptService]       Executed DbCommand (3ms) [Parameters=[@now='?' (DbType = DateTime)], CommandType='Text', CommandTimeout='30']
info: Onion.CleanArchitecture.WebApp.Server.Services.MicroserviceLauncherHostedService[0]
      [OrderAcceptService]       SELECT o."Id", o."CreatedAt", o."CreatedBy", o."LastModifiedAt", o."LastModifiedBy", o."OrderId", o."Status", o."Timeout", o."TimerId", o."TimerStatus"
info: Onion.CleanArchitecture.WebApp.Server.Services.MicroserviceLauncherHostedService[0]
      [OrderAcceptService]       FROM "OrderTimers" AS o
info: Onion.CleanArchitecture.WebApp.Server.Services.MicroserviceLauncherHostedService[0]
      [OrderAcceptService]       WHERE o."TimerStatus" = 1 AND o."Timeout" <= @now
info: Onion.CleanArchitecture.WebApp.Server.Services.MicroserviceLauncherHostedService[0]
      [OrderAcceptService] info: Microsoft.EntityFrameworkCore.Database.Command[20101]
info: Onion.CleanArchitecture.WebApp.Server.Services.MicroserviceLauncherHostedService[0]
      [OrderAcceptService]       Executed DbCommand (1ms) [Parameters=[@now='?' (DbType = DateTime)], CommandType='Text', CommandTimeout='30']
info: Onion.CleanArchitecture.WebApp.Server.Services.MicroserviceLauncherHostedService[0]
      [OrderAcceptService]       SELECT o."Id", o."CreatedAt", o."CreatedBy", o."LastModifiedAt", o."LastModifiedBy", o."OrderId", o."Status", o."Timeout", o."TimerId", o."TimerStatus"
info: Onion.CleanArchitecture.WebApp.Server.Services.MicroserviceLauncherHostedService[0]
      [OrderAcceptService]       FROM "OrderTimers" AS o
info: Onion.CleanArchitecture.WebApp.Server.Services.MicroserviceLauncherHostedService[0]
      [OrderAcceptService]       WHERE o."TimerStatus" = 1 AND o."Timeout" <= @now
info: Onion.CleanArchitecture.WebApp.Server.Services.MicroserviceLauncherHostedService[0]
      [OrderAcceptService] info: Microsoft.EntityFrameworkCore.Database.Command[20101]
info: Onion.CleanArchitecture.WebApp.Server.Services.MicroserviceLauncherHostedService[0]
      [OrderAcceptService]       Executed DbCommand (1ms) [Parameters=[@now='?' (DbType = DateTime)], CommandType='Text', CommandTimeout='30']
info: Onion.CleanArchitecture.WebApp.Server.Services.MicroserviceLauncherHostedService[0]
      [OrderAcceptService]       SELECT o."Id", o."CreatedAt", o."CreatedBy", o."LastModifiedAt", o."LastModifiedBy", o."OrderId", o."Status", o."Timeout", o."TimerId", o."TimerStatus"
info: Onion.CleanArchitecture.WebApp.Server.Services.MicroserviceLauncherHostedService[0]
      [OrderAcceptService]       FROM "OrderTimers" AS o
info: Onion.CleanArchitecture.WebApp.Server.Services.MicroserviceLauncherHostedService[0]
      [OrderAcceptService]       WHERE o."TimerStatus" = 1 AND o."Timeout" <= @now
info: Onion.CleanArchitecture.WebApp.Server.Services.MicroserviceLauncherHostedService[0]
      [OrderAcceptService] info: Microsoft.EntityFrameworkCore.Database.Command[20101]
info: Onion.CleanArchitecture.WebApp.Server.Services.MicroserviceLauncherHostedService[0]
      [OrderAcceptService]       Executed DbCommand (1ms) [Parameters=[@now='?' (DbType = DateTime)], CommandType='Text', CommandTimeout='30']
info: Onion.CleanArchitecture.WebApp.Server.Services.MicroserviceLauncherHostedService[0]
      [OrderAcceptService]       SELECT o."Id", o."CreatedAt", o."CreatedBy", o."LastModifiedAt", o."LastModifiedBy", o."OrderId", o."Status", o."Timeout", o."TimerId", o."TimerStatus"
info: Onion.CleanArchitecture.WebApp.Server.Services.MicroserviceLauncherHostedService[0]
      [OrderAcceptService]       FROM "OrderTimers" AS o
info: Onion.CleanArchitecture.WebApp.Server.Services.MicroserviceLauncherHostedService[0]
      [OrderAcceptService]       WHERE o."TimerStatus" = 1 AND o."Timeout" <= @now
info: Onion.CleanArchitecture.WebApp.Server.Services.MicroserviceLauncherHostedService[0]
      [OrderAcceptService] info: Microsoft.EntityFrameworkCore.Database.Command[20101]
info: Onion.CleanArchitecture.WebApp.Server.Services.MicroserviceLauncherHostedService[0]
      [OrderAcceptService]       Executed DbCommand (1ms) [Parameters=[@now='?' (DbType = DateTime)], CommandType='Text', CommandTimeout='30']
info: Onion.CleanArchitecture.WebApp.Server.Services.MicroserviceLauncherHostedService[0]
      [OrderAcceptService]       SELECT o."Id", o."CreatedAt", o."CreatedBy", o."LastModifiedAt", o."LastModifiedBy", o."OrderId", o."Status", o."Timeout", o."TimerId", o."TimerStatus"
info: Onion.CleanArchitecture.WebApp.Server.Services.MicroserviceLauncherHostedService[0]
      [OrderAcceptService]       FROM "OrderTimers" AS o
info: Onion.CleanArchitecture.WebApp.Server.Services.MicroserviceLauncherHostedService[0]
      [OrderAcceptService]       WHERE o."TimerStatus" = 1 AND o."Timeout" <= @now
info: Onion.CleanArchitecture.WebApp.Server.Services.MicroserviceLauncherHostedService[0]
      [OrderAcceptService] info: Microsoft.EntityFrameworkCore.Database.Command[20101]
info: Onion.CleanArchitecture.WebApp.Server.Services.MicroserviceLauncherHostedService[0]
      [OrderAcceptService]       Executed DbCommand (1ms) [Parameters=[@now='?' (DbType = DateTime)], CommandType='Text', CommandTimeout='30']
info: Onion.CleanArchitecture.WebApp.Server.Services.MicroserviceLauncherHostedService[0]
      [OrderAcceptService]       SELECT o."Id", o."CreatedAt", o."CreatedBy", o."LastModifiedAt", o."LastModifiedBy", o."OrderId", o."Status", o."Timeout", o."TimerId", o."TimerStatus"
info: Onion.CleanArchitecture.WebApp.Server.Services.MicroserviceLauncherHostedService[0]
      [OrderAcceptService]       FROM "OrderTimers" AS o
info: Onion.CleanArchitecture.WebApp.Server.Services.MicroserviceLauncherHostedService[0]
      [OrderAcceptService]       WHERE o."TimerStatus" = 1 AND o."Timeout" <= @now
info: Onion.CleanArchitecture.WebApp.Server.Services.MicroserviceLauncherHostedService[0]
      [OrderAcceptService] info: Microsoft.EntityFrameworkCore.Database.Command[20101]
info: Onion.CleanArchitecture.WebApp.Server.Services.MicroserviceLauncherHostedService[0]
      [OrderAcceptService]       Executed DbCommand (1ms) [Parameters=[@now='?' (DbType = DateTime)], CommandType='Text', CommandTimeout='30']
info: Onion.CleanArchitecture.WebApp.Server.Services.MicroserviceLauncherHostedService[0]
      [OrderAcceptService]       SELECT o."Id", o."CreatedAt", o."CreatedBy", o."LastModifiedAt", o."LastModifiedBy", o."OrderId", o."Status", o."Timeout", o."TimerId", o."TimerStatus"
info: Onion.CleanArchitecture.WebApp.Server.Services.MicroserviceLauncherHostedService[0]
      [OrderAcceptService]       FROM "OrderTimers" AS o
info: Onion.CleanArchitecture.WebApp.Server.Services.MicroserviceLauncherHostedService[0]
      [OrderAcceptService]       WHERE o."TimerStatus" = 1 AND o."Timeout" <= @now
info: Onion.CleanArchitecture.WebApp.Server.Services.MicroserviceLauncherHostedService[0]
      [OrderAcceptService] info: Microsoft.EntityFrameworkCore.Database.Command[20101]
info: Onion.CleanArchitecture.WebApp.Server.Services.MicroserviceLauncherHostedService[0]
      [OrderAcceptService]       Executed DbCommand (1ms) [Parameters=[@now='?' (DbType = DateTime)], CommandType='Text', CommandTimeout='30']
info: Onion.CleanArchitecture.WebApp.Server.Services.MicroserviceLauncherHostedService[0]
      [OrderAcceptService]       SELECT o."Id", o."CreatedAt", o."CreatedBy", o."LastModifiedAt", o."LastModifiedBy", o."OrderId", o."Status", o."Timeout", o."TimerId", o."TimerStatus"
info: Onion.CleanArchitecture.WebApp.Server.Services.MicroserviceLauncherHostedService[0]
      [OrderAcceptService]       FROM "OrderTimers" AS o
info: Onion.CleanArchitecture.WebApp.Server.Services.MicroserviceLauncherHostedService[0]
      [OrderAcceptService]       WHERE o."TimerStatus" = 1 AND o."Timeout" <= @now
info: Onion.CleanArchitecture.WebApp.Server.Services.MicroserviceLauncherHostedService[0]
      [OrderAcceptService] info: Microsoft.EntityFrameworkCore.Database.Command[20101]
info: Onion.CleanArchitecture.WebApp.Server.Services.MicroserviceLauncherHostedService[0]
      [OrderAcceptService]       Executed DbCommand (1ms) [Parameters=[@now='?' (DbType = DateTime)], CommandType='Text', CommandTimeout='30']
info: Onion.CleanArchitecture.WebApp.Server.Services.MicroserviceLauncherHostedService[0]
      [OrderAcceptService]       SELECT o."Id", o."CreatedAt", o."CreatedBy", o."LastModifiedAt", o."LastModifiedBy", o."OrderId", o."Status", o."Timeout", o."TimerId", o."TimerStatus"
info: Onion.CleanArchitecture.WebApp.Server.Services.MicroserviceLauncherHostedService[0]
      [OrderAcceptService]       FROM "OrderTimers" AS o
info: Onion.CleanArchitecture.WebApp.Server.Services.MicroserviceLauncherHostedService[0]
      [OrderAcceptService]       WHERE o."TimerStatus" = 1 AND o."Timeout" <= @now
info: Onion.CleanArchitecture.WebApp.Server.Services.MicroserviceLauncherHostedService[0]
      [OrderAcceptService] info: Microsoft.EntityFrameworkCore.Database.Command[20101]
info: Onion.CleanArchitecture.WebApp.Server.Services.MicroserviceLauncherHostedService[0]
      [OrderAcceptService]       Executed DbCommand (1ms) [Parameters=[@now='?' (DbType = DateTime)], CommandType='Text', CommandTimeout='30']
info: Onion.CleanArchitecture.WebApp.Server.Services.MicroserviceLauncherHostedService[0]
      [OrderAcceptService]       SELECT o."Id", o."CreatedAt", o."CreatedBy", o."LastModifiedAt", o."LastModifiedBy", o."OrderId", o."Status", o."Timeout", o."TimerId", o."TimerStatus"
info: Onion.CleanArchitecture.WebApp.Server.Services.MicroserviceLauncherHostedService[0]
      [OrderAcceptService]       FROM "OrderTimers" AS o
info: Onion.CleanArchitecture.WebApp.Server.Services.MicroserviceLauncherHostedService[0]
      [OrderAcceptService]       WHERE o."TimerStatus" = 1 AND o."Timeout" <= @now
info: Onion.CleanArchitecture.WebApp.Server.Services.MicroserviceLauncherHostedService[0]
      [OrderAcceptService] info: Microsoft.EntityFrameworkCore.Database.Command[20101]
info: Onion.CleanArchitecture.WebApp.Server.Services.MicroserviceLauncherHostedService[0]
      [OrderAcceptService]       Executed DbCommand (1ms) [Parameters=[@now='?' (DbType = DateTime)], CommandType='Text', CommandTimeout='30']
info: Onion.CleanArchitecture.WebApp.Server.Services.MicroserviceLauncherHostedService[0]
      [OrderAcceptService]       SELECT o."Id", o."CreatedAt", o."CreatedBy", o."LastModifiedAt", o."LastModifiedBy", o."OrderId", o."Status", o."Timeout", o."TimerId", o."TimerStatus"
info: Onion.CleanArchitecture.WebApp.Server.Services.MicroserviceLauncherHostedService[0]
      [OrderAcceptService]       FROM "OrderTimers" AS o
info: Onion.CleanArchitecture.WebApp.Server.Services.MicroserviceLauncherHostedService[0]
      [OrderAcceptService]       WHERE o."TimerStatus" = 1 AND o."Timeout" <= @now
info: Onion.CleanArchitecture.WebApp.Server.Services.MicroserviceLauncherHostedService[0]
      [OrderAcceptService] info: Microsoft.EntityFrameworkCore.Database.Command[20101]
info: Onion.CleanArchitecture.WebApp.Server.Services.MicroserviceLauncherHostedService[0]
      [OrderAcceptService]       Executed DbCommand (4ms) [Parameters=[@now='?' (DbType = DateTime)], CommandType='Text', CommandTimeout='30']
info: Onion.CleanArchitecture.WebApp.Server.Services.MicroserviceLauncherHostedService[0]
      [OrderAcceptService]       SELECT o."Id", o."CreatedAt", o."CreatedBy", o."LastModifiedAt", o."LastModifiedBy", o."OrderId", o."Status", o."Timeout", o."TimerId", o."TimerStatus"
info: Onion.CleanArchitecture.WebApp.Server.Services.MicroserviceLauncherHostedService[0]
      [OrderAcceptService]       FROM "OrderTimers" AS o
info: Onion.CleanArchitecture.WebApp.Server.Services.MicroserviceLauncherHostedService[0]
      [OrderAcceptService]       WHERE o."TimerStatus" = 1 AND o."Timeout" <= @now
info: Onion.CleanArchitecture.WebApp.Server.Services.MicroserviceLauncherHostedService[0]
      [OrderAcceptService] info: Microsoft.EntityFrameworkCore.Database.Command[20101]
info: Onion.CleanArchitecture.WebApp.Server.Services.MicroserviceLauncherHostedService[0]
      [OrderAcceptService]       Executed DbCommand (1ms) [Parameters=[@now='?' (DbType = DateTime)], CommandType='Text', CommandTimeout='30']
info: Onion.CleanArchitecture.WebApp.Server.Services.MicroserviceLauncherHostedService[0]
      [OrderAcceptService]       SELECT o."Id", o."CreatedAt", o."CreatedBy", o."LastModifiedAt", o."LastModifiedBy", o."OrderId", o."Status", o."Timeout", o."TimerId", o."TimerStatus"
info: Onion.CleanArchitecture.WebApp.Server.Services.MicroserviceLauncherHostedService[0]
      [OrderAcceptService]       FROM "OrderTimers" AS o
info: Onion.CleanArchitecture.WebApp.Server.Services.MicroserviceLauncherHostedService[0]
      [OrderAcceptService]       WHERE o."TimerStatus" = 1 AND o."Timeout" <= @now
info: Onion.CleanArchitecture.WebApp.Server.Services.MicroserviceLauncherHostedService[0]
      [OrderAcceptService] info: Microsoft.EntityFrameworkCore.Database.Command[20101]
info: Onion.CleanArchitecture.WebApp.Server.Services.MicroserviceLauncherHostedService[0]
      [OrderAcceptService]       Executed DbCommand (1ms) [Parameters=[@now='?' (DbType = DateTime)], CommandType='Text', CommandTimeout='30']
info: Onion.CleanArchitecture.WebApp.Server.Services.MicroserviceLauncherHostedService[0]
      [OrderAcceptService]       SELECT o."Id", o."CreatedAt", o."CreatedBy", o."LastModifiedAt", o."LastModifiedBy", o."OrderId", o."Status", o."Timeout", o."TimerId", o."TimerStatus"
info: Onion.CleanArchitecture.WebApp.Server.Services.MicroserviceLauncherHostedService[0]
      [OrderAcceptService]       FROM "OrderTimers" AS o
info: Onion.CleanArchitecture.WebApp.Server.Services.MicroserviceLauncherHostedService[0]
      [OrderAcceptService]       WHERE o."TimerStatus" = 1 AND o."Timeout" <= @now
info: Onion.CleanArchitecture.WebApp.Server.Services.MicroserviceLauncherHostedService[0]
      [OrderAcceptService] info: Microsoft.EntityFrameworkCore.Database.Command[20101]
info: Onion.CleanArchitecture.WebApp.Server.Services.MicroserviceLauncherHostedService[0]
      [OrderAcceptService]       Executed DbCommand (1ms) [Parameters=[@now='?' (DbType = DateTime)], CommandType='Text', CommandTimeout='30']
info: Onion.CleanArchitecture.WebApp.Server.Services.MicroserviceLauncherHostedService[0]
      [OrderAcceptService]       SELECT o."Id", o."CreatedAt", o."CreatedBy", o."LastModifiedAt", o."LastModifiedBy", o."OrderId", o."Status", o."Timeout", o."TimerId", o."TimerStatus"
info: Onion.CleanArchitecture.WebApp.Server.Services.MicroserviceLauncherHostedService[0]
      [OrderAcceptService]       FROM "OrderTimers" AS o
info: Onion.CleanArchitecture.WebApp.Server.Services.MicroserviceLauncherHostedService[0]
      [OrderAcceptService]       WHERE o."TimerStatus" = 1 AND o."Timeout" <= @now
info: Onion.CleanArchitecture.WebApp.Server.Services.MicroserviceLauncherHostedService[0]
      [OrderAcceptService] info: Microsoft.EntityFrameworkCore.Database.Command[20101]
info: Onion.CleanArchitecture.WebApp.Server.Services.MicroserviceLauncherHostedService[0]
      [OrderAcceptService]       Executed DbCommand (1ms) [Parameters=[@now='?' (DbType = DateTime)], CommandType='Text', CommandTimeout='30']
info: Onion.CleanArchitecture.WebApp.Server.Services.MicroserviceLauncherHostedService[0]
      [OrderAcceptService]       SELECT o."Id", o."CreatedAt", o."CreatedBy", o."LastModifiedAt", o."LastModifiedBy", o."OrderId", o."Status", o."Timeout", o."TimerId", o."TimerStatus"
info: Onion.CleanArchitecture.WebApp.Server.Services.MicroserviceLauncherHostedService[0]
      [OrderAcceptService]       FROM "OrderTimers" AS o
info: Onion.CleanArchitecture.WebApp.Server.Services.MicroserviceLauncherHostedService[0]
      [OrderAcceptService]       WHERE o."TimerStatus" = 1 AND o."Timeout" <= @now
info: Onion.CleanArchitecture.WebApp.Server.Services.MicroserviceLauncherHostedService[0]
      [OrderAcceptService] info: Microsoft.EntityFrameworkCore.Database.Command[20101]
info: Onion.CleanArchitecture.WebApp.Server.Services.MicroserviceLauncherHostedService[0]
      [OrderAcceptService]       Executed DbCommand (1ms) [Parameters=[@now='?' (DbType = DateTime)], CommandType='Text', CommandTimeout='30']
info: Onion.CleanArchitecture.WebApp.Server.Services.MicroserviceLauncherHostedService[0]
      [OrderAcceptService]       SELECT o."Id", o."CreatedAt", o."CreatedBy", o."LastModifiedAt", o."LastModifiedBy", o."OrderId", o."Status", o."Timeout", o."TimerId", o."TimerStatus"
info: Onion.CleanArchitecture.WebApp.Server.Services.MicroserviceLauncherHostedService[0]
      [OrderAcceptService]       FROM "OrderTimers" AS o
info: Onion.CleanArchitecture.WebApp.Server.Services.MicroserviceLauncherHostedService[0]
      [OrderAcceptService]       WHERE o."TimerStatus" = 1 AND o."Timeout" <= @now
info: Onion.CleanArchitecture.WebApp.Server.Services.MicroserviceLauncherHostedService[0]
      [OrderAcceptService] info: Microsoft.EntityFrameworkCore.Database.Command[20101]
info: Onion.CleanArchitecture.WebApp.Server.Services.MicroserviceLauncherHostedService[0]
      [OrderAcceptService]       Executed DbCommand (1ms) [Parameters=[@now='?' (DbType = DateTime)], CommandType='Text', CommandTimeout='30']
info: Onion.CleanArchitecture.WebApp.Server.Services.MicroserviceLauncherHostedService[0]
      [OrderAcceptService]       SELECT o."Id", o."CreatedAt", o."CreatedBy", o."LastModifiedAt", o."LastModifiedBy", o."OrderId", o."Status", o."Timeout", o."TimerId", o."TimerStatus"
info: Onion.CleanArchitecture.WebApp.Server.Services.MicroserviceLauncherHostedService[0]
      [OrderAcceptService]       FROM "OrderTimers" AS o
info: Onion.CleanArchitecture.WebApp.Server.Services.MicroserviceLauncherHostedService[0]
      [OrderAcceptService]       WHERE o."TimerStatus" = 1 AND o."Timeout" <= @now
info: Onion.CleanArchitecture.WebApp.Server.Services.MicroserviceLauncherHostedService[0]
      [OrderAcceptService] info: Microsoft.EntityFrameworkCore.Database.Command[20101]
info: Onion.CleanArchitecture.WebApp.Server.Services.MicroserviceLauncherHostedService[0]
      [OrderAcceptService]       Executed DbCommand (1ms) [Parameters=[@now='?' (DbType = DateTime)], CommandType='Text', CommandTimeout='30']
info: Onion.CleanArchitecture.WebApp.Server.Services.MicroserviceLauncherHostedService[0]
      [OrderAcceptService]       SELECT o."Id", o."CreatedAt", o."CreatedBy", o."LastModifiedAt", o."LastModifiedBy", o."OrderId", o."Status", o."Timeout", o."TimerId", o."TimerStatus"
info: Onion.CleanArchitecture.WebApp.Server.Services.MicroserviceLauncherHostedService[0]
      [OrderAcceptService]       FROM "OrderTimers" AS o
info: Onion.CleanArchitecture.WebApp.Server.Services.MicroserviceLauncherHostedService[0]
      [OrderAcceptService]       WHERE o."TimerStatus" = 1 AND o."Timeout" <= @now
info: Onion.CleanArchitecture.WebApp.Server.Services.MicroserviceLauncherHostedService[0]
      [OrderAcceptService] info: Microsoft.EntityFrameworkCore.Database.Command[20101]
info: Onion.CleanArchitecture.WebApp.Server.Services.MicroserviceLauncherHostedService[0]
      [OrderAcceptService]       Executed DbCommand (1ms) [Parameters=[@now='?' (DbType = DateTime)], CommandType='Text', CommandTimeout='30']
info: Onion.CleanArchitecture.WebApp.Server.Services.MicroserviceLauncherHostedService[0]
      [OrderAcceptService]       SELECT o."Id", o."CreatedAt", o."CreatedBy", o."LastModifiedAt", o."LastModifiedBy", o."OrderId", o."Status", o."Timeout", o."TimerId", o."TimerStatus"
info: Onion.CleanArchitecture.WebApp.Server.Services.MicroserviceLauncherHostedService[0]
      [OrderAcceptService]       FROM "OrderTimers" AS o
info: Onion.CleanArchitecture.WebApp.Server.Services.MicroserviceLauncherHostedService[0]
      [OrderAcceptService]       WHERE o."TimerStatus" = 1 AND o."Timeout" <= @now
info: Onion.CleanArchitecture.WebApp.Server.Services.MicroserviceLauncherHostedService[0]
      [OrderAcceptService] info: Microsoft.EntityFrameworkCore.Database.Command[20101]
info: Onion.CleanArchitecture.WebApp.Server.Services.MicroserviceLauncherHostedService[0]
      [OrderAcceptService]       Executed DbCommand (1ms) [Parameters=[@now='?' (DbType = DateTime)], CommandType='Text', CommandTimeout='30']
info: Onion.CleanArchitecture.WebApp.Server.Services.MicroserviceLauncherHostedService[0]
      [OrderAcceptService]       SELECT o."Id", o."CreatedAt", o."CreatedBy", o."LastModifiedAt", o."LastModifiedBy", o."OrderId", o."Status", o."Timeout", o."TimerId", o."TimerStatus"
info: Onion.CleanArchitecture.WebApp.Server.Services.MicroserviceLauncherHostedService[0]
      [OrderAcceptService]       FROM "OrderTimers" AS o
info: Onion.CleanArchitecture.WebApp.Server.Services.MicroserviceLauncherHostedService[0]
      [OrderAcceptService]       WHERE o."TimerStatus" = 1 AND o."Timeout" <= @now
info: Onion.CleanArchitecture.WebApp.Server.Services.MicroserviceLauncherHostedService[0]
      [OrderAcceptService] info: Microsoft.EntityFrameworkCore.Database.Command[20101]
info: Onion.CleanArchitecture.WebApp.Server.Services.MicroserviceLauncherHostedService[0]
      [OrderAcceptService]       Executed DbCommand (1ms) [Parameters=[@now='?' (DbType = DateTime)], CommandType='Text', CommandTimeout='30']
info: Onion.CleanArchitecture.WebApp.Server.Services.MicroserviceLauncherHostedService[0]
      [OrderAcceptService]       SELECT o."Id", o."CreatedAt", o."CreatedBy", o."LastModifiedAt", o."LastModifiedBy", o."OrderId", o."Status", o."Timeout", o."TimerId", o."TimerStatus"
info: Onion.CleanArchitecture.WebApp.Server.Services.MicroserviceLauncherHostedService[0]
      [OrderAcceptService]       FROM "OrderTimers" AS o
info: Onion.CleanArchitecture.WebApp.Server.Services.MicroserviceLauncherHostedService[0]
      [OrderAcceptService]       WHERE o."TimerStatus" = 1 AND o."Timeout" <= @now
info: Onion.CleanArchitecture.WebApp.Server.Services.MicroserviceLauncherHostedService[0]
      [OrderAcceptService] info: Microsoft.EntityFrameworkCore.Database.Command[20101]
info: Onion.CleanArchitecture.WebApp.Server.Services.MicroserviceLauncherHostedService[0]
      [OrderAcceptService]       Executed DbCommand (3ms) [Parameters=[@now='?' (DbType = DateTime)], CommandType='Text', CommandTimeout='30']
info: Onion.CleanArchitecture.WebApp.Server.Services.MicroserviceLauncherHostedService[0]
      [OrderAcceptService]       SELECT o."Id", o."CreatedAt", o."CreatedBy", o."LastModifiedAt", o."LastModifiedBy", o."OrderId", o."Status", o."Timeout", o."TimerId", o."TimerStatus"
info: Onion.CleanArchitecture.WebApp.Server.Services.MicroserviceLauncherHostedService[0]
      [OrderAcceptService]       FROM "OrderTimers" AS o
info: Onion.CleanArchitecture.WebApp.Server.Services.MicroserviceLauncherHostedService[0]
      [OrderAcceptService]       WHERE o."TimerStatus" = 1 AND o."Timeout" <= @now
info: Onion.CleanArchitecture.WebApp.Server.Services.MicroserviceLauncherHostedService[0]
      [OrderAcceptService] info: Microsoft.EntityFrameworkCore.Database.Command[20101]
info: Onion.CleanArchitecture.WebApp.Server.Services.MicroserviceLauncherHostedService[0]
      [OrderAcceptService]       Executed DbCommand (1ms) [Parameters=[@now='?' (DbType = DateTime)], CommandType='Text', CommandTimeout='30']
info: Onion.CleanArchitecture.WebApp.Server.Services.MicroserviceLauncherHostedService[0]
      [OrderAcceptService]       SELECT o."Id", o."CreatedAt", o."CreatedBy", o."LastModifiedAt", o."LastModifiedBy", o."OrderId", o."Status", o."Timeout", o."TimerId", o."TimerStatus"
info: Onion.CleanArchitecture.WebApp.Server.Services.MicroserviceLauncherHostedService[0]
      [OrderAcceptService]       FROM "OrderTimers" AS o
info: Onion.CleanArchitecture.WebApp.Server.Services.MicroserviceLauncherHostedService[0]
      [OrderAcceptService]       WHERE o."TimerStatus" = 1 AND o."Timeout" <= @now
info: Onion.CleanArchitecture.WebApp.Server.Services.MicroserviceLauncherHostedService[0]
      [OrderAcceptService] info: Microsoft.EntityFrameworkCore.Database.Command[20101]
info: Onion.CleanArchitecture.WebApp.Server.Services.MicroserviceLauncherHostedService[0]
      [OrderAcceptService]       Executed DbCommand (1ms) [Parameters=[@now='?' (DbType = DateTime)], CommandType='Text', CommandTimeout='30']
info: Onion.CleanArchitecture.WebApp.Server.Services.MicroserviceLauncherHostedService[0]
      [OrderAcceptService]       SELECT o."Id", o."CreatedAt", o."CreatedBy", o."LastModifiedAt", o."LastModifiedBy", o."OrderId", o."Status", o."Timeout", o."TimerId", o."TimerStatus"
info: Onion.CleanArchitecture.WebApp.Server.Services.MicroserviceLauncherHostedService[0]
      [OrderAcceptService]       FROM "OrderTimers" AS o
info: Onion.CleanArchitecture.WebApp.Server.Services.MicroserviceLauncherHostedService[0]
      [OrderAcceptService]       WHERE o."TimerStatus" = 1 AND o."Timeout" <= @now
info: Onion.CleanArchitecture.WebApp.Server.Services.MicroserviceLauncherHostedService[0]
      [OrderAcceptService] info: Microsoft.EntityFrameworkCore.Database.Command[20101]
info: Onion.CleanArchitecture.WebApp.Server.Services.MicroserviceLauncherHostedService[0]
      [OrderAcceptService]       Executed DbCommand (1ms) [Parameters=[@now='?' (DbType = DateTime)], CommandType='Text', CommandTimeout='30']
info: Onion.CleanArchitecture.WebApp.Server.Services.MicroserviceLauncherHostedService[0]
      [OrderAcceptService]       SELECT o."Id", o."CreatedAt", o."CreatedBy", o."LastModifiedAt", o."LastModifiedBy", o."OrderId", o."Status", o."Timeout", o."TimerId", o."TimerStatus"
info: Onion.CleanArchitecture.WebApp.Server.Services.MicroserviceLauncherHostedService[0]
      [OrderAcceptService]       FROM "OrderTimers" AS o
info: Onion.CleanArchitecture.WebApp.Server.Services.MicroserviceLauncherHostedService[0]
      [OrderAcceptService]       WHERE o."TimerStatus" = 1 AND o."Timeout" <= @now
info: Onion.CleanArchitecture.WebApp.Server.Services.MicroserviceLauncherHostedService[0]
      [OrderAcceptService] info: Microsoft.EntityFrameworkCore.Database.Command[20101]
info: Onion.CleanArchitecture.WebApp.Server.Services.MicroserviceLauncherHostedService[0]
      [OrderAcceptService]       Executed DbCommand (1ms) [Parameters=[@now='?' (DbType = DateTime)], CommandType='Text', CommandTimeout='30']
info: Onion.CleanArchitecture.WebApp.Server.Services.MicroserviceLauncherHostedService[0]
      [OrderAcceptService]       SELECT o."Id", o."CreatedAt", o."CreatedBy", o."LastModifiedAt", o."LastModifiedBy", o."OrderId", o."Status", o."Timeout", o."TimerId", o."TimerStatus"
info: Onion.CleanArchitecture.WebApp.Server.Services.MicroserviceLauncherHostedService[0]
      [OrderAcceptService]       FROM "OrderTimers" AS o
info: Onion.CleanArchitecture.WebApp.Server.Services.MicroserviceLauncherHostedService[0]
      [OrderAcceptService]       WHERE o."TimerStatus" = 1 AND o."Timeout" <= @now
info: Onion.CleanArchitecture.WebApp.Server.Services.MicroserviceLauncherHostedService[0]
      [OrderAcceptService] info: Microsoft.EntityFrameworkCore.Database.Command[20101]
info: Onion.CleanArchitecture.WebApp.Server.Services.MicroserviceLauncherHostedService[0]
      [OrderAcceptService]       Executed DbCommand (1ms) [Parameters=[@now='?' (DbType = DateTime)], CommandType='Text', CommandTimeout='30']
info: Onion.CleanArchitecture.WebApp.Server.Services.MicroserviceLauncherHostedService[0]
      [OrderAcceptService]       SELECT o."Id", o."CreatedAt", o."CreatedBy", o."LastModifiedAt", o."LastModifiedBy", o."OrderId", o."Status", o."Timeout", o."TimerId", o."TimerStatus"
info: Onion.CleanArchitecture.WebApp.Server.Services.MicroserviceLauncherHostedService[0]
      [OrderAcceptService]       FROM "OrderTimers" AS o
info: Onion.CleanArchitecture.WebApp.Server.Services.MicroserviceLauncherHostedService[0]
      [OrderAcceptService]       WHERE o."TimerStatus" = 1 AND o."Timeout" <= @now
info: Onion.CleanArchitecture.WebApp.Server.Services.MicroserviceLauncherHostedService[0]
      [OrderAcceptService] info: Microsoft.EntityFrameworkCore.Database.Command[20101]
info: Onion.CleanArchitecture.WebApp.Server.Services.MicroserviceLauncherHostedService[0]
      [OrderAcceptService]       Executed DbCommand (1ms) [Parameters=[@now='?' (DbType = DateTime)], CommandType='Text', CommandTimeout='30']
info: Onion.CleanArchitecture.WebApp.Server.Services.MicroserviceLauncherHostedService[0]
      [OrderAcceptService]       SELECT o."Id", o."CreatedAt", o."CreatedBy", o."LastModifiedAt", o."LastModifiedBy", o."OrderId", o."Status", o."Timeout", o."TimerId", o."TimerStatus"
info: Onion.CleanArchitecture.WebApp.Server.Services.MicroserviceLauncherHostedService[0]
      [OrderAcceptService]       FROM "OrderTimers" AS o
info: Onion.CleanArchitecture.WebApp.Server.Services.MicroserviceLauncherHostedService[0]
      [OrderAcceptService]       WHERE o."TimerStatus" = 1 AND o."Timeout" <= @now
info: Onion.CleanArchitecture.WebApp.Server.Services.MicroserviceLauncherHostedService[0]
      [OrderAcceptService] info: Microsoft.EntityFrameworkCore.Database.Command[20101]
info: Onion.CleanArchitecture.WebApp.Server.Services.MicroserviceLauncherHostedService[0]
      [OrderAcceptService]       Executed DbCommand (1ms) [Parameters=[@now='?' (DbType = DateTime)], CommandType='Text', CommandTimeout='30']
info: Onion.CleanArchitecture.WebApp.Server.Services.MicroserviceLauncherHostedService[0]
      [OrderAcceptService]       SELECT o."Id", o."CreatedAt", o."CreatedBy", o."LastModifiedAt", o."LastModifiedBy", o."OrderId", o."Status", o."Timeout", o."TimerId", o."TimerStatus"
info: Onion.CleanArchitecture.WebApp.Server.Services.MicroserviceLauncherHostedService[0]
      [OrderAcceptService]       FROM "OrderTimers" AS o
info: Onion.CleanArchitecture.WebApp.Server.Services.MicroserviceLauncherHostedService[0]
      [OrderAcceptService]       WHERE o."TimerStatus" = 1 AND o."Timeout" <= @now
info: Onion.CleanArchitecture.WebApp.Server.Services.MicroserviceLauncherHostedService[0]
      [OrderAcceptService] info: Microsoft.EntityFrameworkCore.Database.Command[20101]
info: Onion.CleanArchitecture.WebApp.Server.Services.MicroserviceLauncherHostedService[0]
      [OrderAcceptService]       Executed DbCommand (1ms) [Parameters=[@now='?' (DbType = DateTime)], CommandType='Text', CommandTimeout='30']
info: Onion.CleanArchitecture.WebApp.Server.Services.MicroserviceLauncherHostedService[0]
      [OrderAcceptService]       SELECT o."Id", o."CreatedAt", o."CreatedBy", o."LastModifiedAt", o."LastModifiedBy", o."OrderId", o."Status", o."Timeout", o."TimerId", o."TimerStatus"
info: Onion.CleanArchitecture.WebApp.Server.Services.MicroserviceLauncherHostedService[0]
      [OrderAcceptService]       FROM "OrderTimers" AS o
info: Onion.CleanArchitecture.WebApp.Server.Services.MicroserviceLauncherHostedService[0]
      [OrderAcceptService]       WHERE o."TimerStatus" = 1 AND o."Timeout" <= @now
info: Onion.CleanArchitecture.WebApp.Server.Services.MicroserviceLauncherHostedService[0]
      [OrderAcceptService] info: Microsoft.EntityFrameworkCore.Database.Command[20101]
info: Onion.CleanArchitecture.WebApp.Server.Services.MicroserviceLauncherHostedService[0]
      [OrderAcceptService]       Executed DbCommand (1ms) [Parameters=[@now='?' (DbType = DateTime)], CommandType='Text', CommandTimeout='30']
info: Onion.CleanArchitecture.WebApp.Server.Services.MicroserviceLauncherHostedService[0]
      [OrderAcceptService]       SELECT o."Id", o."CreatedAt", o."CreatedBy", o."LastModifiedAt", o."LastModifiedBy", o."OrderId", o."Status", o."Timeout", o."TimerId", o."TimerStatus"
info: Onion.CleanArchitecture.WebApp.Server.Services.MicroserviceLauncherHostedService[0]
      [OrderAcceptService]       FROM "OrderTimers" AS o
info: Onion.CleanArchitecture.WebApp.Server.Services.MicroserviceLauncherHostedService[0]
      [OrderAcceptService]       WHERE o."TimerStatus" = 1 AND o."Timeout" <= @now
info: Onion.CleanArchitecture.WebApp.Server.Services.MicroserviceLauncherHostedService[0]
      [OrderAcceptService] info: Microsoft.EntityFrameworkCore.Database.Command[20101]
info: Onion.CleanArchitecture.WebApp.Server.Services.MicroserviceLauncherHostedService[0]
      [OrderAcceptService]       Executed DbCommand (1ms) [Parameters=[@now='?' (DbType = DateTime)], CommandType='Text', CommandTimeout='30']
info: Onion.CleanArchitecture.WebApp.Server.Services.MicroserviceLauncherHostedService[0]
      [OrderAcceptService]       SELECT o."Id", o."CreatedAt", o."CreatedBy", o."LastModifiedAt", o."LastModifiedBy", o."OrderId", o."Status", o."Timeout", o."TimerId", o."TimerStatus"
info: Onion.CleanArchitecture.WebApp.Server.Services.MicroserviceLauncherHostedService[0]
      [OrderAcceptService]       FROM "OrderTimers" AS o
info: Onion.CleanArchitecture.WebApp.Server.Services.MicroserviceLauncherHostedService[0]
      [OrderAcceptService]       WHERE o."TimerStatus" = 1 AND o."Timeout" <= @now
info: Onion.CleanArchitecture.WebApp.Server.Services.MicroserviceLauncherHostedService[0]
      [OrderAcceptService] info: Microsoft.EntityFrameworkCore.Database.Command[20101]
info: Onion.CleanArchitecture.WebApp.Server.Services.MicroserviceLauncherHostedService[0]
      [OrderAcceptService]       Executed DbCommand (3ms) [Parameters=[@now='?' (DbType = DateTime)], CommandType='Text', CommandTimeout='30']
info: Onion.CleanArchitecture.WebApp.Server.Services.MicroserviceLauncherHostedService[0]
      [OrderAcceptService]       SELECT o."Id", o."CreatedAt", o."CreatedBy", o."LastModifiedAt", o."LastModifiedBy", o."OrderId", o."Status", o."Timeout", o."TimerId", o."TimerStatus"
info: Onion.CleanArchitecture.WebApp.Server.Services.MicroserviceLauncherHostedService[0]
      [OrderAcceptService]       FROM "OrderTimers" AS o
info: Onion.CleanArchitecture.WebApp.Server.Services.MicroserviceLauncherHostedService[0]
      [OrderAcceptService]       WHERE o."TimerStatus" = 1 AND o."Timeout" <= @now
info: Onion.CleanArchitecture.WebApp.Server.Services.MicroserviceLauncherHostedService[0]
      [OrderAcceptService] info: Microsoft.EntityFrameworkCore.Database.Command[20101]
info: Onion.CleanArchitecture.WebApp.Server.Services.MicroserviceLauncherHostedService[0]
      [OrderAcceptService]       Executed DbCommand (1ms) [Parameters=[@now='?' (DbType = DateTime)], CommandType='Text', CommandTimeout='30']
info: Onion.CleanArchitecture.WebApp.Server.Services.MicroserviceLauncherHostedService[0]
      [OrderAcceptService]       SELECT o."Id", o."CreatedAt", o."CreatedBy", o."LastModifiedAt", o."LastModifiedBy", o."OrderId", o."Status", o."Timeout", o."TimerId", o."TimerStatus"
info: Onion.CleanArchitecture.WebApp.Server.Services.MicroserviceLauncherHostedService[0]
      [OrderAcceptService]       FROM "OrderTimers" AS o
info: Onion.CleanArchitecture.WebApp.Server.Services.MicroserviceLauncherHostedService[0]
      [OrderAcceptService]       WHERE o."TimerStatus" = 1 AND o."Timeout" <= @now
info: Onion.CleanArchitecture.WebApp.Server.Services.MicroserviceLauncherHostedService[0]
      [OrderAcceptService] info: Microsoft.EntityFrameworkCore.Database.Command[20101]
info: Onion.CleanArchitecture.WebApp.Server.Services.MicroserviceLauncherHostedService[0]
      [OrderAcceptService]       Executed DbCommand (1ms) [Parameters=[@now='?' (DbType = DateTime)], CommandType='Text', CommandTimeout='30']
info: Onion.CleanArchitecture.WebApp.Server.Services.MicroserviceLauncherHostedService[0]
      [OrderAcceptService]       SELECT o."Id", o."CreatedAt", o."CreatedBy", o."LastModifiedAt", o."LastModifiedBy", o."OrderId", o."Status", o."Timeout", o."TimerId", o."TimerStatus"
info: Onion.CleanArchitecture.WebApp.Server.Services.MicroserviceLauncherHostedService[0]
      [OrderAcceptService]       FROM "OrderTimers" AS o
info: Onion.CleanArchitecture.WebApp.Server.Services.MicroserviceLauncherHostedService[0]
      [OrderAcceptService]       WHERE o."TimerStatus" = 1 AND o."Timeout" <= @now
info: Onion.CleanArchitecture.WebApp.Server.Services.MicroserviceLauncherHostedService[0]
      [OrderAcceptService] info: Microsoft.EntityFrameworkCore.Database.Command[20101]
info: Onion.CleanArchitecture.WebApp.Server.Services.MicroserviceLauncherHostedService[0]
      [OrderAcceptService]       Executed DbCommand (1ms) [Parameters=[@now='?' (DbType = DateTime)], CommandType='Text', CommandTimeout='30']
info: Onion.CleanArchitecture.WebApp.Server.Services.MicroserviceLauncherHostedService[0]
      [OrderAcceptService]       SELECT o."Id", o."CreatedAt", o."CreatedBy", o."LastModifiedAt", o."LastModifiedBy", o."OrderId", o."Status", o."Timeout", o."TimerId", o."TimerStatus"
info: Onion.CleanArchitecture.WebApp.Server.Services.MicroserviceLauncherHostedService[0]
      [OrderAcceptService]       FROM "OrderTimers" AS o
info: Onion.CleanArchitecture.WebApp.Server.Services.MicroserviceLauncherHostedService[0]
      [OrderAcceptService]       WHERE o."TimerStatus" = 1 AND o."Timeout" <= @now
info: Onion.CleanArchitecture.WebApp.Server.Services.MicroserviceLauncherHostedService[0]
      [OrderAcceptService] info: Microsoft.EntityFrameworkCore.Database.Command[20101]
info: Onion.CleanArchitecture.WebApp.Server.Services.MicroserviceLauncherHostedService[0]
      [OrderAcceptService]       Executed DbCommand (1ms) [Parameters=[@now='?' (DbType = DateTime)], CommandType='Text', CommandTimeout='30']
info: Onion.CleanArchitecture.WebApp.Server.Services.MicroserviceLauncherHostedService[0]
      [OrderAcceptService]       SELECT o."Id", o."CreatedAt", o."CreatedBy", o."LastModifiedAt", o."LastModifiedBy", o."OrderId", o."Status", o."Timeout", o."TimerId", o."TimerStatus"
info: Onion.CleanArchitecture.WebApp.Server.Services.MicroserviceLauncherHostedService[0]
      [OrderAcceptService]       FROM "OrderTimers" AS o
info: Onion.CleanArchitecture.WebApp.Server.Services.MicroserviceLauncherHostedService[0]
      [OrderAcceptService]       WHERE o."TimerStatus" = 1 AND o."Timeout" <= @now
info: Onion.CleanArchitecture.WebApp.Server.Services.MicroserviceLauncherHostedService[0]
      [OrderAcceptService] info: Microsoft.EntityFrameworkCore.Database.Command[20101]
info: Onion.CleanArchitecture.WebApp.Server.Services.MicroserviceLauncherHostedService[0]
      [OrderAcceptService]       Executed DbCommand (2ms) [Parameters=[@now='?' (DbType = DateTime)], CommandType='Text', CommandTimeout='30']
info: Onion.CleanArchitecture.WebApp.Server.Services.MicroserviceLauncherHostedService[0]
      [OrderAcceptService]       SELECT o."Id", o."CreatedAt", o."CreatedBy", o."LastModifiedAt", o."LastModifiedBy", o."OrderId", o."Status", o."Timeout", o."TimerId", o."TimerStatus"
info: Onion.CleanArchitecture.WebApp.Server.Services.MicroserviceLauncherHostedService[0]
      [OrderAcceptService]       FROM "OrderTimers" AS o
info: Onion.CleanArchitecture.WebApp.Server.Services.MicroserviceLauncherHostedService[0]
      [OrderAcceptService]       WHERE o."TimerStatus" = 1 AND o."Timeout" <= @now
info: Onion.CleanArchitecture.WebApp.Server.Services.MicroserviceLauncherHostedService[0]
      [OrderAcceptService] info: Microsoft.EntityFrameworkCore.Database.Command[20101]
info: Onion.CleanArchitecture.WebApp.Server.Services.MicroserviceLauncherHostedService[0]
      [OrderAcceptService]       Executed DbCommand (1ms) [Parameters=[@now='?' (DbType = DateTime)], CommandType='Text', CommandTimeout='30']
info: Onion.CleanArchitecture.WebApp.Server.Services.MicroserviceLauncherHostedService[0]
      [OrderAcceptService]       SELECT o."Id", o."CreatedAt", o."CreatedBy", o."LastModifiedAt", o."LastModifiedBy", o."OrderId", o."Status", o."Timeout", o."TimerId", o."TimerStatus"
info: Onion.CleanArchitecture.WebApp.Server.Services.MicroserviceLauncherHostedService[0]
      [OrderAcceptService]       FROM "OrderTimers" AS o
info: Onion.CleanArchitecture.WebApp.Server.Services.MicroserviceLauncherHostedService[0]
      [OrderAcceptService]       WHERE o."TimerStatus" = 1 AND o."Timeout" <= @now
info: Onion.CleanArchitecture.WebApp.Server.Services.MicroserviceLauncherHostedService[0]
      [OrderAcceptService] info: Microsoft.EntityFrameworkCore.Database.Command[20101]
info: Onion.CleanArchitecture.WebApp.Server.Services.MicroserviceLauncherHostedService[0]
      [OrderAcceptService]       Executed DbCommand (1ms) [Parameters=[@now='?' (DbType = DateTime)], CommandType='Text', CommandTimeout='30']
info: Onion.CleanArchitecture.WebApp.Server.Services.MicroserviceLauncherHostedService[0]
      [OrderAcceptService]       SELECT o."Id", o."CreatedAt", o."CreatedBy", o."LastModifiedAt", o."LastModifiedBy", o."OrderId", o."Status", o."Timeout", o."TimerId", o."TimerStatus"
info: Onion.CleanArchitecture.WebApp.Server.Services.MicroserviceLauncherHostedService[0]
      [OrderAcceptService]       FROM "OrderTimers" AS o
info: Onion.CleanArchitecture.WebApp.Server.Services.MicroserviceLauncherHostedService[0]
      [OrderAcceptService]       WHERE o."TimerStatus" = 1 AND o."Timeout" <= @now
info: Onion.CleanArchitecture.WebApp.Server.Services.MicroserviceLauncherHostedService[0]
      [OrderAcceptService] info: Microsoft.EntityFrameworkCore.Database.Command[20101]
info: Onion.CleanArchitecture.WebApp.Server.Services.MicroserviceLauncherHostedService[0]
      [OrderAcceptService]       Executed DbCommand (1ms) [Parameters=[@now='?' (DbType = DateTime)], CommandType='Text', CommandTimeout='30']
info: Onion.CleanArchitecture.WebApp.Server.Services.MicroserviceLauncherHostedService[0]
      [OrderAcceptService]       SELECT o."Id", o."CreatedAt", o."CreatedBy", o."LastModifiedAt", o."LastModifiedBy", o."OrderId", o."Status", o."Timeout", o."TimerId", o."TimerStatus"
info: Onion.CleanArchitecture.WebApp.Server.Services.MicroserviceLauncherHostedService[0]
      [OrderAcceptService]       FROM "OrderTimers" AS o
info: Onion.CleanArchitecture.WebApp.Server.Services.MicroserviceLauncherHostedService[0]
      [OrderAcceptService]       WHERE o."TimerStatus" = 1 AND o."Timeout" <= @now
info: Onion.CleanArchitecture.WebApp.Server.Services.MicroserviceLauncherHostedService[0]
      [OrderAcceptService] info: Microsoft.EntityFrameworkCore.Database.Command[20101]
info: Onion.CleanArchitecture.WebApp.Server.Services.MicroserviceLauncherHostedService[0]
      [OrderAcceptService]       Executed DbCommand (2ms) [Parameters=[@now='?' (DbType = DateTime)], CommandType='Text', CommandTimeout='30']
info: Onion.CleanArchitecture.WebApp.Server.Services.MicroserviceLauncherHostedService[0]
      [OrderAcceptService]       SELECT o."Id", o."CreatedAt", o."CreatedBy", o."LastModifiedAt", o."LastModifiedBy", o."OrderId", o."Status", o."Timeout", o."TimerId", o."TimerStatus"
info: Onion.CleanArchitecture.WebApp.Server.Services.MicroserviceLauncherHostedService[0]
      [OrderAcceptService]       FROM "OrderTimers" AS o
info: Onion.CleanArchitecture.WebApp.Server.Services.MicroserviceLauncherHostedService[0]
      [OrderAcceptService]       WHERE o."TimerStatus" = 1 AND o."Timeout" <= @now
info: Onion.CleanArchitecture.WebApp.Server.Services.MicroserviceLauncherHostedService[0]
      [OrderAcceptService] info: Microsoft.EntityFrameworkCore.Database.Command[20101]
info: Onion.CleanArchitecture.WebApp.Server.Services.MicroserviceLauncherHostedService[0]
      [OrderAcceptService]       Executed DbCommand (1ms) [Parameters=[@now='?' (DbType = DateTime)], CommandType='Text', CommandTimeout='30']
info: Onion.CleanArchitecture.WebApp.Server.Services.MicroserviceLauncherHostedService[0]
      [OrderAcceptService]       SELECT o."Id", o."CreatedAt", o."CreatedBy", o."LastModifiedAt", o."LastModifiedBy", o."OrderId", o."Status", o."Timeout", o."TimerId", o."TimerStatus"
info: Onion.CleanArchitecture.WebApp.Server.Services.MicroserviceLauncherHostedService[0]
      [OrderAcceptService]       FROM "OrderTimers" AS o
info: Onion.CleanArchitecture.WebApp.Server.Services.MicroserviceLauncherHostedService[0]
      [OrderAcceptService]       WHERE o."TimerStatus" = 1 AND o."Timeout" <= @now
info: Onion.CleanArchitecture.WebApp.Server.Services.MicroserviceLauncherHostedService[0]
      [OrderAcceptService] info: Microsoft.EntityFrameworkCore.Database.Command[20101]
info: Onion.CleanArchitecture.WebApp.Server.Services.MicroserviceLauncherHostedService[0]
      [OrderAcceptService]       Executed DbCommand (2ms) [Parameters=[@now='?' (DbType = DateTime)], CommandType='Text', CommandTimeout='30']
info: Onion.CleanArchitecture.WebApp.Server.Services.MicroserviceLauncherHostedService[0]
      [OrderAcceptService]       SELECT o."Id", o."CreatedAt", o."CreatedBy", o."LastModifiedAt", o."LastModifiedBy", o."OrderId", o."Status", o."Timeout", o."TimerId", o."TimerStatus"
info: Onion.CleanArchitecture.WebApp.Server.Services.MicroserviceLauncherHostedService[0]
      [OrderAcceptService]       FROM "OrderTimers" AS o
info: Onion.CleanArchitecture.WebApp.Server.Services.MicroserviceLauncherHostedService[0]
      [OrderAcceptService]       WHERE o."TimerStatus" = 1 AND o."Timeout" <= @now
info: Onion.CleanArchitecture.WebApp.Server.Services.MicroserviceLauncherHostedService[0]
      [OrderAcceptService] info: Microsoft.EntityFrameworkCore.Database.Command[20101]
info: Onion.CleanArchitecture.WebApp.Server.Services.MicroserviceLauncherHostedService[0]
      [OrderAcceptService]       Executed DbCommand (1ms) [Parameters=[@now='?' (DbType = DateTime)], CommandType='Text', CommandTimeout='30']
info: Onion.CleanArchitecture.WebApp.Server.Services.MicroserviceLauncherHostedService[0]
      [OrderAcceptService]       SELECT o."Id", o."CreatedAt", o."CreatedBy", o."LastModifiedAt", o."LastModifiedBy", o."OrderId", o."Status", o."Timeout", o."TimerId", o."TimerStatus"
info: Onion.CleanArchitecture.WebApp.Server.Services.MicroserviceLauncherHostedService[0]
      [OrderAcceptService]       FROM "OrderTimers" AS o
info: Onion.CleanArchitecture.WebApp.Server.Services.MicroserviceLauncherHostedService[0]
      [OrderAcceptService]       WHERE o."TimerStatus" = 1 AND o."Timeout" <= @now
info: Onion.CleanArchitecture.WebApp.Server.Services.MicroserviceLauncherHostedService[0]
      [OrderAcceptService] info: Microsoft.EntityFrameworkCore.Database.Command[20101]
info: Onion.CleanArchitecture.WebApp.Server.Services.MicroserviceLauncherHostedService[0]
      [OrderAcceptService]       Executed DbCommand (1ms) [Parameters=[@now='?' (DbType = DateTime)], CommandType='Text', CommandTimeout='30']
info: Onion.CleanArchitecture.WebApp.Server.Services.MicroserviceLauncherHostedService[0]
      [OrderAcceptService]       SELECT o."Id", o."CreatedAt", o."CreatedBy", o."LastModifiedAt", o."LastModifiedBy", o."OrderId", o."Status", o."Timeout", o."TimerId", o."TimerStatus"
info: Onion.CleanArchitecture.WebApp.Server.Services.MicroserviceLauncherHostedService[0]
      [OrderAcceptService]       FROM "OrderTimers" AS o
info: Onion.CleanArchitecture.WebApp.Server.Services.MicroserviceLauncherHostedService[0]
      [OrderAcceptService]       WHERE o."TimerStatus" = 1 AND o."Timeout" <= @now
info: Onion.CleanArchitecture.WebApp.Server.Services.MicroserviceLauncherHostedService[0]
      [OrderAcceptService] info: Microsoft.EntityFrameworkCore.Database.Command[20101]
info: Onion.CleanArchitecture.WebApp.Server.Services.MicroserviceLauncherHostedService[0]
      [OrderAcceptService]       Executed DbCommand (1ms) [Parameters=[@now='?' (DbType = DateTime)], CommandType='Text', CommandTimeout='30']
info: Onion.CleanArchitecture.WebApp.Server.Services.MicroserviceLauncherHostedService[0]
      [OrderAcceptService]       SELECT o."Id", o."CreatedAt", o."CreatedBy", o."LastModifiedAt", o."LastModifiedBy", o."OrderId", o."Status", o."Timeout", o."TimerId", o."TimerStatus"
info: Onion.CleanArchitecture.WebApp.Server.Services.MicroserviceLauncherHostedService[0]
      [OrderAcceptService]       FROM "OrderTimers" AS o
info: Onion.CleanArchitecture.WebApp.Server.Services.MicroserviceLauncherHostedService[0]
      [OrderAcceptService]       WHERE o."TimerStatus" = 1 AND o."Timeout" <= @now
info: Onion.CleanArchitecture.WebApp.Server.Services.MicroserviceLauncherHostedService[0]
      [OrderAcceptService] info: Microsoft.EntityFrameworkCore.Database.Command[20101]
info: Onion.CleanArchitecture.WebApp.Server.Services.MicroserviceLauncherHostedService[0]
      [OrderAcceptService]       Executed DbCommand (1ms) [Parameters=[@now='?' (DbType = DateTime)], CommandType='Text', CommandTimeout='30']
info: Onion.CleanArchitecture.WebApp.Server.Services.MicroserviceLauncherHostedService[0]
      [OrderAcceptService]       SELECT o."Id", o."CreatedAt", o."CreatedBy", o."LastModifiedAt", o."LastModifiedBy", o."OrderId", o."Status", o."Timeout", o."TimerId", o."TimerStatus"
info: Onion.CleanArchitecture.WebApp.Server.Services.MicroserviceLauncherHostedService[0]
      [OrderAcceptService]       FROM "OrderTimers" AS o
info: Onion.CleanArchitecture.WebApp.Server.Services.MicroserviceLauncherHostedService[0]
      [OrderAcceptService]       WHERE o."TimerStatus" = 1 AND o."Timeout" <= @now
info: Onion.CleanArchitecture.WebApp.Server.Services.MicroserviceLauncherHostedService[0]
      [OrderAcceptService] info: Microsoft.EntityFrameworkCore.Database.Command[20101]
info: Onion.CleanArchitecture.WebApp.Server.Services.MicroserviceLauncherHostedService[0]
      [OrderAcceptService]       Executed DbCommand (1ms) [Parameters=[@now='?' (DbType = DateTime)], CommandType='Text', CommandTimeout='30']
info: Onion.CleanArchitecture.WebApp.Server.Services.MicroserviceLauncherHostedService[0]
      [OrderAcceptService]       SELECT o."Id", o."CreatedAt", o."CreatedBy", o."LastModifiedAt", o."LastModifiedBy", o."OrderId", o."Status", o."Timeout", o."TimerId", o."TimerStatus"
info: Onion.CleanArchitecture.WebApp.Server.Services.MicroserviceLauncherHostedService[0]
      [OrderAcceptService]       FROM "OrderTimers" AS o
info: Onion.CleanArchitecture.WebApp.Server.Services.MicroserviceLauncherHostedService[0]
      [OrderAcceptService]       WHERE o."TimerStatus" = 1 AND o."Timeout" <= @now
info: Onion.CleanArchitecture.WebApp.Server.Services.MicroserviceLauncherHostedService[0]
      [OrderAcceptService] info: Microsoft.EntityFrameworkCore.Database.Command[20101]
info: Onion.CleanArchitecture.WebApp.Server.Services.MicroserviceLauncherHostedService[0]
      [OrderAcceptService]       Executed DbCommand (1ms) [Parameters=[@now='?' (DbType = DateTime)], CommandType='Text', CommandTimeout='30']
info: Onion.CleanArchitecture.WebApp.Server.Services.MicroserviceLauncherHostedService[0]
      [OrderAcceptService]       SELECT o."Id", o."CreatedAt", o."CreatedBy", o."LastModifiedAt", o."LastModifiedBy", o."OrderId", o."Status", o."Timeout", o."TimerId", o."TimerStatus"
info: Onion.CleanArchitecture.WebApp.Server.Services.MicroserviceLauncherHostedService[0]
      [OrderAcceptService]       FROM "OrderTimers" AS o
info: Onion.CleanArchitecture.WebApp.Server.Services.MicroserviceLauncherHostedService[0]
      [OrderAcceptService]       WHERE o."TimerStatus" = 1 AND o."Timeout" <= @now
info: Onion.CleanArchitecture.WebApp.Server.Services.MicroserviceLauncherHostedService[0]
      [OrderAcceptService] info: Microsoft.EntityFrameworkCore.Database.Command[20101]
info: Onion.CleanArchitecture.WebApp.Server.Services.MicroserviceLauncherHostedService[0]
      [OrderAcceptService]       Executed DbCommand (1ms) [Parameters=[@now='?' (DbType = DateTime)], CommandType='Text', CommandTimeout='30']
info: Onion.CleanArchitecture.WebApp.Server.Services.MicroserviceLauncherHostedService[0]
      [OrderAcceptService]       SELECT o."Id", o."CreatedAt", o."CreatedBy", o."LastModifiedAt", o."LastModifiedBy", o."OrderId", o."Status", o."Timeout", o."TimerId", o."TimerStatus"
info: Onion.CleanArchitecture.WebApp.Server.Services.MicroserviceLauncherHostedService[0]
      [OrderAcceptService]       FROM "OrderTimers" AS o
info: Onion.CleanArchitecture.WebApp.Server.Services.MicroserviceLauncherHostedService[0]
      [OrderAcceptService]       WHERE o."TimerStatus" = 1 AND o."Timeout" <= @now
info: Onion.CleanArchitecture.WebApp.Server.Services.MicroserviceLauncherHostedService[0]
      [OrderAcceptService] info: Microsoft.EntityFrameworkCore.Database.Command[20101]
info: Onion.CleanArchitecture.WebApp.Server.Services.MicroserviceLauncherHostedService[0]
      [OrderAcceptService]       Executed DbCommand (1ms) [Parameters=[@now='?' (DbType = DateTime)], CommandType='Text', CommandTimeout='30']
info: Onion.CleanArchitecture.WebApp.Server.Services.MicroserviceLauncherHostedService[0]
      [OrderAcceptService]       SELECT o."Id", o."CreatedAt", o."CreatedBy", o."LastModifiedAt", o."LastModifiedBy", o."OrderId", o."Status", o."Timeout", o."TimerId", o."TimerStatus"
info: Onion.CleanArchitecture.WebApp.Server.Services.MicroserviceLauncherHostedService[0]
      [OrderAcceptService]       FROM "OrderTimers" AS o
info: Onion.CleanArchitecture.WebApp.Server.Services.MicroserviceLauncherHostedService[0]
      [OrderAcceptService]       WHERE o."TimerStatus" = 1 AND o."Timeout" <= @now
info: Onion.CleanArchitecture.WebApp.Server.Services.MicroserviceLauncherHostedService[0]
      [OrderAcceptService] info: Microsoft.EntityFrameworkCore.Database.Command[20101]
info: Onion.CleanArchitecture.WebApp.Server.Services.MicroserviceLauncherHostedService[0]
      [OrderAcceptService]       Executed DbCommand (1ms) [Parameters=[@now='?' (DbType = DateTime)], CommandType='Text', CommandTimeout='30']
info: Onion.CleanArchitecture.WebApp.Server.Services.MicroserviceLauncherHostedService[0]
      [OrderAcceptService]       SELECT o."Id", o."CreatedAt", o."CreatedBy", o."LastModifiedAt", o."LastModifiedBy", o."OrderId", o."Status", o."Timeout", o."TimerId", o."TimerStatus"
info: Onion.CleanArchitecture.WebApp.Server.Services.MicroserviceLauncherHostedService[0]
      [OrderAcceptService]       FROM "OrderTimers" AS o
info: Onion.CleanArchitecture.WebApp.Server.Services.MicroserviceLauncherHostedService[0]
      [OrderAcceptService]       WHERE o."TimerStatus" = 1 AND o."Timeout" <= @now
info: Onion.CleanArchitecture.WebApp.Server.Services.MicroserviceLauncherHostedService[0]
      [OrderAcceptService] info: Microsoft.EntityFrameworkCore.Database.Command[20101]
info: Onion.CleanArchitecture.WebApp.Server.Services.MicroserviceLauncherHostedService[0]
      [OrderAcceptService]       Executed DbCommand (1ms) [Parameters=[@now='?' (DbType = DateTime)], CommandType='Text', CommandTimeout='30']
info: Onion.CleanArchitecture.WebApp.Server.Services.MicroserviceLauncherHostedService[0]
      [OrderAcceptService]       SELECT o."Id", o."CreatedAt", o."CreatedBy", o."LastModifiedAt", o."LastModifiedBy", o."OrderId", o."Status", o."Timeout", o."TimerId", o."TimerStatus"
info: Onion.CleanArchitecture.WebApp.Server.Services.MicroserviceLauncherHostedService[0]
      [OrderAcceptService]       FROM "OrderTimers" AS o
info: Onion.CleanArchitecture.WebApp.Server.Services.MicroserviceLauncherHostedService[0]
      [OrderAcceptService]       WHERE o."TimerStatus" = 1 AND o."Timeout" <= @now
info: Onion.CleanArchitecture.WebApp.Server.Services.MicroserviceLauncherHostedService[0]
      [OrderAcceptService] info: Microsoft.EntityFrameworkCore.Database.Command[20101]
info: Onion.CleanArchitecture.WebApp.Server.Services.MicroserviceLauncherHostedService[0]
      [OrderAcceptService]       Executed DbCommand (5ms) [Parameters=[@now='?' (DbType = DateTime)], CommandType='Text', CommandTimeout='30']
info: Onion.CleanArchitecture.WebApp.Server.Services.MicroserviceLauncherHostedService[0]
      [OrderAcceptService]       SELECT o."Id", o."CreatedAt", o."CreatedBy", o."LastModifiedAt", o."LastModifiedBy", o."OrderId", o."Status", o."Timeout", o."TimerId", o."TimerStatus"
info: Onion.CleanArchitecture.WebApp.Server.Services.MicroserviceLauncherHostedService[0]
      [OrderAcceptService]       FROM "OrderTimers" AS o
info: Onion.CleanArchitecture.WebApp.Server.Services.MicroserviceLauncherHostedService[0]
      [OrderAcceptService]       WHERE o."TimerStatus" = 1 AND o."Timeout" <= @now
info: Onion.CleanArchitecture.WebApp.Server.Services.MicroserviceLauncherHostedService[0]
      [OrderAcceptService] info: Microsoft.EntityFrameworkCore.Database.Command[20101]
info: Onion.CleanArchitecture.WebApp.Server.Services.MicroserviceLauncherHostedService[0]
      [OrderAcceptService]       Executed DbCommand (1ms) [Parameters=[@now='?' (DbType = DateTime)], CommandType='Text', CommandTimeout='30']
info: Onion.CleanArchitecture.WebApp.Server.Services.MicroserviceLauncherHostedService[0]
      [OrderAcceptService]       SELECT o."Id", o."CreatedAt", o."CreatedBy", o."LastModifiedAt", o."LastModifiedBy", o."OrderId", o."Status", o."Timeout", o."TimerId", o."TimerStatus"
info: Onion.CleanArchitecture.WebApp.Server.Services.MicroserviceLauncherHostedService[0]
      [OrderAcceptService]       FROM "OrderTimers" AS o
info: Onion.CleanArchitecture.WebApp.Server.Services.MicroserviceLauncherHostedService[0]
      [OrderAcceptService]       WHERE o."TimerStatus" = 1 AND o."Timeout" <= @now
info: Onion.CleanArchitecture.WebApp.Server.Services.MicroserviceLauncherHostedService[0]
      [OrderAcceptService] info: Microsoft.EntityFrameworkCore.Database.Command[20101]
info: Onion.CleanArchitecture.WebApp.Server.Services.MicroserviceLauncherHostedService[0]
      [OrderAcceptService]       Executed DbCommand (1ms) [Parameters=[@now='?' (DbType = DateTime)], CommandType='Text', CommandTimeout='30']
info: Onion.CleanArchitecture.WebApp.Server.Services.MicroserviceLauncherHostedService[0]
      [OrderAcceptService]       SELECT o."Id", o."CreatedAt", o."CreatedBy", o."LastModifiedAt", o."LastModifiedBy", o."OrderId", o."Status", o."Timeout", o."TimerId", o."TimerStatus"
info: Onion.CleanArchitecture.WebApp.Server.Services.MicroserviceLauncherHostedService[0]
      [OrderAcceptService]       FROM "OrderTimers" AS o
info: Onion.CleanArchitecture.WebApp.Server.Services.MicroserviceLauncherHostedService[0]
      [OrderAcceptService]       WHERE o."TimerStatus" = 1 AND o."Timeout" <= @now
info: Onion.CleanArchitecture.WebApp.Server.Services.MicroserviceLauncherHostedService[0]
      [OrderAcceptService] info: Microsoft.EntityFrameworkCore.Database.Command[20101]
info: Onion.CleanArchitecture.WebApp.Server.Services.MicroserviceLauncherHostedService[0]
      [OrderAcceptService]       Executed DbCommand (1ms) [Parameters=[@now='?' (DbType = DateTime)], CommandType='Text', CommandTimeout='30']
info: Onion.CleanArchitecture.WebApp.Server.Services.MicroserviceLauncherHostedService[0]
      [OrderAcceptService]       SELECT o."Id", o."CreatedAt", o."CreatedBy", o."LastModifiedAt", o."LastModifiedBy", o."OrderId", o."Status", o."Timeout", o."TimerId", o."TimerStatus"
info: Onion.CleanArchitecture.WebApp.Server.Services.MicroserviceLauncherHostedService[0]
      [OrderAcceptService]       FROM "OrderTimers" AS o
info: Onion.CleanArchitecture.WebApp.Server.Services.MicroserviceLauncherHostedService[0]
      [OrderAcceptService]       WHERE o."TimerStatus" = 1 AND o."Timeout" <= @now
info: Onion.CleanArchitecture.WebApp.Server.Services.MicroserviceLauncherHostedService[0]
      [OrderAcceptService] info: Microsoft.EntityFrameworkCore.Database.Command[20101]
info: Onion.CleanArchitecture.WebApp.Server.Services.MicroserviceLauncherHostedService[0]
      [OrderAcceptService]       Executed DbCommand (1ms) [Parameters=[@now='?' (DbType = DateTime)], CommandType='Text', CommandTimeout='30']
info: Onion.CleanArchitecture.WebApp.Server.Services.MicroserviceLauncherHostedService[0]
      [OrderAcceptService]       SELECT o."Id", o."CreatedAt", o."CreatedBy", o."LastModifiedAt", o."LastModifiedBy", o."OrderId", o."Status", o."Timeout", o."TimerId", o."TimerStatus"
info: Onion.CleanArchitecture.WebApp.Server.Services.MicroserviceLauncherHostedService[0]
      [OrderAcceptService]       FROM "OrderTimers" AS o
info: Onion.CleanArchitecture.WebApp.Server.Services.MicroserviceLauncherHostedService[0]
      [OrderAcceptService]       WHERE o."TimerStatus" = 1 AND o."Timeout" <= @now
info: Onion.CleanArchitecture.WebApp.Server.Services.MicroserviceLauncherHostedService[0]
      [OrderAcceptService] info: Microsoft.EntityFrameworkCore.Database.Command[20101]
info: Onion.CleanArchitecture.WebApp.Server.Services.MicroserviceLauncherHostedService[0]
      [OrderAcceptService]       Executed DbCommand (1ms) [Parameters=[@now='?' (DbType = DateTime)], CommandType='Text', CommandTimeout='30']
info: Onion.CleanArchitecture.WebApp.Server.Services.MicroserviceLauncherHostedService[0]
      [OrderAcceptService]       SELECT o."Id", o."CreatedAt", o."CreatedBy", o."LastModifiedAt", o."LastModifiedBy", o."OrderId", o."Status", o."Timeout", o."TimerId", o."TimerStatus"
info: Onion.CleanArchitecture.WebApp.Server.Services.MicroserviceLauncherHostedService[0]
      [OrderAcceptService]       FROM "OrderTimers" AS o
info: Onion.CleanArchitecture.WebApp.Server.Services.MicroserviceLauncherHostedService[0]
      [OrderAcceptService]       WHERE o."TimerStatus" = 1 AND o."Timeout" <= @now
info: Onion.CleanArchitecture.WebApp.Server.Services.MicroserviceLauncherHostedService[0]
      [OrderAcceptService] info: Microsoft.EntityFrameworkCore.Database.Command[20101]
info: Onion.CleanArchitecture.WebApp.Server.Services.MicroserviceLauncherHostedService[0]
      [OrderAcceptService]       Executed DbCommand (1ms) [Parameters=[@now='?' (DbType = DateTime)], CommandType='Text', CommandTimeout='30']
info: Onion.CleanArchitecture.WebApp.Server.Services.MicroserviceLauncherHostedService[0]
      [OrderAcceptService]       SELECT o."Id", o."CreatedAt", o."CreatedBy", o."LastModifiedAt", o."LastModifiedBy", o."OrderId", o."Status", o."Timeout", o."TimerId", o."TimerStatus"
info: Onion.CleanArchitecture.WebApp.Server.Services.MicroserviceLauncherHostedService[0]
      [OrderAcceptService]       FROM "OrderTimers" AS o
info: Onion.CleanArchitecture.WebApp.Server.Services.MicroserviceLauncherHostedService[0]
      [OrderAcceptService]       WHERE o."TimerStatus" = 1 AND o."Timeout" <= @now
info: Onion.CleanArchitecture.WebApp.Server.Services.MicroserviceLauncherHostedService[0]
      [OrderAcceptService] info: Microsoft.EntityFrameworkCore.Database.Command[20101]
info: Onion.CleanArchitecture.WebApp.Server.Services.MicroserviceLauncherHostedService[0]
      [OrderAcceptService]       Executed DbCommand (1ms) [Parameters=[@now='?' (DbType = DateTime)], CommandType='Text', CommandTimeout='30']
info: Onion.CleanArchitecture.WebApp.Server.Services.MicroserviceLauncherHostedService[0]
      [OrderAcceptService]       SELECT o."Id", o."CreatedAt", o."CreatedBy", o."LastModifiedAt", o."LastModifiedBy", o."OrderId", o."Status", o."Timeout", o."TimerId", o."TimerStatus"
info: Onion.CleanArchitecture.WebApp.Server.Services.MicroserviceLauncherHostedService[0]
      [OrderAcceptService]       FROM "OrderTimers" AS o
info: Onion.CleanArchitecture.WebApp.Server.Services.MicroserviceLauncherHostedService[0]
      [OrderAcceptService]       WHERE o."TimerStatus" = 1 AND o."Timeout" <= @now
info: Onion.CleanArchitecture.WebApp.Server.Services.MicroserviceLauncherHostedService[0]
      [OrderAcceptService] info: Microsoft.EntityFrameworkCore.Database.Command[20101]
info: Onion.CleanArchitecture.WebApp.Server.Services.MicroserviceLauncherHostedService[0]
      [OrderAcceptService]       Executed DbCommand (1ms) [Parameters=[@now='?' (DbType = DateTime)], CommandType='Text', CommandTimeout='30']
info: Onion.CleanArchitecture.WebApp.Server.Services.MicroserviceLauncherHostedService[0]
      [OrderAcceptService]       SELECT o."Id", o."CreatedAt", o."CreatedBy", o."LastModifiedAt", o."LastModifiedBy", o."OrderId", o."Status", o."Timeout", o."TimerId", o."TimerStatus"
info: Onion.CleanArchitecture.WebApp.Server.Services.MicroserviceLauncherHostedService[0]
      [OrderAcceptService]       FROM "OrderTimers" AS o
info: Onion.CleanArchitecture.WebApp.Server.Services.MicroserviceLauncherHostedService[0]
      [OrderAcceptService]       WHERE o."TimerStatus" = 1 AND o."Timeout" <= @now
info: Onion.CleanArchitecture.WebApp.Server.Services.MicroserviceLauncherHostedService[0]
      [OrderAcceptService] info: Microsoft.EntityFrameworkCore.Database.Command[20101]
info: Onion.CleanArchitecture.WebApp.Server.Services.MicroserviceLauncherHostedService[0]
      [OrderAcceptService]       Executed DbCommand (1ms) [Parameters=[@now='?' (DbType = DateTime)], CommandType='Text', CommandTimeout='30']
info: Onion.CleanArchitecture.WebApp.Server.Services.MicroserviceLauncherHostedService[0]
      [OrderAcceptService]       SELECT o."Id", o."CreatedAt", o."CreatedBy", o."LastModifiedAt", o."LastModifiedBy", o."OrderId", o."Status", o."Timeout", o."TimerId", o."TimerStatus"
info: Onion.CleanArchitecture.WebApp.Server.Services.MicroserviceLauncherHostedService[0]
      [OrderAcceptService]       FROM "OrderTimers" AS o
info: Onion.CleanArchitecture.WebApp.Server.Services.MicroserviceLauncherHostedService[0]
      [OrderAcceptService]       WHERE o."TimerStatus" = 1 AND o."Timeout" <= @now
info: Onion.CleanArchitecture.WebApp.Server.Services.MicroserviceLauncherHostedService[0]
      [OrderAcceptService] info: Microsoft.EntityFrameworkCore.Database.Command[20101]
info: Onion.CleanArchitecture.WebApp.Server.Services.MicroserviceLauncherHostedService[0]
      [OrderAcceptService]       Executed DbCommand (1ms) [Parameters=[@now='?' (DbType = DateTime)], CommandType='Text', CommandTimeout='30']
info: Onion.CleanArchitecture.WebApp.Server.Services.MicroserviceLauncherHostedService[0]
      [OrderAcceptService]       SELECT o."Id", o."CreatedAt", o."CreatedBy", o."LastModifiedAt", o."LastModifiedBy", o."OrderId", o."Status", o."Timeout", o."TimerId", o."TimerStatus"
info: Onion.CleanArchitecture.WebApp.Server.Services.MicroserviceLauncherHostedService[0]
      [OrderAcceptService]       FROM "OrderTimers" AS o
info: Onion.CleanArchitecture.WebApp.Server.Services.MicroserviceLauncherHostedService[0]
      [OrderAcceptService]       WHERE o."TimerStatus" = 1 AND o."Timeout" <= @now
info: Onion.CleanArchitecture.WebApp.Server.Services.MicroserviceLauncherHostedService[0]
      [OrderAcceptService] info: Microsoft.EntityFrameworkCore.Database.Command[20101]
info: Onion.CleanArchitecture.WebApp.Server.Services.MicroserviceLauncherHostedService[0]
      [OrderAcceptService]       Executed DbCommand (3ms) [Parameters=[@now='?' (DbType = DateTime)], CommandType='Text', CommandTimeout='30']
info: Onion.CleanArchitecture.WebApp.Server.Services.MicroserviceLauncherHostedService[0]
      [OrderAcceptService]       SELECT o."Id", o."CreatedAt", o."CreatedBy", o."LastModifiedAt", o."LastModifiedBy", o."OrderId", o."Status", o."Timeout", o."TimerId", o."TimerStatus"
info: Onion.CleanArchitecture.WebApp.Server.Services.MicroserviceLauncherHostedService[0]
      [OrderAcceptService]       FROM "OrderTimers" AS o
info: Onion.CleanArchitecture.WebApp.Server.Services.MicroserviceLauncherHostedService[0]
      [OrderAcceptService]       WHERE o."TimerStatus" = 1 AND o."Timeout" <= @now
info: Onion.CleanArchitecture.WebApp.Server.Services.MicroserviceLauncherHostedService[0]
      [OrderAcceptService] info: Microsoft.EntityFrameworkCore.Database.Command[20101]
info: Onion.CleanArchitecture.WebApp.Server.Services.MicroserviceLauncherHostedService[0]
      [OrderAcceptService]       Executed DbCommand (1ms) [Parameters=[@now='?' (DbType = DateTime)], CommandType='Text', CommandTimeout='30']
info: Onion.CleanArchitecture.WebApp.Server.Services.MicroserviceLauncherHostedService[0]
      [OrderAcceptService]       SELECT o."Id", o."CreatedAt", o."CreatedBy", o."LastModifiedAt", o."LastModifiedBy", o."OrderId", o."Status", o."Timeout", o."TimerId", o."TimerStatus"
info: Onion.CleanArchitecture.WebApp.Server.Services.MicroserviceLauncherHostedService[0]
      [OrderAcceptService]       FROM "OrderTimers" AS o
info: Onion.CleanArchitecture.WebApp.Server.Services.MicroserviceLauncherHostedService[0]
      [OrderAcceptService]       WHERE o."TimerStatus" = 1 AND o."Timeout" <= @now
info: Onion.CleanArchitecture.WebApp.Server.Services.MicroserviceLauncherHostedService[0]
      [OrderAcceptService] info: Microsoft.EntityFrameworkCore.Database.Command[20101]
info: Onion.CleanArchitecture.WebApp.Server.Services.MicroserviceLauncherHostedService[0]
      [OrderAcceptService]       Executed DbCommand (1ms) [Parameters=[@now='?' (DbType = DateTime)], CommandType='Text', CommandTimeout='30']
info: Onion.CleanArchitecture.WebApp.Server.Services.MicroserviceLauncherHostedService[0]
      [OrderAcceptService]       SELECT o."Id", o."CreatedAt", o."CreatedBy", o."LastModifiedAt", o."LastModifiedBy", o."OrderId", o."Status", o."Timeout", o."TimerId", o."TimerStatus"
info: Onion.CleanArchitecture.WebApp.Server.Services.MicroserviceLauncherHostedService[0]
      [OrderAcceptService]       FROM "OrderTimers" AS o
info: Onion.CleanArchitecture.WebApp.Server.Services.MicroserviceLauncherHostedService[0]
      [OrderAcceptService]       WHERE o."TimerStatus" = 1 AND o."Timeout" <= @now
info: Onion.CleanArchitecture.WebApp.Server.Services.MicroserviceLauncherHostedService[0]
      [OrderAcceptService] info: Microsoft.EntityFrameworkCore.Database.Command[20101]
info: Onion.CleanArchitecture.WebApp.Server.Services.MicroserviceLauncherHostedService[0]
      [OrderAcceptService]       Executed DbCommand (1ms) [Parameters=[@now='?' (DbType = DateTime)], CommandType='Text', CommandTimeout='30']
info: Onion.CleanArchitecture.WebApp.Server.Services.MicroserviceLauncherHostedService[0]
      [OrderAcceptService]       SELECT o."Id", o."CreatedAt", o."CreatedBy", o."LastModifiedAt", o."LastModifiedBy", o."OrderId", o."Status", o."Timeout", o."TimerId", o."TimerStatus"
info: Onion.CleanArchitecture.WebApp.Server.Services.MicroserviceLauncherHostedService[0]
      [OrderAcceptService]       FROM "OrderTimers" AS o
info: Onion.CleanArchitecture.WebApp.Server.Services.MicroserviceLauncherHostedService[0]
      [OrderAcceptService]       WHERE o."TimerStatus" = 1 AND o."Timeout" <= @now
info: Onion.CleanArchitecture.WebApp.Server.Services.MicroserviceLauncherHostedService[0]
      [OrderAcceptService] info: Microsoft.EntityFrameworkCore.Database.Command[20101]
info: Onion.CleanArchitecture.WebApp.Server.Services.MicroserviceLauncherHostedService[0]
      [OrderAcceptService]       Executed DbCommand (1ms) [Parameters=[@now='?' (DbType = DateTime)], CommandType='Text', CommandTimeout='30']
info: Onion.CleanArchitecture.WebApp.Server.Services.MicroserviceLauncherHostedService[0]
      [OrderAcceptService]       SELECT o."Id", o."CreatedAt", o."CreatedBy", o."LastModifiedAt", o."LastModifiedBy", o."OrderId", o."Status", o."Timeout", o."TimerId", o."TimerStatus"
info: Onion.CleanArchitecture.WebApp.Server.Services.MicroserviceLauncherHostedService[0]
      [OrderAcceptService]       FROM "OrderTimers" AS o
info: Onion.CleanArchitecture.WebApp.Server.Services.MicroserviceLauncherHostedService[0]
      [OrderAcceptService]       WHERE o."TimerStatus" = 1 AND o."Timeout" <= @now
info: Onion.CleanArchitecture.WebApp.Server.Services.MicroserviceLauncherHostedService[0]
      [OrderAcceptService] info: Microsoft.EntityFrameworkCore.Database.Command[20101]
info: Onion.CleanArchitecture.WebApp.Server.Services.MicroserviceLauncherHostedService[0]
      [OrderAcceptService]       Executed DbCommand (1ms) [Parameters=[@now='?' (DbType = DateTime)], CommandType='Text', CommandTimeout='30']
info: Onion.CleanArchitecture.WebApp.Server.Services.MicroserviceLauncherHostedService[0]
      [OrderAcceptService]       SELECT o."Id", o."CreatedAt", o."CreatedBy", o."LastModifiedAt", o."LastModifiedBy", o."OrderId", o."Status", o."Timeout", o."TimerId", o."TimerStatus"
info: Onion.CleanArchitecture.WebApp.Server.Services.MicroserviceLauncherHostedService[0]
      [OrderAcceptService]       FROM "OrderTimers" AS o
info: Onion.CleanArchitecture.WebApp.Server.Services.MicroserviceLauncherHostedService[0]
      [OrderAcceptService]       WHERE o."TimerStatus" = 1 AND o."Timeout" <= @now
info: Onion.CleanArchitecture.WebApp.Server.Services.MicroserviceLauncherHostedService[0]
      [OrderAcceptService] info: Microsoft.EntityFrameworkCore.Database.Command[20101]
info: Onion.CleanArchitecture.WebApp.Server.Services.MicroserviceLauncherHostedService[0]
      [OrderAcceptService]       Executed DbCommand (1ms) [Parameters=[@now='?' (DbType = DateTime)], CommandType='Text', CommandTimeout='30']
info: Onion.CleanArchitecture.WebApp.Server.Services.MicroserviceLauncherHostedService[0]
      [OrderAcceptService]       SELECT o."Id", o."CreatedAt", o."CreatedBy", o."LastModifiedAt", o."LastModifiedBy", o."OrderId", o."Status", o."Timeout", o."TimerId", o."TimerStatus"
info: Onion.CleanArchitecture.WebApp.Server.Services.MicroserviceLauncherHostedService[0]
      [OrderAcceptService]       FROM "OrderTimers" AS o
info: Onion.CleanArchitecture.WebApp.Server.Services.MicroserviceLauncherHostedService[0]
      [OrderAcceptService]       WHERE o."TimerStatus" = 1 AND o."Timeout" <= @now
info: Onion.CleanArchitecture.WebApp.Server.Services.MicroserviceLauncherHostedService[0]
      [OrderAcceptService] info: Microsoft.EntityFrameworkCore.Database.Command[20101]
info: Onion.CleanArchitecture.WebApp.Server.Services.MicroserviceLauncherHostedService[0]
      [OrderAcceptService]       Executed DbCommand (2ms) [Parameters=[@now='?' (DbType = DateTime)], CommandType='Text', CommandTimeout='30']
info: Onion.CleanArchitecture.WebApp.Server.Services.MicroserviceLauncherHostedService[0]
      [OrderAcceptService]       SELECT o."Id", o."CreatedAt", o."CreatedBy", o."LastModifiedAt", o."LastModifiedBy", o."OrderId", o."Status", o."Timeout", o."TimerId", o."TimerStatus"
info: Onion.CleanArchitecture.WebApp.Server.Services.MicroserviceLauncherHostedService[0]
      [OrderAcceptService]       FROM "OrderTimers" AS o
info: Onion.CleanArchitecture.WebApp.Server.Services.MicroserviceLauncherHostedService[0]
      [OrderAcceptService]       WHERE o."TimerStatus" = 1 AND o."Timeout" <= @now
info: Onion.CleanArchitecture.WebApp.Server.Services.MicroserviceLauncherHostedService[0]
      [OrderAcceptService] info: Microsoft.EntityFrameworkCore.Database.Command[20101]
info: Onion.CleanArchitecture.WebApp.Server.Services.MicroserviceLauncherHostedService[0]
      [OrderAcceptService]       Executed DbCommand (1ms) [Parameters=[@now='?' (DbType = DateTime)], CommandType='Text', CommandTimeout='30']
info: Onion.CleanArchitecture.WebApp.Server.Services.MicroserviceLauncherHostedService[0]
      [OrderAcceptService]       SELECT o."Id", o."CreatedAt", o."CreatedBy", o."LastModifiedAt", o."LastModifiedBy", o."OrderId", o."Status", o."Timeout", o."TimerId", o."TimerStatus"
info: Onion.CleanArchitecture.WebApp.Server.Services.MicroserviceLauncherHostedService[0]
      [OrderAcceptService]       FROM "OrderTimers" AS o
info: Onion.CleanArchitecture.WebApp.Server.Services.MicroserviceLauncherHostedService[0]
      [OrderAcceptService]       WHERE o."TimerStatus" = 1 AND o."Timeout" <= @now
info: Onion.CleanArchitecture.WebApp.Server.Services.MicroserviceLauncherHostedService[0]
      [OrderAcceptService] info: Microsoft.EntityFrameworkCore.Database.Command[20101]
info: Onion.CleanArchitecture.WebApp.Server.Services.MicroserviceLauncherHostedService[0]
      [OrderAcceptService]       Executed DbCommand (1ms) [Parameters=[@now='?' (DbType = DateTime)], CommandType='Text', CommandTimeout='30']
info: Onion.CleanArchitecture.WebApp.Server.Services.MicroserviceLauncherHostedService[0]
      [OrderAcceptService]       SELECT o."Id", o."CreatedAt", o."CreatedBy", o."LastModifiedAt", o."LastModifiedBy", o."OrderId", o."Status", o."Timeout", o."TimerId", o."TimerStatus"
info: Onion.CleanArchitecture.WebApp.Server.Services.MicroserviceLauncherHostedService[0]
      [OrderAcceptService]       FROM "OrderTimers" AS o
info: Onion.CleanArchitecture.WebApp.Server.Services.MicroserviceLauncherHostedService[0]
      [OrderAcceptService]       WHERE o."TimerStatus" = 1 AND o."Timeout" <= @now
info: Onion.CleanArchitecture.WebApp.Server.Services.MicroserviceLauncherHostedService[0]
      [OrderAcceptService] info: Microsoft.EntityFrameworkCore.Database.Command[20101]
info: Onion.CleanArchitecture.WebApp.Server.Services.MicroserviceLauncherHostedService[0]
      [OrderAcceptService]       Executed DbCommand (1ms) [Parameters=[@now='?' (DbType = DateTime)], CommandType='Text', CommandTimeout='30']
info: Onion.CleanArchitecture.WebApp.Server.Services.MicroserviceLauncherHostedService[0]
      [OrderAcceptService]       SELECT o."Id", o."CreatedAt", o."CreatedBy", o."LastModifiedAt", o."LastModifiedBy", o."OrderId", o."Status", o."Timeout", o."TimerId", o."TimerStatus"
info: Onion.CleanArchitecture.WebApp.Server.Services.MicroserviceLauncherHostedService[0]
      [OrderAcceptService]       FROM "OrderTimers" AS o
info: Onion.CleanArchitecture.WebApp.Server.Services.MicroserviceLauncherHostedService[0]
      [OrderAcceptService]       WHERE o."TimerStatus" = 1 AND o."Timeout" <= @now
info: Onion.CleanArchitecture.WebApp.Server.Services.MicroserviceLauncherHostedService[0]
      [OrderAcceptService] info: Microsoft.EntityFrameworkCore.Database.Command[20101]
info: Onion.CleanArchitecture.WebApp.Server.Services.MicroserviceLauncherHostedService[0]
      [OrderAcceptService]       Executed DbCommand (4ms) [Parameters=[@now='?' (DbType = DateTime)], CommandType='Text', CommandTimeout='30']
info: Onion.CleanArchitecture.WebApp.Server.Services.MicroserviceLauncherHostedService[0]
      [OrderAcceptService]       SELECT o."Id", o."CreatedAt", o."CreatedBy", o."LastModifiedAt", o."LastModifiedBy", o."OrderId", o."Status", o."Timeout", o."TimerId", o."TimerStatus"
info: Onion.CleanArchitecture.WebApp.Server.Services.MicroserviceLauncherHostedService[0]
      [OrderAcceptService]       FROM "OrderTimers" AS o
info: Onion.CleanArchitecture.WebApp.Server.Services.MicroserviceLauncherHostedService[0]
      [OrderAcceptService]       WHERE o."TimerStatus" = 1 AND o."Timeout" <= @now
info: Onion.CleanArchitecture.WebApp.Server.Services.MicroserviceLauncherHostedService[0]
      [OrderAcceptService] info: Microsoft.EntityFrameworkCore.Database.Command[20101]
info: Onion.CleanArchitecture.WebApp.Server.Services.MicroserviceLauncherHostedService[0]
      [OrderAcceptService]       Executed DbCommand (1ms) [Parameters=[@now='?' (DbType = DateTime)], CommandType='Text', CommandTimeout='30']
info: Onion.CleanArchitecture.WebApp.Server.Services.MicroserviceLauncherHostedService[0]
      [OrderAcceptService]       SELECT o."Id", o."CreatedAt", o."CreatedBy", o."LastModifiedAt", o."LastModifiedBy", o."OrderId", o."Status", o."Timeout", o."TimerId", o."TimerStatus"
info: Onion.CleanArchitecture.WebApp.Server.Services.MicroserviceLauncherHostedService[0]
      [OrderAcceptService]       FROM "OrderTimers" AS o
info: Onion.CleanArchitecture.WebApp.Server.Services.MicroserviceLauncherHostedService[0]
      [OrderAcceptService]       WHERE o."TimerStatus" = 1 AND o."Timeout" <= @now
info: Onion.CleanArchitecture.WebApp.Server.Services.MicroserviceLauncherHostedService[0]
      [OrderAcceptService] info: Microsoft.EntityFrameworkCore.Database.Command[20101]
info: Onion.CleanArchitecture.WebApp.Server.Services.MicroserviceLauncherHostedService[0]
      [OrderAcceptService]       Executed DbCommand (1ms) [Parameters=[@now='?' (DbType = DateTime)], CommandType='Text', CommandTimeout='30']
info: Onion.CleanArchitecture.WebApp.Server.Services.MicroserviceLauncherHostedService[0]
      [OrderAcceptService]       SELECT o."Id", o."CreatedAt", o."CreatedBy", o."LastModifiedAt", o."LastModifiedBy", o."OrderId", o."Status", o."Timeout", o."TimerId", o."TimerStatus"
info: Onion.CleanArchitecture.WebApp.Server.Services.MicroserviceLauncherHostedService[0]
      [OrderAcceptService]       FROM "OrderTimers" AS o
info: Onion.CleanArchitecture.WebApp.Server.Services.MicroserviceLauncherHostedService[0]
      [OrderAcceptService]       WHERE o."TimerStatus" = 1 AND o."Timeout" <= @now
info: Onion.CleanArchitecture.WebApp.Server.Services.MicroserviceLauncherHostedService[0]
      [OrderAcceptService] info: Microsoft.EntityFrameworkCore.Database.Command[20101]
info: Onion.CleanArchitecture.WebApp.Server.Services.MicroserviceLauncherHostedService[0]
      [OrderAcceptService]       Executed DbCommand (1ms) [Parameters=[@now='?' (DbType = DateTime)], CommandType='Text', CommandTimeout='30']
info: Onion.CleanArchitecture.WebApp.Server.Services.MicroserviceLauncherHostedService[0]
      [OrderAcceptService]       SELECT o."Id", o."CreatedAt", o."CreatedBy", o."LastModifiedAt", o."LastModifiedBy", o."OrderId", o."Status", o."Timeout", o."TimerId", o."TimerStatus"
info: Onion.CleanArchitecture.WebApp.Server.Services.MicroserviceLauncherHostedService[0]
      [OrderAcceptService]       FROM "OrderTimers" AS o
info: Onion.CleanArchitecture.WebApp.Server.Services.MicroserviceLauncherHostedService[0]
      [OrderAcceptService]       WHERE o."TimerStatus" = 1 AND o."Timeout" <= @now
info: Onion.CleanArchitecture.WebApp.Server.Services.MicroserviceLauncherHostedService[0]
      [OrderAcceptService] info: Microsoft.EntityFrameworkCore.Database.Command[20101]
info: Onion.CleanArchitecture.WebApp.Server.Services.MicroserviceLauncherHostedService[0]
      [OrderAcceptService]       Executed DbCommand (1ms) [Parameters=[@now='?' (DbType = DateTime)], CommandType='Text', CommandTimeout='30']
info: Onion.CleanArchitecture.WebApp.Server.Services.MicroserviceLauncherHostedService[0]
      [OrderAcceptService]       SELECT o."Id", o."CreatedAt", o."CreatedBy", o."LastModifiedAt", o."LastModifiedBy", o."OrderId", o."Status", o."Timeout", o."TimerId", o."TimerStatus"
info: Onion.CleanArchitecture.WebApp.Server.Services.MicroserviceLauncherHostedService[0]
      [OrderAcceptService]       FROM "OrderTimers" AS o
info: Onion.CleanArchitecture.WebApp.Server.Services.MicroserviceLauncherHostedService[0]
      [OrderAcceptService]       WHERE o."TimerStatus" = 1 AND o."Timeout" <= @now
info: Onion.CleanArchitecture.WebApp.Server.Services.MicroserviceLauncherHostedService[0]
      [OrderAcceptService] info: Microsoft.EntityFrameworkCore.Database.Command[20101]
info: Onion.CleanArchitecture.WebApp.Server.Services.MicroserviceLauncherHostedService[0]
      [OrderAcceptService]       Executed DbCommand (1ms) [Parameters=[@now='?' (DbType = DateTime)], CommandType='Text', CommandTimeout='30']
info: Onion.CleanArchitecture.WebApp.Server.Services.MicroserviceLauncherHostedService[0]
      [OrderAcceptService]       SELECT o."Id", o."CreatedAt", o."CreatedBy", o."LastModifiedAt", o."LastModifiedBy", o."OrderId", o."Status", o."Timeout", o."TimerId", o."TimerStatus"
info: Onion.CleanArchitecture.WebApp.Server.Services.MicroserviceLauncherHostedService[0]
      [OrderAcceptService]       FROM "OrderTimers" AS o
info: Onion.CleanArchitecture.WebApp.Server.Services.MicroserviceLauncherHostedService[0]
      [OrderAcceptService]       WHERE o."TimerStatus" = 1 AND o."Timeout" <= @now
info: Onion.CleanArchitecture.WebApp.Server.Services.MicroserviceLauncherHostedService[0]
      [OrderAcceptService] info: Microsoft.EntityFrameworkCore.Database.Command[20101]
info: Onion.CleanArchitecture.WebApp.Server.Services.MicroserviceLauncherHostedService[0]
      [OrderAcceptService]       Executed DbCommand (1ms) [Parameters=[@now='?' (DbType = DateTime)], CommandType='Text', CommandTimeout='30']
info: Onion.CleanArchitecture.WebApp.Server.Services.MicroserviceLauncherHostedService[0]
      [OrderAcceptService]       SELECT o."Id", o."CreatedAt", o."CreatedBy", o."LastModifiedAt", o."LastModifiedBy", o."OrderId", o."Status", o."Timeout", o."TimerId", o."TimerStatus"
info: Onion.CleanArchitecture.WebApp.Server.Services.MicroserviceLauncherHostedService[0]
      [OrderAcceptService]       FROM "OrderTimers" AS o
info: Onion.CleanArchitecture.WebApp.Server.Services.MicroserviceLauncherHostedService[0]
      [OrderAcceptService]       WHERE o."TimerStatus" = 1 AND o."Timeout" <= @now
info: Onion.CleanArchitecture.WebApp.Server.Services.MicroserviceLauncherHostedService[0]
      [OrderAcceptService] info: Microsoft.EntityFrameworkCore.Database.Command[20101]
info: Onion.CleanArchitecture.WebApp.Server.Services.MicroserviceLauncherHostedService[0]
      [OrderAcceptService]       Executed DbCommand (1ms) [Parameters=[@now='?' (DbType = DateTime)], CommandType='Text', CommandTimeout='30']
info: Onion.CleanArchitecture.WebApp.Server.Services.MicroserviceLauncherHostedService[0]
      [OrderAcceptService]       SELECT o."Id", o."CreatedAt", o."CreatedBy", o."LastModifiedAt", o."LastModifiedBy", o."OrderId", o."Status", o."Timeout", o."TimerId", o."TimerStatus"
info: Onion.CleanArchitecture.WebApp.Server.Services.MicroserviceLauncherHostedService[0]
      [OrderAcceptService]       FROM "OrderTimers" AS o
info: Onion.CleanArchitecture.WebApp.Server.Services.MicroserviceLauncherHostedService[0]
      [OrderAcceptService]       WHERE o."TimerStatus" = 1 AND o."Timeout" <= @now
info: Onion.CleanArchitecture.WebApp.Server.Services.MicroserviceLauncherHostedService[0]
      [OrderAcceptService] info: Microsoft.EntityFrameworkCore.Database.Command[20101]
info: Onion.CleanArchitecture.WebApp.Server.Services.MicroserviceLauncherHostedService[0]
      [OrderAcceptService]       Executed DbCommand (1ms) [Parameters=[@now='?' (DbType = DateTime)], CommandType='Text', CommandTimeout='30']
info: Onion.CleanArchitecture.WebApp.Server.Services.MicroserviceLauncherHostedService[0]
      [OrderAcceptService]       SELECT o."Id", o."CreatedAt", o."CreatedBy", o."LastModifiedAt", o."LastModifiedBy", o."OrderId", o."Status", o."Timeout", o."TimerId", o."TimerStatus"
info: Onion.CleanArchitecture.WebApp.Server.Services.MicroserviceLauncherHostedService[0]
      [OrderAcceptService]       FROM "OrderTimers" AS o
info: Onion.CleanArchitecture.WebApp.Server.Services.MicroserviceLauncherHostedService[0]
      [OrderAcceptService]       WHERE o."TimerStatus" = 1 AND o."Timeout" <= @now
info: Onion.CleanArchitecture.WebApp.Server.Services.MicroserviceLauncherHostedService[0]
      [OrderAcceptService] info: Microsoft.EntityFrameworkCore.Database.Command[20101]
info: Onion.CleanArchitecture.WebApp.Server.Services.MicroserviceLauncherHostedService[0]
      [OrderAcceptService]       Executed DbCommand (1ms) [Parameters=[@now='?' (DbType = DateTime)], CommandType='Text', CommandTimeout='30']
info: Onion.CleanArchitecture.WebApp.Server.Services.MicroserviceLauncherHostedService[0]
      [OrderAcceptService]       SELECT o."Id", o."CreatedAt", o."CreatedBy", o."LastModifiedAt", o."LastModifiedBy", o."OrderId", o."Status", o."Timeout", o."TimerId", o."TimerStatus"
info: Onion.CleanArchitecture.WebApp.Server.Services.MicroserviceLauncherHostedService[0]
      [OrderAcceptService]       FROM "OrderTimers" AS o
info: Onion.CleanArchitecture.WebApp.Server.Services.MicroserviceLauncherHostedService[0]
      [OrderAcceptService]       WHERE o."TimerStatus" = 1 AND o."Timeout" <= @now
info: Onion.CleanArchitecture.WebApp.Server.Services.MicroserviceLauncherHostedService[0]
      [OrderAcceptService] info: Microsoft.EntityFrameworkCore.Database.Command[20101]
info: Onion.CleanArchitecture.WebApp.Server.Services.MicroserviceLauncherHostedService[0]
      [OrderAcceptService]       Executed DbCommand (1ms) [Parameters=[@now='?' (DbType = DateTime)], CommandType='Text', CommandTimeout='30']
info: Onion.CleanArchitecture.WebApp.Server.Services.MicroserviceLauncherHostedService[0]
      [OrderAcceptService]       SELECT o."Id", o."CreatedAt", o."CreatedBy", o."LastModifiedAt", o."LastModifiedBy", o."OrderId", o."Status", o."Timeout", o."TimerId", o."TimerStatus"
info: Onion.CleanArchitecture.WebApp.Server.Services.MicroserviceLauncherHostedService[0]
      [OrderAcceptService]       FROM "OrderTimers" AS o
info: Onion.CleanArchitecture.WebApp.Server.Services.MicroserviceLauncherHostedService[0]
      [OrderAcceptService]       WHERE o."TimerStatus" = 1 AND o."Timeout" <= @now
info: Onion.CleanArchitecture.WebApp.Server.Services.MicroserviceLauncherHostedService[0]
      [OrderAcceptService] info: Microsoft.EntityFrameworkCore.Database.Command[20101]
info: Onion.CleanArchitecture.WebApp.Server.Services.MicroserviceLauncherHostedService[0]
      [OrderAcceptService]       Executed DbCommand (3ms) [Parameters=[@now='?' (DbType = DateTime)], CommandType='Text', CommandTimeout='30']
info: Onion.CleanArchitecture.WebApp.Server.Services.MicroserviceLauncherHostedService[0]
      [OrderAcceptService]       SELECT o."Id", o."CreatedAt", o."CreatedBy", o."LastModifiedAt", o."LastModifiedBy", o."OrderId", o."Status", o."Timeout", o."TimerId", o."TimerStatus"
info: Onion.CleanArchitecture.WebApp.Server.Services.MicroserviceLauncherHostedService[0]
      [OrderAcceptService]       FROM "OrderTimers" AS o
info: Onion.CleanArchitecture.WebApp.Server.Services.MicroserviceLauncherHostedService[0]
      [OrderAcceptService]       WHERE o."TimerStatus" = 1 AND o."Timeout" <= @now
info: Onion.CleanArchitecture.WebApp.Server.Services.MicroserviceLauncherHostedService[0]
      [OrderAcceptService] info: Microsoft.EntityFrameworkCore.Database.Command[20101]
info: Onion.CleanArchitecture.WebApp.Server.Services.MicroserviceLauncherHostedService[0]
      [OrderAcceptService]       Executed DbCommand (1ms) [Parameters=[@now='?' (DbType = DateTime)], CommandType='Text', CommandTimeout='30']
info: Onion.CleanArchitecture.WebApp.Server.Services.MicroserviceLauncherHostedService[0]
      [OrderAcceptService]       SELECT o."Id", o."CreatedAt", o."CreatedBy", o."LastModifiedAt", o."LastModifiedBy", o."OrderId", o."Status", o."Timeout", o."TimerId", o."TimerStatus"
info: Onion.CleanArchitecture.WebApp.Server.Services.MicroserviceLauncherHostedService[0]
      [OrderAcceptService]       FROM "OrderTimers" AS o
info: Onion.CleanArchitecture.WebApp.Server.Services.MicroserviceLauncherHostedService[0]
      [OrderAcceptService]       WHERE o."TimerStatus" = 1 AND o."Timeout" <= @now
info: Onion.CleanArchitecture.WebApp.Server.Services.MicroserviceLauncherHostedService[0]
      [OrderAcceptService] info: Microsoft.EntityFrameworkCore.Database.Command[20101]
info: Onion.CleanArchitecture.WebApp.Server.Services.MicroserviceLauncherHostedService[0]
      [OrderAcceptService]       Executed DbCommand (1ms) [Parameters=[@now='?' (DbType = DateTime)], CommandType='Text', CommandTimeout='30']
info: Onion.CleanArchitecture.WebApp.Server.Services.MicroserviceLauncherHostedService[0]
      [OrderAcceptService]       SELECT o."Id", o."CreatedAt", o."CreatedBy", o."LastModifiedAt", o."LastModifiedBy", o."OrderId", o."Status", o."Timeout", o."TimerId", o."TimerStatus"
info: Onion.CleanArchitecture.WebApp.Server.Services.MicroserviceLauncherHostedService[0]
      [OrderAcceptService]       FROM "OrderTimers" AS o
info: Onion.CleanArchitecture.WebApp.Server.Services.MicroserviceLauncherHostedService[0]
      [OrderAcceptService]       WHERE o."TimerStatus" = 1 AND o."Timeout" <= @now
info: Onion.CleanArchitecture.WebApp.Server.Services.MicroserviceLauncherHostedService[0]
      [OrderAcceptService] info: Microsoft.EntityFrameworkCore.Database.Command[20101]
info: Onion.CleanArchitecture.WebApp.Server.Services.MicroserviceLauncherHostedService[0]
      [OrderAcceptService]       Executed DbCommand (1ms) [Parameters=[@now='?' (DbType = DateTime)], CommandType='Text', CommandTimeout='30']
info: Onion.CleanArchitecture.WebApp.Server.Services.MicroserviceLauncherHostedService[0]
      [OrderAcceptService]       SELECT o."Id", o."CreatedAt", o."CreatedBy", o."LastModifiedAt", o."LastModifiedBy", o."OrderId", o."Status", o."Timeout", o."TimerId", o."TimerStatus"
info: Onion.CleanArchitecture.WebApp.Server.Services.MicroserviceLauncherHostedService[0]
      [OrderAcceptService]       FROM "OrderTimers" AS o
info: Onion.CleanArchitecture.WebApp.Server.Services.MicroserviceLauncherHostedService[0]
      [OrderAcceptService]       WHERE o."TimerStatus" = 1 AND o."Timeout" <= @now
info: Onion.CleanArchitecture.WebApp.Server.Services.MicroserviceLauncherHostedService[0]
      [OrderAcceptService] info: Microsoft.EntityFrameworkCore.Database.Command[20101]
info: Onion.CleanArchitecture.WebApp.Server.Services.MicroserviceLauncherHostedService[0]
      [OrderAcceptService]       Executed DbCommand (1ms) [Parameters=[@now='?' (DbType = DateTime)], CommandType='Text', CommandTimeout='30']
info: Onion.CleanArchitecture.WebApp.Server.Services.MicroserviceLauncherHostedService[0]
      [OrderAcceptService]       SELECT o."Id", o."CreatedAt", o."CreatedBy", o."LastModifiedAt", o."LastModifiedBy", o."OrderId", o."Status", o."Timeout", o."TimerId", o."TimerStatus"
info: Onion.CleanArchitecture.WebApp.Server.Services.MicroserviceLauncherHostedService[0]
      [OrderAcceptService]       FROM "OrderTimers" AS o
info: Onion.CleanArchitecture.WebApp.Server.Services.MicroserviceLauncherHostedService[0]
      [OrderAcceptService]       WHERE o."TimerStatus" = 1 AND o."Timeout" <= @now
info: Onion.CleanArchitecture.WebApp.Server.Services.MicroserviceLauncherHostedService[0]
      [OrderAcceptService] info: Microsoft.EntityFrameworkCore.Database.Command[20101]
info: Onion.CleanArchitecture.WebApp.Server.Services.MicroserviceLauncherHostedService[0]
      [OrderAcceptService]       Executed DbCommand (1ms) [Parameters=[@now='?' (DbType = DateTime)], CommandType='Text', CommandTimeout='30']
info: Onion.CleanArchitecture.WebApp.Server.Services.MicroserviceLauncherHostedService[0]
      [OrderAcceptService]       SELECT o."Id", o."CreatedAt", o."CreatedBy", o."LastModifiedAt", o."LastModifiedBy", o."OrderId", o."Status", o."Timeout", o."TimerId", o."TimerStatus"
info: Onion.CleanArchitecture.WebApp.Server.Services.MicroserviceLauncherHostedService[0]
      [OrderAcceptService]       FROM "OrderTimers" AS o
info: Onion.CleanArchitecture.WebApp.Server.Services.MicroserviceLauncherHostedService[0]
      [OrderAcceptService]       WHERE o."TimerStatus" = 1 AND o."Timeout" <= @now
info: Onion.CleanArchitecture.WebApp.Server.Services.MicroserviceLauncherHostedService[0]
      [OrderAcceptService] info: Microsoft.EntityFrameworkCore.Database.Command[20101]
info: Onion.CleanArchitecture.WebApp.Server.Services.MicroserviceLauncherHostedService[0]
      [OrderAcceptService]       Executed DbCommand (1ms) [Parameters=[@now='?' (DbType = DateTime)], CommandType='Text', CommandTimeout='30']
info: Onion.CleanArchitecture.WebApp.Server.Services.MicroserviceLauncherHostedService[0]
      [OrderAcceptService]       SELECT o."Id", o."CreatedAt", o."CreatedBy", o."LastModifiedAt", o."LastModifiedBy", o."OrderId", o."Status", o."Timeout", o."TimerId", o."TimerStatus"
info: Onion.CleanArchitecture.WebApp.Server.Services.MicroserviceLauncherHostedService[0]
      [OrderAcceptService]       FROM "OrderTimers" AS o
info: Onion.CleanArchitecture.WebApp.Server.Services.MicroserviceLauncherHostedService[0]
      [OrderAcceptService]       WHERE o."TimerStatus" = 1 AND o."Timeout" <= @now
info: Onion.CleanArchitecture.WebApp.Server.Services.MicroserviceLauncherHostedService[0]
      [OrderAcceptService] info: Microsoft.EntityFrameworkCore.Database.Command[20101]
info: Onion.CleanArchitecture.WebApp.Server.Services.MicroserviceLauncherHostedService[0]
      [OrderAcceptService]       Executed DbCommand (1ms) [Parameters=[@now='?' (DbType = DateTime)], CommandType='Text', CommandTimeout='30']
info: Onion.CleanArchitecture.WebApp.Server.Services.MicroserviceLauncherHostedService[0]
      [OrderAcceptService]       SELECT o."Id", o."CreatedAt", o."CreatedBy", o."LastModifiedAt", o."LastModifiedBy", o."OrderId", o."Status", o."Timeout", o."TimerId", o."TimerStatus"
info: Onion.CleanArchitecture.WebApp.Server.Services.MicroserviceLauncherHostedService[0]
      [OrderAcceptService]       FROM "OrderTimers" AS o
info: Onion.CleanArchitecture.WebApp.Server.Services.MicroserviceLauncherHostedService[0]
      [OrderAcceptService]       WHERE o."TimerStatus" = 1 AND o."Timeout" <= @now
info: Onion.CleanArchitecture.WebApp.Server.Services.MicroserviceLauncherHostedService[0]
      [OrderAcceptService] info: Microsoft.EntityFrameworkCore.Database.Command[20101]
info: Onion.CleanArchitecture.WebApp.Server.Services.MicroserviceLauncherHostedService[0]
      [OrderAcceptService]       Executed DbCommand (1ms) [Parameters=[@now='?' (DbType = DateTime)], CommandType='Text', CommandTimeout='30']
info: Onion.CleanArchitecture.WebApp.Server.Services.MicroserviceLauncherHostedService[0]
      [OrderAcceptService]       SELECT o."Id", o."CreatedAt", o."CreatedBy", o."LastModifiedAt", o."LastModifiedBy", o."OrderId", o."Status", o."Timeout", o."TimerId", o."TimerStatus"
info: Onion.CleanArchitecture.WebApp.Server.Services.MicroserviceLauncherHostedService[0]
      [OrderAcceptService]       FROM "OrderTimers" AS o
info: Onion.CleanArchitecture.WebApp.Server.Services.MicroserviceLauncherHostedService[0]
      [OrderAcceptService]       WHERE o."TimerStatus" = 1 AND o."Timeout" <= @now
info: Onion.CleanArchitecture.WebApp.Server.Services.MicroserviceLauncherHostedService[0]
      [OrderAcceptService] info: Microsoft.EntityFrameworkCore.Database.Command[20101]
info: Onion.CleanArchitecture.WebApp.Server.Services.MicroserviceLauncherHostedService[0]
      [OrderAcceptService]       Executed DbCommand (1ms) [Parameters=[@now='?' (DbType = DateTime)], CommandType='Text', CommandTimeout='30']
info: Onion.CleanArchitecture.WebApp.Server.Services.MicroserviceLauncherHostedService[0]
      [OrderAcceptService]       SELECT o."Id", o."CreatedAt", o."CreatedBy", o."LastModifiedAt", o."LastModifiedBy", o."OrderId", o."Status", o."Timeout", o."TimerId", o."TimerStatus"
info: Onion.CleanArchitecture.WebApp.Server.Services.MicroserviceLauncherHostedService[0]
      [OrderAcceptService]       FROM "OrderTimers" AS o
info: Onion.CleanArchitecture.WebApp.Server.Services.MicroserviceLauncherHostedService[0]
      [OrderAcceptService]       WHERE o."TimerStatus" = 1 AND o."Timeout" <= @now
info: Onion.CleanArchitecture.WebApp.Server.Services.MicroserviceLauncherHostedService[0]
      [OrderAcceptService] info: Microsoft.EntityFrameworkCore.Database.Command[20101]
info: Onion.CleanArchitecture.WebApp.Server.Services.MicroserviceLauncherHostedService[0]
      [OrderAcceptService]       Executed DbCommand (1ms) [Parameters=[@now='?' (DbType = DateTime)], CommandType='Text', CommandTimeout='30']
info: Onion.CleanArchitecture.WebApp.Server.Services.MicroserviceLauncherHostedService[0]
      [OrderAcceptService]       SELECT o."Id", o."CreatedAt", o."CreatedBy", o."LastModifiedAt", o."LastModifiedBy", o."OrderId", o."Status", o."Timeout", o."TimerId", o."TimerStatus"
info: Onion.CleanArchitecture.WebApp.Server.Services.MicroserviceLauncherHostedService[0]
      [OrderAcceptService]       FROM "OrderTimers" AS o
info: Onion.CleanArchitecture.WebApp.Server.Services.MicroserviceLauncherHostedService[0]
      [OrderAcceptService]       WHERE o."TimerStatus" = 1 AND o."Timeout" <= @now
info: Onion.CleanArchitecture.WebApp.Server.Services.MicroserviceLauncherHostedService[0]
      [OrderAcceptService] info: Microsoft.EntityFrameworkCore.Database.Command[20101]
info: Onion.CleanArchitecture.WebApp.Server.Services.MicroserviceLauncherHostedService[0]
      [OrderAcceptService]       Executed DbCommand (3ms) [Parameters=[@now='?' (DbType = DateTime)], CommandType='Text', CommandTimeout='30']
info: Onion.CleanArchitecture.WebApp.Server.Services.MicroserviceLauncherHostedService[0]
      [OrderAcceptService]       SELECT o."Id", o."CreatedAt", o."CreatedBy", o."LastModifiedAt", o."LastModifiedBy", o."OrderId", o."Status", o."Timeout", o."TimerId", o."TimerStatus"
info: Onion.CleanArchitecture.WebApp.Server.Services.MicroserviceLauncherHostedService[0]
      [OrderAcceptService]       FROM "OrderTimers" AS o
info: Onion.CleanArchitecture.WebApp.Server.Services.MicroserviceLauncherHostedService[0]
      [OrderAcceptService]       WHERE o."TimerStatus" = 1 AND o."Timeout" <= @now
info: Onion.CleanArchitecture.WebApp.Server.Services.MicroserviceLauncherHostedService[0]
      [OrderAcceptService] info: Microsoft.EntityFrameworkCore.Database.Command[20101]
info: Onion.CleanArchitecture.WebApp.Server.Services.MicroserviceLauncherHostedService[0]
      [OrderAcceptService]       Executed DbCommand (1ms) [Parameters=[@now='?' (DbType = DateTime)], CommandType='Text', CommandTimeout='30']
info: Onion.CleanArchitecture.WebApp.Server.Services.MicroserviceLauncherHostedService[0]
      [OrderAcceptService]       SELECT o."Id", o."CreatedAt", o."CreatedBy", o."LastModifiedAt", o."LastModifiedBy", o."OrderId", o."Status", o."Timeout", o."TimerId", o."TimerStatus"
info: Onion.CleanArchitecture.WebApp.Server.Services.MicroserviceLauncherHostedService[0]
      [OrderAcceptService]       FROM "OrderTimers" AS o
info: Onion.CleanArchitecture.WebApp.Server.Services.MicroserviceLauncherHostedService[0]
      [OrderAcceptService]       WHERE o."TimerStatus" = 1 AND o."Timeout" <= @now
info: Onion.CleanArchitecture.WebApp.Server.Services.MicroserviceLauncherHostedService[0]
      [OrderAcceptService] info: Microsoft.EntityFrameworkCore.Database.Command[20101]
info: Onion.CleanArchitecture.WebApp.Server.Services.MicroserviceLauncherHostedService[0]
      [OrderAcceptService]       Executed DbCommand (4ms) [Parameters=[@now='?' (DbType = DateTime)], CommandType='Text', CommandTimeout='30']
info: Onion.CleanArchitecture.WebApp.Server.Services.MicroserviceLauncherHostedService[0]
      [OrderAcceptService]       SELECT o."Id", o."CreatedAt", o."CreatedBy", o."LastModifiedAt", o."LastModifiedBy", o."OrderId", o."Status", o."Timeout", o."TimerId", o."TimerStatus"
info: Onion.CleanArchitecture.WebApp.Server.Services.MicroserviceLauncherHostedService[0]
      [OrderAcceptService]       FROM "OrderTimers" AS o
info: Onion.CleanArchitecture.WebApp.Server.Services.MicroserviceLauncherHostedService[0]
      [OrderAcceptService]       WHERE o."TimerStatus" = 1 AND o."Timeout" <= @now
info: Onion.CleanArchitecture.WebApp.Server.Services.MicroserviceLauncherHostedService[0]
      [OrderAcceptService] info: Microsoft.EntityFrameworkCore.Database.Command[20101]
info: Onion.CleanArchitecture.WebApp.Server.Services.MicroserviceLauncherHostedService[0]
      [OrderAcceptService]       Executed DbCommand (1ms) [Parameters=[@now='?' (DbType = DateTime)], CommandType='Text', CommandTimeout='30']
info: Onion.CleanArchitecture.WebApp.Server.Services.MicroserviceLauncherHostedService[0]
      [OrderAcceptService]       SELECT o."Id", o."CreatedAt", o."CreatedBy", o."LastModifiedAt", o."LastModifiedBy", o."OrderId", o."Status", o."Timeout", o."TimerId", o."TimerStatus"
info: Onion.CleanArchitecture.WebApp.Server.Services.MicroserviceLauncherHostedService[0]
      [OrderAcceptService]       FROM "OrderTimers" AS o
info: Onion.CleanArchitecture.WebApp.Server.Services.MicroserviceLauncherHostedService[0]
      [OrderAcceptService]       WHERE o."TimerStatus" = 1 AND o."Timeout" <= @now
info: Onion.CleanArchitecture.WebApp.Server.Services.MicroserviceLauncherHostedService[0]
      [OrderAcceptService] info: Microsoft.EntityFrameworkCore.Database.Command[20101]
info: Onion.CleanArchitecture.WebApp.Server.Services.MicroserviceLauncherHostedService[0]
      [OrderAcceptService]       Executed DbCommand (2ms) [Parameters=[@now='?' (DbType = DateTime)], CommandType='Text', CommandTimeout='30']
info: Onion.CleanArchitecture.WebApp.Server.Services.MicroserviceLauncherHostedService[0]
      [OrderAcceptService]       SELECT o."Id", o."CreatedAt", o."CreatedBy", o."LastModifiedAt", o."LastModifiedBy", o."OrderId", o."Status", o."Timeout", o."TimerId", o."TimerStatus"
info: Onion.CleanArchitecture.WebApp.Server.Services.MicroserviceLauncherHostedService[0]
      [OrderAcceptService]       FROM "OrderTimers" AS o
info: Onion.CleanArchitecture.WebApp.Server.Services.MicroserviceLauncherHostedService[0]
      [OrderAcceptService]       WHERE o."TimerStatus" = 1 AND o."Timeout" <= @now
info: Onion.CleanArchitecture.WebApp.Server.Services.MicroserviceLauncherHostedService[0]
      [OrderAcceptService] info: Microsoft.EntityFrameworkCore.Database.Command[20101]
info: Onion.CleanArchitecture.WebApp.Server.Services.MicroserviceLauncherHostedService[0]
      [OrderAcceptService]       Executed DbCommand (1ms) [Parameters=[@now='?' (DbType = DateTime)], CommandType='Text', CommandTimeout='30']
info: Onion.CleanArchitecture.WebApp.Server.Services.MicroserviceLauncherHostedService[0]
      [OrderAcceptService]       SELECT o."Id", o."CreatedAt", o."CreatedBy", o."LastModifiedAt", o."LastModifiedBy", o."OrderId", o."Status", o."Timeout", o."TimerId", o."TimerStatus"
info: Onion.CleanArchitecture.WebApp.Server.Services.MicroserviceLauncherHostedService[0]
      [OrderAcceptService]       FROM "OrderTimers" AS o
info: Onion.CleanArchitecture.WebApp.Server.Services.MicroserviceLauncherHostedService[0]
      [OrderAcceptService]       WHERE o."TimerStatus" = 1 AND o."Timeout" <= @now
info: Onion.CleanArchitecture.WebApp.Server.Services.MicroserviceLauncherHostedService[0]
      [OrderAcceptService] info: Microsoft.EntityFrameworkCore.Database.Command[20101]
info: Onion.CleanArchitecture.WebApp.Server.Services.MicroserviceLauncherHostedService[0]
      [OrderAcceptService]       Executed DbCommand (1ms) [Parameters=[@now='?' (DbType = DateTime)], CommandType='Text', CommandTimeout='30']
info: Onion.CleanArchitecture.WebApp.Server.Services.MicroserviceLauncherHostedService[0]
      [OrderAcceptService]       SELECT o."Id", o."CreatedAt", o."CreatedBy", o."LastModifiedAt", o."LastModifiedBy", o."OrderId", o."Status", o."Timeout", o."TimerId", o."TimerStatus"
info: Onion.CleanArchitecture.WebApp.Server.Services.MicroserviceLauncherHostedService[0]
      [OrderAcceptService]       FROM "OrderTimers" AS o
info: Onion.CleanArchitecture.WebApp.Server.Services.MicroserviceLauncherHostedService[0]
      [OrderAcceptService]       WHERE o."TimerStatus" = 1 AND o."Timeout" <= @now
info: Onion.CleanArchitecture.WebApp.Server.Services.MicroserviceLauncherHostedService[0]
      [OrderAcceptService] info: Microsoft.EntityFrameworkCore.Database.Command[20101]
info: Onion.CleanArchitecture.WebApp.Server.Services.MicroserviceLauncherHostedService[0]
      [OrderAcceptService]       Executed DbCommand (1ms) [Parameters=[@now='?' (DbType = DateTime)], CommandType='Text', CommandTimeout='30']
info: Onion.CleanArchitecture.WebApp.Server.Services.MicroserviceLauncherHostedService[0]
      [OrderAcceptService]       SELECT o."Id", o."CreatedAt", o."CreatedBy", o."LastModifiedAt", o."LastModifiedBy", o."OrderId", o."Status", o."Timeout", o."TimerId", o."TimerStatus"
info: Onion.CleanArchitecture.WebApp.Server.Services.MicroserviceLauncherHostedService[0]
      [OrderAcceptService]       FROM "OrderTimers" AS o
info: Onion.CleanArchitecture.WebApp.Server.Services.MicroserviceLauncherHostedService[0]
      [OrderAcceptService]       WHERE o."TimerStatus" = 1 AND o."Timeout" <= @now
info: Onion.CleanArchitecture.WebApp.Server.Services.MicroserviceLauncherHostedService[0]
      [OrderAcceptService] info: Microsoft.EntityFrameworkCore.Database.Command[20101]
info: Onion.CleanArchitecture.WebApp.Server.Services.MicroserviceLauncherHostedService[0]
      [OrderAcceptService]       Executed DbCommand (1ms) [Parameters=[@now='?' (DbType = DateTime)], CommandType='Text', CommandTimeout='30']
info: Onion.CleanArchitecture.WebApp.Server.Services.MicroserviceLauncherHostedService[0]
      [OrderAcceptService]       SELECT o."Id", o."CreatedAt", o."CreatedBy", o."LastModifiedAt", o."LastModifiedBy", o."OrderId", o."Status", o."Timeout", o."TimerId", o."TimerStatus"
info: Onion.CleanArchitecture.WebApp.Server.Services.MicroserviceLauncherHostedService[0]
      [OrderAcceptService]       FROM "OrderTimers" AS o
info: Onion.CleanArchitecture.WebApp.Server.Services.MicroserviceLauncherHostedService[0]
      [OrderAcceptService]       WHERE o."TimerStatus" = 1 AND o."Timeout" <= @now
info: Onion.CleanArchitecture.WebApp.Server.Services.MicroserviceLauncherHostedService[0]
      [OrderAcceptService] info: Microsoft.EntityFrameworkCore.Database.Command[20101]
info: Onion.CleanArchitecture.WebApp.Server.Services.MicroserviceLauncherHostedService[0]
      [OrderAcceptService]       Executed DbCommand (2ms) [Parameters=[@now='?' (DbType = DateTime)], CommandType='Text', CommandTimeout='30']
info: Onion.CleanArchitecture.WebApp.Server.Services.MicroserviceLauncherHostedService[0]
      [OrderAcceptService]       SELECT o."Id", o."CreatedAt", o."CreatedBy", o."LastModifiedAt", o."LastModifiedBy", o."OrderId", o."Status", o."Timeout", o."TimerId", o."TimerStatus"
info: Onion.CleanArchitecture.WebApp.Server.Services.MicroserviceLauncherHostedService[0]
      [OrderAcceptService]       FROM "OrderTimers" AS o
info: Onion.CleanArchitecture.WebApp.Server.Services.MicroserviceLauncherHostedService[0]
      [OrderAcceptService]       WHERE o."TimerStatus" = 1 AND o."Timeout" <= @now
info: Onion.CleanArchitecture.WebApp.Server.Services.MicroserviceLauncherHostedService[0]
      [OrderAcceptService] info: Microsoft.EntityFrameworkCore.Database.Command[20101]
info: Onion.CleanArchitecture.WebApp.Server.Services.MicroserviceLauncherHostedService[0]
      [OrderAcceptService]       Executed DbCommand (1ms) [Parameters=[@now='?' (DbType = DateTime)], CommandType='Text', CommandTimeout='30']
info: Onion.CleanArchitecture.WebApp.Server.Services.MicroserviceLauncherHostedService[0]
      [OrderAcceptService]       SELECT o."Id", o."CreatedAt", o."CreatedBy", o."LastModifiedAt", o."LastModifiedBy", o."OrderId", o."Status", o."Timeout", o."TimerId", o."TimerStatus"
info: Onion.CleanArchitecture.WebApp.Server.Services.MicroserviceLauncherHostedService[0]
      [OrderAcceptService]       FROM "OrderTimers" AS o
info: Onion.CleanArchitecture.WebApp.Server.Services.MicroserviceLauncherHostedService[0]
      [OrderAcceptService]       WHERE o."TimerStatus" = 1 AND o."Timeout" <= @now
info: Onion.CleanArchitecture.WebApp.Server.Services.MicroserviceLauncherHostedService[0]
      [OrderAcceptService] info: Microsoft.EntityFrameworkCore.Database.Command[20101]
info: Onion.CleanArchitecture.WebApp.Server.Services.MicroserviceLauncherHostedService[0]
      [OrderAcceptService]       Executed DbCommand (5ms) [Parameters=[@now='?' (DbType = DateTime)], CommandType='Text', CommandTimeout='30']
info: Onion.CleanArchitecture.WebApp.Server.Services.MicroserviceLauncherHostedService[0]
      [OrderAcceptService]       SELECT o."Id", o."CreatedAt", o."CreatedBy", o."LastModifiedAt", o."LastModifiedBy", o."OrderId", o."Status", o."Timeout", o."TimerId", o."TimerStatus"
info: Onion.CleanArchitecture.WebApp.Server.Services.MicroserviceLauncherHostedService[0]
      [OrderAcceptService]       FROM "OrderTimers" AS o
info: Onion.CleanArchitecture.WebApp.Server.Services.MicroserviceLauncherHostedService[0]
      [OrderAcceptService]       WHERE o."TimerStatus" = 1 AND o."Timeout" <= @now
info: Onion.CleanArchitecture.WebApp.Server.Services.MicroserviceLauncherHostedService[0]
      [OrderAcceptService] info: Microsoft.EntityFrameworkCore.Database.Command[20101]
info: Onion.CleanArchitecture.WebApp.Server.Services.MicroserviceLauncherHostedService[0]
      [OrderAcceptService]       Executed DbCommand (1ms) [Parameters=[@now='?' (DbType = DateTime)], CommandType='Text', CommandTimeout='30']
info: Onion.CleanArchitecture.WebApp.Server.Services.MicroserviceLauncherHostedService[0]
      [OrderAcceptService]       SELECT o."Id", o."CreatedAt", o."CreatedBy", o."LastModifiedAt", o."LastModifiedBy", o."OrderId", o."Status", o."Timeout", o."TimerId", o."TimerStatus"
info: Onion.CleanArchitecture.WebApp.Server.Services.MicroserviceLauncherHostedService[0]
      [OrderAcceptService]       FROM "OrderTimers" AS o
info: Onion.CleanArchitecture.WebApp.Server.Services.MicroserviceLauncherHostedService[0]
      [OrderAcceptService]       WHERE o."TimerStatus" = 1 AND o."Timeout" <= @now
info: Onion.CleanArchitecture.WebApp.Server.Services.MicroserviceLauncherHostedService[0]
      [OrderAcceptService] info: Microsoft.EntityFrameworkCore.Database.Command[20101]
info: Onion.CleanArchitecture.WebApp.Server.Services.MicroserviceLauncherHostedService[0]
      [OrderAcceptService]       Executed DbCommand (1ms) [Parameters=[@now='?' (DbType = DateTime)], CommandType='Text', CommandTimeout='30']
info: Onion.CleanArchitecture.WebApp.Server.Services.MicroserviceLauncherHostedService[0]
      [OrderAcceptService]       SELECT o."Id", o."CreatedAt", o."CreatedBy", o."LastModifiedAt", o."LastModifiedBy", o."OrderId", o."Status", o."Timeout", o."TimerId", o."TimerStatus"
info: Onion.CleanArchitecture.WebApp.Server.Services.MicroserviceLauncherHostedService[0]
      [OrderAcceptService]       FROM "OrderTimers" AS o
info: Onion.CleanArchitecture.WebApp.Server.Services.MicroserviceLauncherHostedService[0]
      [OrderAcceptService]       WHERE o."TimerStatus" = 1 AND o."Timeout" <= @now
info: Onion.CleanArchitecture.WebApp.Server.Services.MicroserviceLauncherHostedService[0]
      [OrderAcceptService] info: Microsoft.EntityFrameworkCore.Database.Command[20101]
info: Onion.CleanArchitecture.WebApp.Server.Services.MicroserviceLauncherHostedService[0]
      [OrderAcceptService]       Executed DbCommand (3ms) [Parameters=[@now='?' (DbType = DateTime)], CommandType='Text', CommandTimeout='30']
info: Onion.CleanArchitecture.WebApp.Server.Services.MicroserviceLauncherHostedService[0]
      [OrderAcceptService]       SELECT o."Id", o."CreatedAt", o."CreatedBy", o."LastModifiedAt", o."LastModifiedBy", o."OrderId", o."Status", o."Timeout", o."TimerId", o."TimerStatus"
info: Onion.CleanArchitecture.WebApp.Server.Services.MicroserviceLauncherHostedService[0]
      [OrderAcceptService]       FROM "OrderTimers" AS o
info: Onion.CleanArchitecture.WebApp.Server.Services.MicroserviceLauncherHostedService[0]
      [OrderAcceptService]       WHERE o."TimerStatus" = 1 AND o."Timeout" <= @now
info: Onion.CleanArchitecture.WebApp.Server.Services.MicroserviceLauncherHostedService[0]
      [OrderAcceptService] info: Microsoft.EntityFrameworkCore.Database.Command[20101]
info: Onion.CleanArchitecture.WebApp.Server.Services.MicroserviceLauncherHostedService[0]
      [OrderAcceptService]       Executed DbCommand (1ms) [Parameters=[@now='?' (DbType = DateTime)], CommandType='Text', CommandTimeout='30']
info: Onion.CleanArchitecture.WebApp.Server.Services.MicroserviceLauncherHostedService[0]
      [OrderAcceptService]       SELECT o."Id", o."CreatedAt", o."CreatedBy", o."LastModifiedAt", o."LastModifiedBy", o."OrderId", o."Status", o."Timeout", o."TimerId", o."TimerStatus"
info: Onion.CleanArchitecture.WebApp.Server.Services.MicroserviceLauncherHostedService[0]
      [OrderAcceptService]       FROM "OrderTimers" AS o
info: Onion.CleanArchitecture.WebApp.Server.Services.MicroserviceLauncherHostedService[0]
      [OrderAcceptService]       WHERE o."TimerStatus" = 1 AND o."Timeout" <= @now
info: Onion.CleanArchitecture.WebApp.Server.Services.MicroserviceLauncherHostedService[0]
      [OrderAcceptService] info: Microsoft.EntityFrameworkCore.Database.Command[20101]
info: Onion.CleanArchitecture.WebApp.Server.Services.MicroserviceLauncherHostedService[0]
      [OrderAcceptService]       Executed DbCommand (1ms) [Parameters=[@now='?' (DbType = DateTime)], CommandType='Text', CommandTimeout='30']
info: Onion.CleanArchitecture.WebApp.Server.Services.MicroserviceLauncherHostedService[0]
      [OrderAcceptService]       SELECT o."Id", o."CreatedAt", o."CreatedBy", o."LastModifiedAt", o."LastModifiedBy", o."OrderId", o."Status", o."Timeout", o."TimerId", o."TimerStatus"
info: Onion.CleanArchitecture.WebApp.Server.Services.MicroserviceLauncherHostedService[0]
      [OrderAcceptService]       FROM "OrderTimers" AS o
info: Onion.CleanArchitecture.WebApp.Server.Services.MicroserviceLauncherHostedService[0]
      [OrderAcceptService]       WHERE o."TimerStatus" = 1 AND o."Timeout" <= @now
info: Onion.CleanArchitecture.WebApp.Server.Services.MicroserviceLauncherHostedService[0]
      [OrderAcceptService] info: Microsoft.EntityFrameworkCore.Database.Command[20101]
info: Onion.CleanArchitecture.WebApp.Server.Services.MicroserviceLauncherHostedService[0]
      [OrderAcceptService]       Executed DbCommand (1ms) [Parameters=[@now='?' (DbType = DateTime)], CommandType='Text', CommandTimeout='30']
info: Onion.CleanArchitecture.WebApp.Server.Services.MicroserviceLauncherHostedService[0]
      [OrderAcceptService]       SELECT o."Id", o."CreatedAt", o."CreatedBy", o."LastModifiedAt", o."LastModifiedBy", o."OrderId", o."Status", o."Timeout", o."TimerId", o."TimerStatus"
info: Onion.CleanArchitecture.WebApp.Server.Services.MicroserviceLauncherHostedService[0]
      [OrderAcceptService]       FROM "OrderTimers" AS o
info: Onion.CleanArchitecture.WebApp.Server.Services.MicroserviceLauncherHostedService[0]
      [OrderAcceptService]       WHERE o."TimerStatus" = 1 AND o."Timeout" <= @now
info: Onion.CleanArchitecture.WebApp.Server.Services.MicroserviceLauncherHostedService[0]
      [OrderAcceptService] info: Microsoft.EntityFrameworkCore.Database.Command[20101]
info: Onion.CleanArchitecture.WebApp.Server.Services.MicroserviceLauncherHostedService[0]
      [OrderAcceptService]       Executed DbCommand (1ms) [Parameters=[@now='?' (DbType = DateTime)], CommandType='Text', CommandTimeout='30']
info: Onion.CleanArchitecture.WebApp.Server.Services.MicroserviceLauncherHostedService[0]
      [OrderAcceptService]       SELECT o."Id", o."CreatedAt", o."CreatedBy", o."LastModifiedAt", o."LastModifiedBy", o."OrderId", o."Status", o."Timeout", o."TimerId", o."TimerStatus"
info: Onion.CleanArchitecture.WebApp.Server.Services.MicroserviceLauncherHostedService[0]
      [OrderAcceptService]       FROM "OrderTimers" AS o
info: Onion.CleanArchitecture.WebApp.Server.Services.MicroserviceLauncherHostedService[0]
      [OrderAcceptService]       WHERE o."TimerStatus" = 1 AND o."Timeout" <= @now
info: Onion.CleanArchitecture.WebApp.Server.Services.MicroserviceLauncherHostedService[0]
      [OrderAcceptService] info: Microsoft.EntityFrameworkCore.Database.Command[20101]
info: Onion.CleanArchitecture.WebApp.Server.Services.MicroserviceLauncherHostedService[0]
      [OrderAcceptService]       Executed DbCommand (1ms) [Parameters=[@now='?' (DbType = DateTime)], CommandType='Text', CommandTimeout='30']
info: Onion.CleanArchitecture.WebApp.Server.Services.MicroserviceLauncherHostedService[0]
      [OrderAcceptService]       SELECT o."Id", o."CreatedAt", o."CreatedBy", o."LastModifiedAt", o."LastModifiedBy", o."OrderId", o."Status", o."Timeout", o."TimerId", o."TimerStatus"
info: Onion.CleanArchitecture.WebApp.Server.Services.MicroserviceLauncherHostedService[0]
      [OrderAcceptService]       FROM "OrderTimers" AS o
info: Onion.CleanArchitecture.WebApp.Server.Services.MicroserviceLauncherHostedService[0]
      [OrderAcceptService]       WHERE o."TimerStatus" = 1 AND o."Timeout" <= @now
info: Onion.CleanArchitecture.WebApp.Server.Services.MicroserviceLauncherHostedService[0]
      [OrderAcceptService] info: Microsoft.EntityFrameworkCore.Database.Command[20101]
info: Onion.CleanArchitecture.WebApp.Server.Services.MicroserviceLauncherHostedService[0]
      [OrderAcceptService]       Executed DbCommand (1ms) [Parameters=[@now='?' (DbType = DateTime)], CommandType='Text', CommandTimeout='30']
info: Onion.CleanArchitecture.WebApp.Server.Services.MicroserviceLauncherHostedService[0]
      [OrderAcceptService]       SELECT o."Id", o."CreatedAt", o."CreatedBy", o."LastModifiedAt", o."LastModifiedBy", o."OrderId", o."Status", o."Timeout", o."TimerId", o."TimerStatus"
info: Onion.CleanArchitecture.WebApp.Server.Services.MicroserviceLauncherHostedService[0]
      [OrderAcceptService]       FROM "OrderTimers" AS o
info: Onion.CleanArchitecture.WebApp.Server.Services.MicroserviceLauncherHostedService[0]
      [OrderAcceptService]       WHERE o."TimerStatus" = 1 AND o."Timeout" <= @now
info: Onion.CleanArchitecture.WebApp.Server.Services.MicroserviceLauncherHostedService[0]
      [OrderAcceptService] info: Microsoft.EntityFrameworkCore.Database.Command[20101]
info: Onion.CleanArchitecture.WebApp.Server.Services.MicroserviceLauncherHostedService[0]
      [OrderAcceptService]       Executed DbCommand (1ms) [Parameters=[@now='?' (DbType = DateTime)], CommandType='Text', CommandTimeout='30']
info: Onion.CleanArchitecture.WebApp.Server.Services.MicroserviceLauncherHostedService[0]
      [OrderAcceptService]       SELECT o."Id", o."CreatedAt", o."CreatedBy", o."LastModifiedAt", o."LastModifiedBy", o."OrderId", o."Status", o."Timeout", o."TimerId", o."TimerStatus"
info: Onion.CleanArchitecture.WebApp.Server.Services.MicroserviceLauncherHostedService[0]
      [OrderAcceptService]       FROM "OrderTimers" AS o
info: Onion.CleanArchitecture.WebApp.Server.Services.MicroserviceLauncherHostedService[0]
      [OrderAcceptService]       WHERE o."TimerStatus" = 1 AND o."Timeout" <= @now
info: Onion.CleanArchitecture.WebApp.Server.Services.MicroserviceLauncherHostedService[0]
      [OrderAcceptService] info: Microsoft.EntityFrameworkCore.Database.Command[20101]
info: Onion.CleanArchitecture.WebApp.Server.Services.MicroserviceLauncherHostedService[0]
      [OrderAcceptService]       Executed DbCommand (3ms) [Parameters=[@now='?' (DbType = DateTime)], CommandType='Text', CommandTimeout='30']
info: Onion.CleanArchitecture.WebApp.Server.Services.MicroserviceLauncherHostedService[0]
      [OrderAcceptService]       SELECT o."Id", o."CreatedAt", o."CreatedBy", o."LastModifiedAt", o."LastModifiedBy", o."OrderId", o."Status", o."Timeout", o."TimerId", o."TimerStatus"
info: Onion.CleanArchitecture.WebApp.Server.Services.MicroserviceLauncherHostedService[0]
      [OrderAcceptService]       FROM "OrderTimers" AS o
info: Onion.CleanArchitecture.WebApp.Server.Services.MicroserviceLauncherHostedService[0]
      [OrderAcceptService]       WHERE o."TimerStatus" = 1 AND o."Timeout" <= @now
info: Onion.CleanArchitecture.WebApp.Server.Services.MicroserviceLauncherHostedService[0]
      [OrderAcceptService] info: Microsoft.EntityFrameworkCore.Database.Command[20101]
info: Onion.CleanArchitecture.WebApp.Server.Services.MicroserviceLauncherHostedService[0]
      [OrderAcceptService]       Executed DbCommand (1ms) [Parameters=[@now='?' (DbType = DateTime)], CommandType='Text', CommandTimeout='30']
info: Onion.CleanArchitecture.WebApp.Server.Services.MicroserviceLauncherHostedService[0]
      [OrderAcceptService]       SELECT o."Id", o."CreatedAt", o."CreatedBy", o."LastModifiedAt", o."LastModifiedBy", o."OrderId", o."Status", o."Timeout", o."TimerId", o."TimerStatus"
info: Onion.CleanArchitecture.WebApp.Server.Services.MicroserviceLauncherHostedService[0]
      [OrderAcceptService]       FROM "OrderTimers" AS o
info: Onion.CleanArchitecture.WebApp.Server.Services.MicroserviceLauncherHostedService[0]
      [OrderAcceptService]       WHERE o."TimerStatus" = 1 AND o."Timeout" <= @now
info: Onion.CleanArchitecture.WebApp.Server.Services.MicroserviceLauncherHostedService[0]
      [OrderAcceptService] info: Microsoft.EntityFrameworkCore.Database.Command[20101]
info: Onion.CleanArchitecture.WebApp.Server.Services.MicroserviceLauncherHostedService[0]
      [OrderAcceptService]       Executed DbCommand (1ms) [Parameters=[@now='?' (DbType = DateTime)], CommandType='Text', CommandTimeout='30']
info: Onion.CleanArchitecture.WebApp.Server.Services.MicroserviceLauncherHostedService[0]
      [OrderAcceptService]       SELECT o."Id", o."CreatedAt", o."CreatedBy", o."LastModifiedAt", o."LastModifiedBy", o."OrderId", o."Status", o."Timeout", o."TimerId", o."TimerStatus"
info: Onion.CleanArchitecture.WebApp.Server.Services.MicroserviceLauncherHostedService[0]
      [OrderAcceptService]       FROM "OrderTimers" AS o
info: Onion.CleanArchitecture.WebApp.Server.Services.MicroserviceLauncherHostedService[0]
      [OrderAcceptService]       WHERE o."TimerStatus" = 1 AND o."Timeout" <= @now
info: Onion.CleanArchitecture.WebApp.Server.Services.MicroserviceLauncherHostedService[0]
      [OrderAcceptService] info: Microsoft.EntityFrameworkCore.Database.Command[20101]
info: Onion.CleanArchitecture.WebApp.Server.Services.MicroserviceLauncherHostedService[0]
      [OrderAcceptService]       Executed DbCommand (1ms) [Parameters=[@now='?' (DbType = DateTime)], CommandType='Text', CommandTimeout='30']
info: Onion.CleanArchitecture.WebApp.Server.Services.MicroserviceLauncherHostedService[0]
      [OrderAcceptService]       SELECT o."Id", o."CreatedAt", o."CreatedBy", o."LastModifiedAt", o."LastModifiedBy", o."OrderId", o."Status", o."Timeout", o."TimerId", o."TimerStatus"
info: Onion.CleanArchitecture.WebApp.Server.Services.MicroserviceLauncherHostedService[0]
      [OrderAcceptService]       FROM "OrderTimers" AS o
info: Onion.CleanArchitecture.WebApp.Server.Services.MicroserviceLauncherHostedService[0]
      [OrderAcceptService]       WHERE o."TimerStatus" = 1 AND o."Timeout" <= @now
info: Onion.CleanArchitecture.WebApp.Server.Services.MicroserviceLauncherHostedService[0]
      [OrderAcceptService] info: Microsoft.EntityFrameworkCore.Database.Command[20101]
info: Onion.CleanArchitecture.WebApp.Server.Services.MicroserviceLauncherHostedService[0]
      [OrderAcceptService]       Executed DbCommand (1ms) [Parameters=[@now='?' (DbType = DateTime)], CommandType='Text', CommandTimeout='30']
info: Onion.CleanArchitecture.WebApp.Server.Services.MicroserviceLauncherHostedService[0]
      [OrderAcceptService]       SELECT o."Id", o."CreatedAt", o."CreatedBy", o."LastModifiedAt", o."LastModifiedBy", o."OrderId", o."Status", o."Timeout", o."TimerId", o."TimerStatus"
info: Onion.CleanArchitecture.WebApp.Server.Services.MicroserviceLauncherHostedService[0]
      [OrderAcceptService]       FROM "OrderTimers" AS o
info: Onion.CleanArchitecture.WebApp.Server.Services.MicroserviceLauncherHostedService[0]
      [OrderAcceptService]       WHERE o."TimerStatus" = 1 AND o."Timeout" <= @now
info: Onion.CleanArchitecture.WebApp.Server.Services.MicroserviceLauncherHostedService[0]
      [OrderAcceptService] info: Microsoft.EntityFrameworkCore.Database.Command[20101]
info: Onion.CleanArchitecture.WebApp.Server.Services.MicroserviceLauncherHostedService[0]
      [OrderAcceptService]       Executed DbCommand (1ms) [Parameters=[@now='?' (DbType = DateTime)], CommandType='Text', CommandTimeout='30']
info: Onion.CleanArchitecture.WebApp.Server.Services.MicroserviceLauncherHostedService[0]
      [OrderAcceptService]       SELECT o."Id", o."CreatedAt", o."CreatedBy", o."LastModifiedAt", o."LastModifiedBy", o."OrderId", o."Status", o."Timeout", o."TimerId", o."TimerStatus"
info: Onion.CleanArchitecture.WebApp.Server.Services.MicroserviceLauncherHostedService[0]
      [OrderAcceptService]       FROM "OrderTimers" AS o
info: Onion.CleanArchitecture.WebApp.Server.Services.MicroserviceLauncherHostedService[0]
      [OrderAcceptService]       WHERE o."TimerStatus" = 1 AND o."Timeout" <= @now
info: Onion.CleanArchitecture.WebApp.Server.Services.MicroserviceLauncherHostedService[0]
      [OrderAcceptService] info: Microsoft.EntityFrameworkCore.Database.Command[20101]
info: Onion.CleanArchitecture.WebApp.Server.Services.MicroserviceLauncherHostedService[0]
      [OrderAcceptService]       Executed DbCommand (1ms) [Parameters=[@now='?' (DbType = DateTime)], CommandType='Text', CommandTimeout='30']
info: Onion.CleanArchitecture.WebApp.Server.Services.MicroserviceLauncherHostedService[0]
      [OrderAcceptService]       SELECT o."Id", o."CreatedAt", o."CreatedBy", o."LastModifiedAt", o."LastModifiedBy", o."OrderId", o."Status", o."Timeout", o."TimerId", o."TimerStatus"
info: Onion.CleanArchitecture.WebApp.Server.Services.MicroserviceLauncherHostedService[0]
      [OrderAcceptService]       FROM "OrderTimers" AS o
info: Onion.CleanArchitecture.WebApp.Server.Services.MicroserviceLauncherHostedService[0]
      [OrderAcceptService]       WHERE o."TimerStatus" = 1 AND o."Timeout" <= @now
info: Onion.CleanArchitecture.WebApp.Server.Services.MicroserviceLauncherHostedService[0]
      [OrderAcceptService] info: Microsoft.EntityFrameworkCore.Database.Command[20101]
info: Onion.CleanArchitecture.WebApp.Server.Services.MicroserviceLauncherHostedService[0]
      [OrderAcceptService]       Executed DbCommand (1ms) [Parameters=[@now='?' (DbType = DateTime)], CommandType='Text', CommandTimeout='30']
info: Onion.CleanArchitecture.WebApp.Server.Services.MicroserviceLauncherHostedService[0]
      [OrderAcceptService]       SELECT o."Id", o."CreatedAt", o."CreatedBy", o."LastModifiedAt", o."LastModifiedBy", o."OrderId", o."Status", o."Timeout", o."TimerId", o."TimerStatus"
info: Onion.CleanArchitecture.WebApp.Server.Services.MicroserviceLauncherHostedService[0]
      [OrderAcceptService]       FROM "OrderTimers" AS o
info: Onion.CleanArchitecture.WebApp.Server.Services.MicroserviceLauncherHostedService[0]
      [OrderAcceptService]       WHERE o."TimerStatus" = 1 AND o."Timeout" <= @now
info: Onion.CleanArchitecture.WebApp.Server.Services.MicroserviceLauncherHostedService[0]
      [OrderAcceptService] info: Microsoft.EntityFrameworkCore.Database.Command[20101]
info: Onion.CleanArchitecture.WebApp.Server.Services.MicroserviceLauncherHostedService[0]
      [OrderAcceptService]       Executed DbCommand (1ms) [Parameters=[@now='?' (DbType = DateTime)], CommandType='Text', CommandTimeout='30']
info: Onion.CleanArchitecture.WebApp.Server.Services.MicroserviceLauncherHostedService[0]
      [OrderAcceptService]       SELECT o."Id", o."CreatedAt", o."CreatedBy", o."LastModifiedAt", o."LastModifiedBy", o."OrderId", o."Status", o."Timeout", o."TimerId", o."TimerStatus"
info: Onion.CleanArchitecture.WebApp.Server.Services.MicroserviceLauncherHostedService[0]
      [OrderAcceptService]       FROM "OrderTimers" AS o
info: Onion.CleanArchitecture.WebApp.Server.Services.MicroserviceLauncherHostedService[0]
      [OrderAcceptService]       WHERE o."TimerStatus" = 1 AND o."Timeout" <= @now
info: Onion.CleanArchitecture.WebApp.Server.Services.MicroserviceLauncherHostedService[0]
      [OrderAcceptService] info: Microsoft.EntityFrameworkCore.Database.Command[20101]
info: Onion.CleanArchitecture.WebApp.Server.Services.MicroserviceLauncherHostedService[0]
      [OrderAcceptService]       Executed DbCommand (1ms) [Parameters=[@now='?' (DbType = DateTime)], CommandType='Text', CommandTimeout='30']
info: Onion.CleanArchitecture.WebApp.Server.Services.MicroserviceLauncherHostedService[0]
      [OrderAcceptService]       SELECT o."Id", o."CreatedAt", o."CreatedBy", o."LastModifiedAt", o."LastModifiedBy", o."OrderId", o."Status", o."Timeout", o."TimerId", o."TimerStatus"
info: Onion.CleanArchitecture.WebApp.Server.Services.MicroserviceLauncherHostedService[0]
      [OrderAcceptService]       FROM "OrderTimers" AS o
info: Onion.CleanArchitecture.WebApp.Server.Services.MicroserviceLauncherHostedService[0]
      [OrderAcceptService]       WHERE o."TimerStatus" = 1 AND o."Timeout" <= @now
info: Onion.CleanArchitecture.WebApp.Server.Services.MicroserviceLauncherHostedService[0]
      [OrderAcceptService] info: Microsoft.EntityFrameworkCore.Database.Command[20101]
info: Onion.CleanArchitecture.WebApp.Server.Services.MicroserviceLauncherHostedService[0]
      [OrderAcceptService]       Executed DbCommand (1ms) [Parameters=[@now='?' (DbType = DateTime)], CommandType='Text', CommandTimeout='30']
info: Onion.CleanArchitecture.WebApp.Server.Services.MicroserviceLauncherHostedService[0]
      [OrderAcceptService]       SELECT o."Id", o."CreatedAt", o."CreatedBy", o."LastModifiedAt", o."LastModifiedBy", o."OrderId", o."Status", o."Timeout", o."TimerId", o."TimerStatus"
info: Onion.CleanArchitecture.WebApp.Server.Services.MicroserviceLauncherHostedService[0]
      [OrderAcceptService]       FROM "OrderTimers" AS o
info: Onion.CleanArchitecture.WebApp.Server.Services.MicroserviceLauncherHostedService[0]
      [OrderAcceptService]       WHERE o."TimerStatus" = 1 AND o."Timeout" <= @now
info: Onion.CleanArchitecture.WebApp.Server.Services.MicroserviceLauncherHostedService[0]
      [OrderAcceptService] info: Microsoft.EntityFrameworkCore.Database.Command[20101]
info: Onion.CleanArchitecture.WebApp.Server.Services.MicroserviceLauncherHostedService[0]
      [OrderAcceptService]       Executed DbCommand (3ms) [Parameters=[@now='?' (DbType = DateTime)], CommandType='Text', CommandTimeout='30']
info: Onion.CleanArchitecture.WebApp.Server.Services.MicroserviceLauncherHostedService[0]
      [OrderAcceptService]       SELECT o."Id", o."CreatedAt", o."CreatedBy", o."LastModifiedAt", o."LastModifiedBy", o."OrderId", o."Status", o."Timeout", o."TimerId", o."TimerStatus"
info: Onion.CleanArchitecture.WebApp.Server.Services.MicroserviceLauncherHostedService[0]
      [OrderAcceptService]       FROM "OrderTimers" AS o
info: Onion.CleanArchitecture.WebApp.Server.Services.MicroserviceLauncherHostedService[0]
      [OrderAcceptService]       WHERE o."TimerStatus" = 1 AND o."Timeout" <= @now
info: Onion.CleanArchitecture.WebApp.Server.Services.MicroserviceLauncherHostedService[0]
      [OrderAcceptService] info: Microsoft.EntityFrameworkCore.Database.Command[20101]
info: Onion.CleanArchitecture.WebApp.Server.Services.MicroserviceLauncherHostedService[0]
      [OrderAcceptService]       Executed DbCommand (1ms) [Parameters=[@now='?' (DbType = DateTime)], CommandType='Text', CommandTimeout='30']
info: Onion.CleanArchitecture.WebApp.Server.Services.MicroserviceLauncherHostedService[0]
      [OrderAcceptService]       SELECT o."Id", o."CreatedAt", o."CreatedBy", o."LastModifiedAt", o."LastModifiedBy", o."OrderId", o."Status", o."Timeout", o."TimerId", o."TimerStatus"
info: Onion.CleanArchitecture.WebApp.Server.Services.MicroserviceLauncherHostedService[0]
      [OrderAcceptService]       FROM "OrderTimers" AS o
info: Onion.CleanArchitecture.WebApp.Server.Services.MicroserviceLauncherHostedService[0]
      [OrderAcceptService]       WHERE o."TimerStatus" = 1 AND o."Timeout" <= @now
info: Onion.CleanArchitecture.WebApp.Server.Services.MicroserviceLauncherHostedService[0]
      [OrderAcceptService] info: Microsoft.EntityFrameworkCore.Database.Command[20101]
info: Onion.CleanArchitecture.WebApp.Server.Services.MicroserviceLauncherHostedService[0]
      [OrderAcceptService]       Executed DbCommand (1ms) [Parameters=[@now='?' (DbType = DateTime)], CommandType='Text', CommandTimeout='30']
info: Onion.CleanArchitecture.WebApp.Server.Services.MicroserviceLauncherHostedService[0]
      [OrderAcceptService]       SELECT o."Id", o."CreatedAt", o."CreatedBy", o."LastModifiedAt", o."LastModifiedBy", o."OrderId", o."Status", o."Timeout", o."TimerId", o."TimerStatus"
info: Onion.CleanArchitecture.WebApp.Server.Services.MicroserviceLauncherHostedService[0]
      [OrderAcceptService]       FROM "OrderTimers" AS o
info: Onion.CleanArchitecture.WebApp.Server.Services.MicroserviceLauncherHostedService[0]
      [OrderAcceptService]       WHERE o."TimerStatus" = 1 AND o."Timeout" <= @now
info: Onion.CleanArchitecture.WebApp.Server.Services.MicroserviceLauncherHostedService[0]
      [OrderAcceptService] info: Microsoft.EntityFrameworkCore.Database.Command[20101]
info: Onion.CleanArchitecture.WebApp.Server.Services.MicroserviceLauncherHostedService[0]
      [OrderAcceptService]       Executed DbCommand (1ms) [Parameters=[@now='?' (DbType = DateTime)], CommandType='Text', CommandTimeout='30']
info: Onion.CleanArchitecture.WebApp.Server.Services.MicroserviceLauncherHostedService[0]
      [OrderAcceptService]       SELECT o."Id", o."CreatedAt", o."CreatedBy", o."LastModifiedAt", o."LastModifiedBy", o."OrderId", o."Status", o."Timeout", o."TimerId", o."TimerStatus"
info: Onion.CleanArchitecture.WebApp.Server.Services.MicroserviceLauncherHostedService[0]
      [OrderAcceptService]       FROM "OrderTimers" AS o
info: Onion.CleanArchitecture.WebApp.Server.Services.MicroserviceLauncherHostedService[0]
      [OrderAcceptService]       WHERE o."TimerStatus" = 1 AND o."Timeout" <= @now
info: Onion.CleanArchitecture.WebApp.Server.Services.MicroserviceLauncherHostedService[0]
      [OrderAcceptService] info: Microsoft.EntityFrameworkCore.Database.Command[20101]
info: Onion.CleanArchitecture.WebApp.Server.Services.MicroserviceLauncherHostedService[0]
      [OrderAcceptService]       Executed DbCommand (1ms) [Parameters=[@now='?' (DbType = DateTime)], CommandType='Text', CommandTimeout='30']
info: Onion.CleanArchitecture.WebApp.Server.Services.MicroserviceLauncherHostedService[0]
      [OrderAcceptService]       SELECT o."Id", o."CreatedAt", o."CreatedBy", o."LastModifiedAt", o."LastModifiedBy", o."OrderId", o."Status", o."Timeout", o."TimerId", o."TimerStatus"
info: Onion.CleanArchitecture.WebApp.Server.Services.MicroserviceLauncherHostedService[0]
      [OrderAcceptService]       FROM "OrderTimers" AS o
info: Onion.CleanArchitecture.WebApp.Server.Services.MicroserviceLauncherHostedService[0]
      [OrderAcceptService]       WHERE o."TimerStatus" = 1 AND o."Timeout" <= @now
info: Onion.CleanArchitecture.WebApp.Server.Services.MicroserviceLauncherHostedService[0]
      [OrderAcceptService] info: Microsoft.EntityFrameworkCore.Database.Command[20101]
info: Onion.CleanArchitecture.WebApp.Server.Services.MicroserviceLauncherHostedService[0]
      [OrderAcceptService]       Executed DbCommand (1ms) [Parameters=[@now='?' (DbType = DateTime)], CommandType='Text', CommandTimeout='30']
info: Onion.CleanArchitecture.WebApp.Server.Services.MicroserviceLauncherHostedService[0]
      [OrderAcceptService]       SELECT o."Id", o."CreatedAt", o."CreatedBy", o."LastModifiedAt", o."LastModifiedBy", o."OrderId", o."Status", o."Timeout", o."TimerId", o."TimerStatus"
info: Onion.CleanArchitecture.WebApp.Server.Services.MicroserviceLauncherHostedService[0]
      [OrderAcceptService]       FROM "OrderTimers" AS o
info: Onion.CleanArchitecture.WebApp.Server.Services.MicroserviceLauncherHostedService[0]
      [OrderAcceptService]       WHERE o."TimerStatus" = 1 AND o."Timeout" <= @now
info: Onion.CleanArchitecture.WebApp.Server.Services.MicroserviceLauncherHostedService[0]
      [OrderAcceptService] info: Microsoft.EntityFrameworkCore.Database.Command[20101]
info: Onion.CleanArchitecture.WebApp.Server.Services.MicroserviceLauncherHostedService[0]
      [OrderAcceptService]       Executed DbCommand (1ms) [Parameters=[@now='?' (DbType = DateTime)], CommandType='Text', CommandTimeout='30']
info: Onion.CleanArchitecture.WebApp.Server.Services.MicroserviceLauncherHostedService[0]
      [OrderAcceptService]       SELECT o."Id", o."CreatedAt", o."CreatedBy", o."LastModifiedAt", o."LastModifiedBy", o."OrderId", o."Status", o."Timeout", o."TimerId", o."TimerStatus"
info: Onion.CleanArchitecture.WebApp.Server.Services.MicroserviceLauncherHostedService[0]
      [OrderAcceptService]       FROM "OrderTimers" AS o
info: Onion.CleanArchitecture.WebApp.Server.Services.MicroserviceLauncherHostedService[0]
      [OrderAcceptService]       WHERE o."TimerStatus" = 1 AND o."Timeout" <= @now
info: Onion.CleanArchitecture.WebApp.Server.Services.MicroserviceLauncherHostedService[0]
      [OrderAcceptService] info: Microsoft.EntityFrameworkCore.Database.Command[20101]
info: Onion.CleanArchitecture.WebApp.Server.Services.MicroserviceLauncherHostedService[0]
      [OrderAcceptService]       Executed DbCommand (1ms) [Parameters=[@now='?' (DbType = DateTime)], CommandType='Text', CommandTimeout='30']
info: Onion.CleanArchitecture.WebApp.Server.Services.MicroserviceLauncherHostedService[0]
      [OrderAcceptService]       SELECT o."Id", o."CreatedAt", o."CreatedBy", o."LastModifiedAt", o."LastModifiedBy", o."OrderId", o."Status", o."Timeout", o."TimerId", o."TimerStatus"
info: Onion.CleanArchitecture.WebApp.Server.Services.MicroserviceLauncherHostedService[0]
      [OrderAcceptService]       FROM "OrderTimers" AS o
info: Onion.CleanArchitecture.WebApp.Server.Services.MicroserviceLauncherHostedService[0]
      [OrderAcceptService]       WHERE o."TimerStatus" = 1 AND o."Timeout" <= @now
info: Onion.CleanArchitecture.WebApp.Server.Services.MicroserviceLauncherHostedService[0]
      [OrderAcceptService] info: Microsoft.EntityFrameworkCore.Database.Command[20101]
info: Onion.CleanArchitecture.WebApp.Server.Services.MicroserviceLauncherHostedService[0]
      [OrderAcceptService]       Executed DbCommand (1ms) [Parameters=[@now='?' (DbType = DateTime)], CommandType='Text', CommandTimeout='30']
info: Onion.CleanArchitecture.WebApp.Server.Services.MicroserviceLauncherHostedService[0]
      [OrderAcceptService]       SELECT o."Id", o."CreatedAt", o."CreatedBy", o."LastModifiedAt", o."LastModifiedBy", o."OrderId", o."Status", o."Timeout", o."TimerId", o."TimerStatus"
info: Onion.CleanArchitecture.WebApp.Server.Services.MicroserviceLauncherHostedService[0]
      [OrderAcceptService]       FROM "OrderTimers" AS o
info: Onion.CleanArchitecture.WebApp.Server.Services.MicroserviceLauncherHostedService[0]
      [OrderAcceptService]       WHERE o."TimerStatus" = 1 AND o."Timeout" <= @now
info: Onion.CleanArchitecture.WebApp.Server.Services.MicroserviceLauncherHostedService[0]
      [OrderAcceptService] info: Microsoft.EntityFrameworkCore.Database.Command[20101]
info: Onion.CleanArchitecture.WebApp.Server.Services.MicroserviceLauncherHostedService[0]
      [OrderAcceptService]       Executed DbCommand (1ms) [Parameters=[@now='?' (DbType = DateTime)], CommandType='Text', CommandTimeout='30']
info: Onion.CleanArchitecture.WebApp.Server.Services.MicroserviceLauncherHostedService[0]
      [OrderAcceptService]       SELECT o."Id", o."CreatedAt", o."CreatedBy", o."LastModifiedAt", o."LastModifiedBy", o."OrderId", o."Status", o."Timeout", o."TimerId", o."TimerStatus"
info: Onion.CleanArchitecture.WebApp.Server.Services.MicroserviceLauncherHostedService[0]
      [OrderAcceptService]       FROM "OrderTimers" AS o
info: Onion.CleanArchitecture.WebApp.Server.Services.MicroserviceLauncherHostedService[0]
      [OrderAcceptService]       WHERE o."TimerStatus" = 1 AND o."Timeout" <= @now
info: Onion.CleanArchitecture.WebApp.Server.Services.MicroserviceLauncherHostedService[0]
      [OrderAcceptService] info: Microsoft.EntityFrameworkCore.Database.Command[20101]
info: Onion.CleanArchitecture.WebApp.Server.Services.MicroserviceLauncherHostedService[0]
      [OrderAcceptService]       Executed DbCommand (1ms) [Parameters=[@now='?' (DbType = DateTime)], CommandType='Text', CommandTimeout='30']
info: Onion.CleanArchitecture.WebApp.Server.Services.MicroserviceLauncherHostedService[0]
      [OrderAcceptService]       SELECT o."Id", o."CreatedAt", o."CreatedBy", o."LastModifiedAt", o."LastModifiedBy", o."OrderId", o."Status", o."Timeout", o."TimerId", o."TimerStatus"
info: Onion.CleanArchitecture.WebApp.Server.Services.MicroserviceLauncherHostedService[0]
      [OrderAcceptService]       FROM "OrderTimers" AS o
info: Onion.CleanArchitecture.WebApp.Server.Services.MicroserviceLauncherHostedService[0]
      [OrderAcceptService]       WHERE o."TimerStatus" = 1 AND o."Timeout" <= @now
